SET session_replication_role = replica;

--
-- PostgreSQL database dump
--

-- \restrict 0M7blJWcrRPuBpQaXHJWJSnrsqMtOGRfbIRx93BLiDerieKw3cfbqjPl05I8LdE

-- Dumped from database version 17.4
-- Dumped by pg_dump version 17.6

SET statement_timeout = 0;
SET lock_timeout = 0;
SET idle_in_transaction_session_timeout = 0;
SET transaction_timeout = 0;
SET client_encoding = 'UTF8';
SET standard_conforming_strings = on;
SELECT pg_catalog.set_config('search_path', '', false);
SET check_function_bodies = false;
SET xmloption = content;
SET client_min_messages = warning;
SET row_security = off;

--
-- Data for Name: audit_log_entries; Type: TABLE DATA; Schema: auth; Owner: supabase_auth_admin
--

COPY "auth"."audit_log_entries" ("instance_id", "id", "payload", "created_at", "ip_address") FROM stdin;
00000000-0000-0000-0000-000000000000	6639ca98-18f4-4b82-9660-0db3e4564b2f	{"action":"user_signedup","actor_id":"00000000-0000-0000-0000-000000000000","actor_username":"service_role","actor_via_sso":false,"log_type":"team","traits":{"provider":"email","user_email":"ahsantariq.ar@gmail.com","user_id":"755c0f15-990a-4e0d-9a1d-03d5de1be7ed","user_phone":""}}	2025-09-25 01:41:16.906229+00	
00000000-0000-0000-0000-000000000000	81c4c527-5020-4ba9-9f7c-753555396dc4	{"action":"login","actor_id":"755c0f15-990a-4e0d-9a1d-03d5de1be7ed","actor_username":"ahsantariq.ar@gmail.com","actor_via_sso":false,"log_type":"account","traits":{"provider":"email"}}	2025-09-25 01:41:59.743833+00	
00000000-0000-0000-0000-000000000000	25d9cd1a-91bf-4ef1-b946-83556c8063ad	{"action":"logout","actor_id":"755c0f15-990a-4e0d-9a1d-03d5de1be7ed","actor_username":"ahsantariq.ar@gmail.com","actor_via_sso":false,"log_type":"account"}	2025-09-25 01:42:07.553318+00	
00000000-0000-0000-0000-000000000000	f5bca192-5d6d-4a11-a8d7-9a6c9502e570	{"action":"login","actor_id":"755c0f15-990a-4e0d-9a1d-03d5de1be7ed","actor_username":"ahsantariq.ar@gmail.com","actor_via_sso":false,"log_type":"account","traits":{"provider":"email"}}	2025-09-25 01:43:03.493059+00	
00000000-0000-0000-0000-000000000000	4caf52f1-1e5c-4579-9873-e6879abe810c	{"action":"login","actor_id":"755c0f15-990a-4e0d-9a1d-03d5de1be7ed","actor_username":"ahsantariq.ar@gmail.com","actor_via_sso":false,"log_type":"account","traits":{"provider":"email"}}	2025-09-25 01:44:35.085894+00	
00000000-0000-0000-0000-000000000000	e6d3ff50-af40-4596-b454-5faa65faccf4	{"action":"logout","actor_id":"755c0f15-990a-4e0d-9a1d-03d5de1be7ed","actor_username":"ahsantariq.ar@gmail.com","actor_via_sso":false,"log_type":"account"}	2025-09-25 01:47:14.828973+00	
00000000-0000-0000-0000-000000000000	28216de1-85b5-4b8e-970a-d34d89d68ad6	{"action":"login","actor_id":"755c0f15-990a-4e0d-9a1d-03d5de1be7ed","actor_username":"ahsantariq.ar@gmail.com","actor_via_sso":false,"log_type":"account","traits":{"provider":"email"}}	2025-09-25 01:51:04.441743+00	
00000000-0000-0000-0000-000000000000	c3b9510b-76c5-4c70-936a-03eb3da77afe	{"action":"login","actor_id":"755c0f15-990a-4e0d-9a1d-03d5de1be7ed","actor_username":"ahsantariq.ar@gmail.com","actor_via_sso":false,"log_type":"account","traits":{"provider":"email"}}	2025-09-25 01:58:09.613864+00	
00000000-0000-0000-0000-000000000000	40bacb1c-a6dd-49b0-a9ae-28b7449b48b6	{"action":"login","actor_id":"755c0f15-990a-4e0d-9a1d-03d5de1be7ed","actor_username":"ahsantariq.ar@gmail.com","actor_via_sso":false,"log_type":"account","traits":{"provider":"email"}}	2025-09-25 02:08:18.025506+00	
00000000-0000-0000-0000-000000000000	0c36c3c6-42c9-436d-9aba-65ecf17056aa	{"action":"login","actor_id":"755c0f15-990a-4e0d-9a1d-03d5de1be7ed","actor_username":"ahsantariq.ar@gmail.com","actor_via_sso":false,"log_type":"account","traits":{"provider":"email"}}	2025-09-25 02:16:04.455134+00	
00000000-0000-0000-0000-000000000000	54bb0edd-db50-4882-8137-502967a7d658	{"action":"login","actor_id":"755c0f15-990a-4e0d-9a1d-03d5de1be7ed","actor_username":"ahsantariq.ar@gmail.com","actor_via_sso":false,"log_type":"account","traits":{"provider":"email"}}	2025-09-25 02:36:52.158418+00	
00000000-0000-0000-0000-000000000000	0079fe6b-904f-4727-acce-27f521469219	{"action":"token_refreshed","actor_id":"755c0f15-990a-4e0d-9a1d-03d5de1be7ed","actor_username":"ahsantariq.ar@gmail.com","actor_via_sso":false,"log_type":"token"}	2025-09-25 03:26:42.947075+00	
00000000-0000-0000-0000-000000000000	714f44a6-a565-4e5a-968f-e80aa511943a	{"action":"token_revoked","actor_id":"755c0f15-990a-4e0d-9a1d-03d5de1be7ed","actor_username":"ahsantariq.ar@gmail.com","actor_via_sso":false,"log_type":"token"}	2025-09-25 03:26:42.954608+00	
00000000-0000-0000-0000-000000000000	a67f1e9c-61d5-4778-b7ab-0833d50ad9c9	{"action":"login","actor_id":"755c0f15-990a-4e0d-9a1d-03d5de1be7ed","actor_username":"ahsantariq.ar@gmail.com","actor_via_sso":false,"log_type":"account","traits":{"provider":"email"}}	2025-09-25 03:26:55.616994+00	
00000000-0000-0000-0000-000000000000	3d0bdabb-ad17-4ef7-833f-752859f5a355	{"action":"token_refreshed","actor_id":"755c0f15-990a-4e0d-9a1d-03d5de1be7ed","actor_username":"ahsantariq.ar@gmail.com","actor_via_sso":false,"log_type":"token"}	2025-09-25 03:34:26.689822+00	
00000000-0000-0000-0000-000000000000	269ba6d1-1bc9-4591-b757-4718534f7d66	{"action":"token_revoked","actor_id":"755c0f15-990a-4e0d-9a1d-03d5de1be7ed","actor_username":"ahsantariq.ar@gmail.com","actor_via_sso":false,"log_type":"token"}	2025-09-25 03:34:26.698337+00	
00000000-0000-0000-0000-000000000000	1c2a6590-1e57-4ad5-8b73-c88650f2f3e4	{"action":"login","actor_id":"755c0f15-990a-4e0d-9a1d-03d5de1be7ed","actor_username":"ahsantariq.ar@gmail.com","actor_via_sso":false,"log_type":"account","traits":{"provider":"email"}}	2025-09-25 03:34:58.717892+00	
00000000-0000-0000-0000-000000000000	4e9c1971-46c2-4e99-ad64-7e722cf88066	{"action":"login","actor_id":"755c0f15-990a-4e0d-9a1d-03d5de1be7ed","actor_username":"ahsantariq.ar@gmail.com","actor_via_sso":false,"log_type":"account","traits":{"provider":"email"}}	2025-09-25 03:47:23.767634+00	
00000000-0000-0000-0000-000000000000	676a9140-2adb-4c8d-9f78-f052ec671e95	{"action":"login","actor_id":"755c0f15-990a-4e0d-9a1d-03d5de1be7ed","actor_username":"ahsantariq.ar@gmail.com","actor_via_sso":false,"log_type":"account","traits":{"provider":"email"}}	2025-09-25 03:48:48.039906+00	
00000000-0000-0000-0000-000000000000	b6e91870-2e5f-4d13-9226-1d490b2e16d2	{"action":"login","actor_id":"755c0f15-990a-4e0d-9a1d-03d5de1be7ed","actor_username":"ahsantariq.ar@gmail.com","actor_via_sso":false,"log_type":"account","traits":{"provider":"email"}}	2025-09-25 03:57:26.44368+00	
00000000-0000-0000-0000-000000000000	c91f0512-93cd-4700-8d5f-665cd721c22e	{"action":"login","actor_id":"755c0f15-990a-4e0d-9a1d-03d5de1be7ed","actor_username":"ahsantariq.ar@gmail.com","actor_via_sso":false,"log_type":"account","traits":{"provider":"email"}}	2025-09-25 04:02:17.931831+00	
00000000-0000-0000-0000-000000000000	c30233b6-6417-44c7-9f98-c80393d50ffe	{"action":"login","actor_id":"755c0f15-990a-4e0d-9a1d-03d5de1be7ed","actor_username":"ahsantariq.ar@gmail.com","actor_via_sso":false,"log_type":"account","traits":{"provider":"email"}}	2025-09-25 04:03:03.123171+00	
00000000-0000-0000-0000-000000000000	6f6d1ca1-1fb1-49a1-a4e8-b80ff9aabba5	{"action":"login","actor_id":"755c0f15-990a-4e0d-9a1d-03d5de1be7ed","actor_username":"ahsantariq.ar@gmail.com","actor_via_sso":false,"log_type":"account","traits":{"provider":"email"}}	2025-09-25 04:04:54.161976+00	
00000000-0000-0000-0000-000000000000	afbcc380-b290-4b66-917c-cada1009b832	{"action":"login","actor_id":"755c0f15-990a-4e0d-9a1d-03d5de1be7ed","actor_username":"ahsantariq.ar@gmail.com","actor_via_sso":false,"log_type":"account","traits":{"provider":"email"}}	2025-09-25 04:07:18.691184+00	
00000000-0000-0000-0000-000000000000	7c4907de-1036-45ba-b028-503dd51139ed	{"action":"login","actor_id":"755c0f15-990a-4e0d-9a1d-03d5de1be7ed","actor_username":"ahsantariq.ar@gmail.com","actor_via_sso":false,"log_type":"account","traits":{"provider":"email"}}	2025-09-25 04:09:24.904889+00	
00000000-0000-0000-0000-000000000000	b4230743-f1a3-4336-a787-501587ac3cb4	{"action":"login","actor_id":"755c0f15-990a-4e0d-9a1d-03d5de1be7ed","actor_username":"ahsantariq.ar@gmail.com","actor_via_sso":false,"log_type":"account","traits":{"provider":"email"}}	2025-09-25 04:13:46.55946+00	
00000000-0000-0000-0000-000000000000	507a4352-d915-4828-a4dd-6ea043c205cd	{"action":"login","actor_id":"755c0f15-990a-4e0d-9a1d-03d5de1be7ed","actor_username":"ahsantariq.ar@gmail.com","actor_via_sso":false,"log_type":"account","traits":{"provider":"email"}}	2025-09-25 04:13:59.294019+00	
00000000-0000-0000-0000-000000000000	e7bfb878-4c0b-4b19-903e-7fd2a47ee9a5	{"action":"login","actor_id":"755c0f15-990a-4e0d-9a1d-03d5de1be7ed","actor_username":"ahsantariq.ar@gmail.com","actor_via_sso":false,"log_type":"account","traits":{"provider":"email"}}	2025-09-25 04:20:45.857954+00	
00000000-0000-0000-0000-000000000000	d69761c2-291a-447f-8550-f6cf4d3b6455	{"action":"login","actor_id":"755c0f15-990a-4e0d-9a1d-03d5de1be7ed","actor_username":"ahsantariq.ar@gmail.com","actor_via_sso":false,"log_type":"account","traits":{"provider":"email"}}	2025-09-25 04:41:58.057731+00	
00000000-0000-0000-0000-000000000000	3dfb0805-ecb6-4e8e-bed9-a77c97f27954	{"action":"login","actor_id":"755c0f15-990a-4e0d-9a1d-03d5de1be7ed","actor_username":"ahsantariq.ar@gmail.com","actor_via_sso":false,"log_type":"account","traits":{"provider":"email"}}	2025-09-25 04:44:20.841529+00	
00000000-0000-0000-0000-000000000000	5c07e316-e4be-4675-8f24-547a49e41ed9	{"action":"token_refreshed","actor_id":"755c0f15-990a-4e0d-9a1d-03d5de1be7ed","actor_username":"ahsantariq.ar@gmail.com","actor_via_sso":false,"log_type":"token"}	2025-09-25 08:27:51.508812+00	
00000000-0000-0000-0000-000000000000	3f4ce39b-cbca-4c1c-99f2-c0c26d44c57a	{"action":"token_revoked","actor_id":"755c0f15-990a-4e0d-9a1d-03d5de1be7ed","actor_username":"ahsantariq.ar@gmail.com","actor_via_sso":false,"log_type":"token"}	2025-09-25 08:27:51.532995+00	
00000000-0000-0000-0000-000000000000	b3cec19d-7bb7-4a7e-bd32-3555279b1ee3	{"action":"login","actor_id":"755c0f15-990a-4e0d-9a1d-03d5de1be7ed","actor_username":"ahsantariq.ar@gmail.com","actor_via_sso":false,"log_type":"account","traits":{"provider":"email"}}	2025-09-25 08:55:40.673452+00	
00000000-0000-0000-0000-000000000000	f4f49350-7bed-44d5-a6de-4b56e0458211	{"action":"login","actor_id":"755c0f15-990a-4e0d-9a1d-03d5de1be7ed","actor_username":"ahsantariq.ar@gmail.com","actor_via_sso":false,"log_type":"account","traits":{"provider":"email"}}	2025-09-25 09:11:20.031278+00	
00000000-0000-0000-0000-000000000000	7527335e-f837-4683-96a6-38f062617307	{"action":"login","actor_id":"755c0f15-990a-4e0d-9a1d-03d5de1be7ed","actor_username":"ahsantariq.ar@gmail.com","actor_via_sso":false,"log_type":"account","traits":{"provider":"email"}}	2025-09-25 09:24:27.393176+00	
00000000-0000-0000-0000-000000000000	0f8ee7eb-3506-42de-8e1e-c040304ee542	{"action":"login","actor_id":"755c0f15-990a-4e0d-9a1d-03d5de1be7ed","actor_username":"ahsantariq.ar@gmail.com","actor_via_sso":false,"log_type":"account","traits":{"provider":"email"}}	2025-09-25 09:25:08.184781+00	
00000000-0000-0000-0000-000000000000	3a1fe026-bbd5-4a09-bfec-7de648b4fbb8	{"action":"login","actor_id":"755c0f15-990a-4e0d-9a1d-03d5de1be7ed","actor_username":"ahsantariq.ar@gmail.com","actor_via_sso":false,"log_type":"account","traits":{"provider":"email"}}	2025-09-25 09:39:12.746416+00	
00000000-0000-0000-0000-000000000000	9009e97e-d5f6-4fd7-8d16-e3223d5cc853	{"action":"login","actor_id":"755c0f15-990a-4e0d-9a1d-03d5de1be7ed","actor_username":"ahsantariq.ar@gmail.com","actor_via_sso":false,"log_type":"account","traits":{"provider":"email"}}	2025-09-25 09:57:27.7525+00	
00000000-0000-0000-0000-000000000000	fc371024-51b9-41da-8425-a9c548c0aae2	{"action":"login","actor_id":"755c0f15-990a-4e0d-9a1d-03d5de1be7ed","actor_username":"ahsantariq.ar@gmail.com","actor_via_sso":false,"log_type":"account","traits":{"provider":"email"}}	2025-09-25 10:15:17.964457+00	
00000000-0000-0000-0000-000000000000	a275c3a9-4a30-4a1b-9cc9-06d7e4b272d4	{"action":"login","actor_id":"755c0f15-990a-4e0d-9a1d-03d5de1be7ed","actor_username":"ahsantariq.ar@gmail.com","actor_via_sso":false,"log_type":"account","traits":{"provider":"email"}}	2025-09-25 10:20:08.403427+00	
00000000-0000-0000-0000-000000000000	aadddf3a-b868-4e4c-a1b8-0949383d9cc7	{"action":"login","actor_id":"755c0f15-990a-4e0d-9a1d-03d5de1be7ed","actor_username":"ahsantariq.ar@gmail.com","actor_via_sso":false,"log_type":"account","traits":{"provider":"email"}}	2025-09-25 10:30:57.350255+00	
00000000-0000-0000-0000-000000000000	59493990-fffb-4762-98bc-dc313baa95f6	{"action":"token_refreshed","actor_id":"755c0f15-990a-4e0d-9a1d-03d5de1be7ed","actor_username":"ahsantariq.ar@gmail.com","actor_via_sso":false,"log_type":"token"}	2025-09-25 11:36:30.811758+00	
00000000-0000-0000-0000-000000000000	2da83c90-7c3e-439c-bf7a-9695be63b8ff	{"action":"token_revoked","actor_id":"755c0f15-990a-4e0d-9a1d-03d5de1be7ed","actor_username":"ahsantariq.ar@gmail.com","actor_via_sso":false,"log_type":"token"}	2025-09-25 11:36:30.820299+00	
00000000-0000-0000-0000-000000000000	7d501bbf-7702-4bd3-a0b3-e217d4087037	{"action":"token_refreshed","actor_id":"755c0f15-990a-4e0d-9a1d-03d5de1be7ed","actor_username":"ahsantariq.ar@gmail.com","actor_via_sso":false,"log_type":"token"}	2025-09-25 11:47:47.381946+00	
00000000-0000-0000-0000-000000000000	11e0fac0-3578-463f-b088-4705bcfe556a	{"action":"token_revoked","actor_id":"755c0f15-990a-4e0d-9a1d-03d5de1be7ed","actor_username":"ahsantariq.ar@gmail.com","actor_via_sso":false,"log_type":"token"}	2025-09-25 11:47:47.38795+00	
00000000-0000-0000-0000-000000000000	c13f9aef-b119-483c-b65e-4afa3ad29f7a	{"action":"login","actor_id":"755c0f15-990a-4e0d-9a1d-03d5de1be7ed","actor_username":"ahsantariq.ar@gmail.com","actor_via_sso":false,"log_type":"account","traits":{"provider":"email"}}	2025-09-25 12:22:32.554769+00	
00000000-0000-0000-0000-000000000000	e287f7dd-c37f-4d01-9620-bdf63f4943bf	{"action":"logout","actor_id":"755c0f15-990a-4e0d-9a1d-03d5de1be7ed","actor_username":"ahsantariq.ar@gmail.com","actor_via_sso":false,"log_type":"account"}	2025-09-25 12:25:33.559121+00	
00000000-0000-0000-0000-000000000000	a60c6981-e338-4f0e-92b3-1b78ca40873d	{"action":"login","actor_id":"755c0f15-990a-4e0d-9a1d-03d5de1be7ed","actor_username":"ahsantariq.ar@gmail.com","actor_via_sso":false,"log_type":"account","traits":{"provider":"email"}}	2025-09-25 12:56:56.678392+00	
00000000-0000-0000-0000-000000000000	07df6c78-16b6-481f-9ba0-76c342e31a84	{"action":"login","actor_id":"755c0f15-990a-4e0d-9a1d-03d5de1be7ed","actor_username":"ahsantariq.ar@gmail.com","actor_via_sso":false,"log_type":"account","traits":{"provider":"email"}}	2025-09-25 13:01:27.429975+00	
00000000-0000-0000-0000-000000000000	db7b9ea4-d911-4b24-afb5-702d6189e7c3	{"action":"logout","actor_id":"755c0f15-990a-4e0d-9a1d-03d5de1be7ed","actor_username":"ahsantariq.ar@gmail.com","actor_via_sso":false,"log_type":"account"}	2025-09-25 13:42:55.820147+00	
00000000-0000-0000-0000-000000000000	afc5223d-1d85-460d-9f7d-71d099aa88a7	{"action":"login","actor_id":"755c0f15-990a-4e0d-9a1d-03d5de1be7ed","actor_username":"ahsantariq.ar@gmail.com","actor_via_sso":false,"log_type":"account","traits":{"provider":"email"}}	2025-09-25 13:43:08.10261+00	
00000000-0000-0000-0000-000000000000	23467978-46cb-4cac-aea9-2b3b5533aae7	{"action":"token_refreshed","actor_id":"755c0f15-990a-4e0d-9a1d-03d5de1be7ed","actor_username":"ahsantariq.ar@gmail.com","actor_via_sso":false,"log_type":"token"}	2025-09-25 15:33:54.205287+00	
00000000-0000-0000-0000-000000000000	58ea4f12-7a23-42ce-bb45-b1a14452cfd9	{"action":"token_revoked","actor_id":"755c0f15-990a-4e0d-9a1d-03d5de1be7ed","actor_username":"ahsantariq.ar@gmail.com","actor_via_sso":false,"log_type":"token"}	2025-09-25 15:33:54.21535+00	
00000000-0000-0000-0000-000000000000	6d1ad65b-e37f-4aab-94b7-b92d7997225a	{"action":"logout","actor_id":"755c0f15-990a-4e0d-9a1d-03d5de1be7ed","actor_username":"ahsantariq.ar@gmail.com","actor_via_sso":false,"log_type":"account"}	2025-09-25 15:34:21.954949+00	
00000000-0000-0000-0000-000000000000	32ba9edc-c870-49ae-aadf-ca5646826bc0	{"action":"login","actor_id":"755c0f15-990a-4e0d-9a1d-03d5de1be7ed","actor_username":"ahsantariq.ar@gmail.com","actor_via_sso":false,"log_type":"account","traits":{"provider":"email"}}	2025-09-25 15:35:07.403691+00	
00000000-0000-0000-0000-000000000000	b3f09b7b-db86-4330-b3a4-506f11cfc779	{"action":"logout","actor_id":"755c0f15-990a-4e0d-9a1d-03d5de1be7ed","actor_username":"ahsantariq.ar@gmail.com","actor_via_sso":false,"log_type":"account"}	2025-09-25 15:37:45.474163+00	
00000000-0000-0000-0000-000000000000	2a479e44-3241-490f-98f3-b4ac9badf03e	{"action":"login","actor_id":"755c0f15-990a-4e0d-9a1d-03d5de1be7ed","actor_username":"ahsantariq.ar@gmail.com","actor_via_sso":false,"log_type":"account","traits":{"provider":"email"}}	2025-09-25 15:39:51.782495+00	
00000000-0000-0000-0000-000000000000	ae6a2973-dd0e-472b-b7df-760a20aa19fb	{"action":"token_refreshed","actor_id":"755c0f15-990a-4e0d-9a1d-03d5de1be7ed","actor_username":"ahsantariq.ar@gmail.com","actor_via_sso":false,"log_type":"token"}	2025-09-25 18:38:02.385704+00	
00000000-0000-0000-0000-000000000000	35e88e7d-2844-4b77-b48c-7529d63e4ebd	{"action":"token_revoked","actor_id":"755c0f15-990a-4e0d-9a1d-03d5de1be7ed","actor_username":"ahsantariq.ar@gmail.com","actor_via_sso":false,"log_type":"token"}	2025-09-25 18:38:02.392838+00	
00000000-0000-0000-0000-000000000000	a23eeaba-0264-4a00-89f1-82a0b22722e3	{"action":"login","actor_id":"755c0f15-990a-4e0d-9a1d-03d5de1be7ed","actor_username":"ahsantariq.ar@gmail.com","actor_via_sso":false,"log_type":"account","traits":{"provider":"email"}}	2025-09-27 20:52:24.443815+00	
00000000-0000-0000-0000-000000000000	9cec7327-9b31-4039-908c-18f2e773553a	{"action":"logout","actor_id":"755c0f15-990a-4e0d-9a1d-03d5de1be7ed","actor_username":"ahsantariq.ar@gmail.com","actor_via_sso":false,"log_type":"account"}	2025-09-27 20:55:01.422447+00	
00000000-0000-0000-0000-000000000000	d24ebf2a-7679-4f3f-9920-46212a0d86e8	{"action":"token_refreshed","actor_id":"755c0f15-990a-4e0d-9a1d-03d5de1be7ed","actor_username":"ahsantariq.ar@gmail.com","actor_via_sso":false,"log_type":"token"}	2025-10-02 22:36:19.453198+00	
00000000-0000-0000-0000-000000000000	92ced672-4750-4131-a5c0-f4acffa3613f	{"action":"login","actor_id":"755c0f15-990a-4e0d-9a1d-03d5de1be7ed","actor_username":"ahsantariq.ar@gmail.com","actor_via_sso":false,"log_type":"account","traits":{"provider":"email"}}	2025-09-27 20:55:59.256282+00	
00000000-0000-0000-0000-000000000000	c101a4fd-5499-4acb-be07-82d11d9bd535	{"action":"login","actor_id":"755c0f15-990a-4e0d-9a1d-03d5de1be7ed","actor_username":"ahsantariq.ar@gmail.com","actor_via_sso":false,"log_type":"account","traits":{"provider":"email"}}	2025-09-27 21:02:55.736302+00	
00000000-0000-0000-0000-000000000000	a82a0029-39c9-4862-b863-e73204567381	{"action":"login","actor_id":"755c0f15-990a-4e0d-9a1d-03d5de1be7ed","actor_username":"ahsantariq.ar@gmail.com","actor_via_sso":false,"log_type":"account","traits":{"provider":"email"}}	2025-09-27 21:14:42.039072+00	
00000000-0000-0000-0000-000000000000	fe4682ac-0288-45a2-ab8b-925b0a612e33	{"action":"logout","actor_id":"755c0f15-990a-4e0d-9a1d-03d5de1be7ed","actor_username":"ahsantariq.ar@gmail.com","actor_via_sso":false,"log_type":"account"}	2025-09-27 21:17:55.202902+00	
00000000-0000-0000-0000-000000000000	06a7a319-2462-467d-8f72-050fe5400037	{"action":"login","actor_id":"755c0f15-990a-4e0d-9a1d-03d5de1be7ed","actor_username":"ahsantariq.ar@gmail.com","actor_via_sso":false,"log_type":"account","traits":{"provider":"email"}}	2025-09-28 08:53:45.278114+00	
00000000-0000-0000-0000-000000000000	fcd4dfca-b85c-4079-9252-a6bd6882d219	{"action":"login","actor_id":"755c0f15-990a-4e0d-9a1d-03d5de1be7ed","actor_username":"ahsantariq.ar@gmail.com","actor_via_sso":false,"log_type":"account","traits":{"provider":"email"}}	2025-09-30 01:55:05.942251+00	
00000000-0000-0000-0000-000000000000	28e38ab7-4a9d-41ab-9b3a-60758a9033d7	{"action":"token_refreshed","actor_id":"755c0f15-990a-4e0d-9a1d-03d5de1be7ed","actor_username":"ahsantariq.ar@gmail.com","actor_via_sso":false,"log_type":"token"}	2025-09-30 11:27:54.926502+00	
00000000-0000-0000-0000-000000000000	37e175a1-1dd0-4202-8e18-a3baacfbe410	{"action":"token_revoked","actor_id":"755c0f15-990a-4e0d-9a1d-03d5de1be7ed","actor_username":"ahsantariq.ar@gmail.com","actor_via_sso":false,"log_type":"token"}	2025-09-30 11:27:54.950914+00	
00000000-0000-0000-0000-000000000000	64f7e7ee-091e-4e18-bd03-fbd50a307501	{"action":"token_refreshed","actor_id":"755c0f15-990a-4e0d-9a1d-03d5de1be7ed","actor_username":"ahsantariq.ar@gmail.com","actor_via_sso":false,"log_type":"token"}	2025-09-30 12:41:47.734729+00	
00000000-0000-0000-0000-000000000000	7b30dbfb-0c44-4cba-bebd-282e49dfc470	{"action":"token_revoked","actor_id":"755c0f15-990a-4e0d-9a1d-03d5de1be7ed","actor_username":"ahsantariq.ar@gmail.com","actor_via_sso":false,"log_type":"token"}	2025-09-30 12:41:47.744027+00	
00000000-0000-0000-0000-000000000000	ca00d3e6-fdae-4a77-8757-8032500c2c0e	{"action":"token_refreshed","actor_id":"755c0f15-990a-4e0d-9a1d-03d5de1be7ed","actor_username":"ahsantariq.ar@gmail.com","actor_via_sso":false,"log_type":"token"}	2025-10-01 14:17:59.875083+00	
00000000-0000-0000-0000-000000000000	c0543b2f-ebb6-49ae-8662-fd9928d3e280	{"action":"token_revoked","actor_id":"755c0f15-990a-4e0d-9a1d-03d5de1be7ed","actor_username":"ahsantariq.ar@gmail.com","actor_via_sso":false,"log_type":"token"}	2025-10-01 14:17:59.89972+00	
00000000-0000-0000-0000-000000000000	145d7ce6-36b1-4f11-9290-982710ca4f74	{"action":"token_refreshed","actor_id":"755c0f15-990a-4e0d-9a1d-03d5de1be7ed","actor_username":"ahsantariq.ar@gmail.com","actor_via_sso":false,"log_type":"token"}	2025-10-02 01:55:28.870217+00	
00000000-0000-0000-0000-000000000000	34736f43-1106-4ae3-9b00-764a849b6173	{"action":"token_refreshed","actor_id":"755c0f15-990a-4e0d-9a1d-03d5de1be7ed","actor_username":"ahsantariq.ar@gmail.com","actor_via_sso":false,"log_type":"token"}	2025-10-02 03:39:13.008637+00	
00000000-0000-0000-0000-000000000000	1e949a22-d25b-4a9e-9d28-eafd5f138848	{"action":"token_revoked","actor_id":"755c0f15-990a-4e0d-9a1d-03d5de1be7ed","actor_username":"ahsantariq.ar@gmail.com","actor_via_sso":false,"log_type":"token"}	2025-10-02 03:39:13.029631+00	
00000000-0000-0000-0000-000000000000	b0ccd227-8b62-4e70-bc92-26b230556257	{"action":"login","actor_id":"755c0f15-990a-4e0d-9a1d-03d5de1be7ed","actor_username":"ahsantariq.ar@gmail.com","actor_via_sso":false,"log_type":"account","traits":{"provider":"email"}}	2025-10-02 04:03:47.236318+00	
00000000-0000-0000-0000-000000000000	206ee89a-d35a-4077-aee1-5d954673fb0f	{"action":"token_refreshed","actor_id":"755c0f15-990a-4e0d-9a1d-03d5de1be7ed","actor_username":"ahsantariq.ar@gmail.com","actor_via_sso":false,"log_type":"token"}	2025-10-02 04:59:37.998616+00	
00000000-0000-0000-0000-000000000000	d1cebbc9-f5dc-44d4-8745-bcebc76f0707	{"action":"token_revoked","actor_id":"755c0f15-990a-4e0d-9a1d-03d5de1be7ed","actor_username":"ahsantariq.ar@gmail.com","actor_via_sso":false,"log_type":"token"}	2025-10-02 04:59:38.012278+00	
00000000-0000-0000-0000-000000000000	6b1b2c98-671f-43f8-8914-ee10b2d012c2	{"action":"token_refreshed","actor_id":"755c0f15-990a-4e0d-9a1d-03d5de1be7ed","actor_username":"ahsantariq.ar@gmail.com","actor_via_sso":false,"log_type":"token"}	2025-10-02 04:59:46.783042+00	
00000000-0000-0000-0000-000000000000	a196684c-48b6-4e09-8eca-5d169da03bcb	{"action":"login","actor_id":"755c0f15-990a-4e0d-9a1d-03d5de1be7ed","actor_username":"ahsantariq.ar@gmail.com","actor_via_sso":false,"log_type":"account","traits":{"provider":"email"}}	2025-10-02 14:06:04.814193+00	
00000000-0000-0000-0000-000000000000	c554c81a-ba6f-4733-990f-8c63cf7cc7ea	{"action":"login","actor_id":"755c0f15-990a-4e0d-9a1d-03d5de1be7ed","actor_username":"ahsantariq.ar@gmail.com","actor_via_sso":false,"log_type":"account","traits":{"provider":"email"}}	2025-10-02 14:26:12.393371+00	
00000000-0000-0000-0000-000000000000	754bbef7-67e0-473e-9bb8-cbd7c274077e	{"action":"token_refreshed","actor_id":"755c0f15-990a-4e0d-9a1d-03d5de1be7ed","actor_username":"ahsantariq.ar@gmail.com","actor_via_sso":false,"log_type":"token"}	2025-10-02 15:35:50.129192+00	
00000000-0000-0000-0000-000000000000	64c15548-296a-4bdc-8b9b-04421b9ea872	{"action":"token_revoked","actor_id":"755c0f15-990a-4e0d-9a1d-03d5de1be7ed","actor_username":"ahsantariq.ar@gmail.com","actor_via_sso":false,"log_type":"token"}	2025-10-02 15:35:50.147716+00	
00000000-0000-0000-0000-000000000000	9f1e8c54-dade-48af-a1d8-c0f2214f797a	{"action":"token_refreshed","actor_id":"755c0f15-990a-4e0d-9a1d-03d5de1be7ed","actor_username":"ahsantariq.ar@gmail.com","actor_via_sso":false,"log_type":"token"}	2025-10-02 16:34:20.936346+00	
00000000-0000-0000-0000-000000000000	3913d611-e833-4efa-8926-cab864c281c8	{"action":"token_revoked","actor_id":"755c0f15-990a-4e0d-9a1d-03d5de1be7ed","actor_username":"ahsantariq.ar@gmail.com","actor_via_sso":false,"log_type":"token"}	2025-10-02 16:34:20.956648+00	
00000000-0000-0000-0000-000000000000	078bc60d-5ab2-4dd3-a97c-f73d81ca83e9	{"action":"token_refreshed","actor_id":"755c0f15-990a-4e0d-9a1d-03d5de1be7ed","actor_username":"ahsantariq.ar@gmail.com","actor_via_sso":false,"log_type":"token"}	2025-10-02 17:57:27.960868+00	
00000000-0000-0000-0000-000000000000	1fe3a2ac-0aae-41ca-935e-6bb593f6de2e	{"action":"token_revoked","actor_id":"755c0f15-990a-4e0d-9a1d-03d5de1be7ed","actor_username":"ahsantariq.ar@gmail.com","actor_via_sso":false,"log_type":"token"}	2025-10-02 17:57:27.977164+00	
00000000-0000-0000-0000-000000000000	d8d794b1-4bee-4a0c-ac29-3b2f1a18995d	{"action":"token_refreshed","actor_id":"755c0f15-990a-4e0d-9a1d-03d5de1be7ed","actor_username":"ahsantariq.ar@gmail.com","actor_via_sso":false,"log_type":"token"}	2025-10-02 21:20:59.830249+00	
00000000-0000-0000-0000-000000000000	1e8a7578-0d76-47ad-8c4a-2eb66adac0a5	{"action":"token_revoked","actor_id":"755c0f15-990a-4e0d-9a1d-03d5de1be7ed","actor_username":"ahsantariq.ar@gmail.com","actor_via_sso":false,"log_type":"token"}	2025-10-02 21:20:59.842461+00	
00000000-0000-0000-0000-000000000000	3731157b-b9c2-4352-8eb8-7982f01e2ed0	{"action":"token_refreshed","actor_id":"755c0f15-990a-4e0d-9a1d-03d5de1be7ed","actor_username":"ahsantariq.ar@gmail.com","actor_via_sso":false,"log_type":"token"}	2025-10-02 21:27:52.86639+00	
00000000-0000-0000-0000-000000000000	48161b9d-55f6-4511-a60b-24e6612f2592	{"action":"token_revoked","actor_id":"755c0f15-990a-4e0d-9a1d-03d5de1be7ed","actor_username":"ahsantariq.ar@gmail.com","actor_via_sso":false,"log_type":"token"}	2025-10-02 21:27:52.867488+00	
00000000-0000-0000-0000-000000000000	b95e0a19-2a69-406e-8a33-798693f5516e	{"action":"login","actor_id":"755c0f15-990a-4e0d-9a1d-03d5de1be7ed","actor_username":"ahsantariq.ar@gmail.com","actor_via_sso":false,"log_type":"account","traits":{"provider":"email"}}	2025-10-02 21:32:42.149821+00	
00000000-0000-0000-0000-000000000000	be551309-3ae1-4318-bdf6-dd5d540579f0	{"action":"token_revoked","actor_id":"755c0f15-990a-4e0d-9a1d-03d5de1be7ed","actor_username":"ahsantariq.ar@gmail.com","actor_via_sso":false,"log_type":"token"}	2025-10-02 22:36:19.466735+00	
00000000-0000-0000-0000-000000000000	c210d2f8-5059-4b39-b4bf-27e42b2e33f7	{"action":"token_refreshed","actor_id":"755c0f15-990a-4e0d-9a1d-03d5de1be7ed","actor_username":"ahsantariq.ar@gmail.com","actor_via_sso":false,"log_type":"token"}	2025-10-03 09:18:46.873418+00	
00000000-0000-0000-0000-000000000000	324381fe-efd1-47f5-9eed-0023e0150d65	{"action":"token_revoked","actor_id":"755c0f15-990a-4e0d-9a1d-03d5de1be7ed","actor_username":"ahsantariq.ar@gmail.com","actor_via_sso":false,"log_type":"token"}	2025-10-03 09:18:47.085037+00	
00000000-0000-0000-0000-000000000000	3c13b6c7-7c27-4a21-a25d-d3a3db417445	{"action":"token_refreshed","actor_id":"755c0f15-990a-4e0d-9a1d-03d5de1be7ed","actor_username":"ahsantariq.ar@gmail.com","actor_via_sso":false,"log_type":"token"}	2025-10-03 10:33:57.100043+00	
00000000-0000-0000-0000-000000000000	eea67130-919c-4663-ac80-673a16fbee6b	{"action":"token_revoked","actor_id":"755c0f15-990a-4e0d-9a1d-03d5de1be7ed","actor_username":"ahsantariq.ar@gmail.com","actor_via_sso":false,"log_type":"token"}	2025-10-03 10:33:57.120695+00	
00000000-0000-0000-0000-000000000000	22660fa6-bab9-4c1f-a9df-388b2cef6654	{"action":"token_refreshed","actor_id":"755c0f15-990a-4e0d-9a1d-03d5de1be7ed","actor_username":"ahsantariq.ar@gmail.com","actor_via_sso":false,"log_type":"token"}	2025-10-03 13:33:03.419943+00	
00000000-0000-0000-0000-000000000000	f04b76a2-8362-4405-853b-e905d207c3db	{"action":"token_revoked","actor_id":"755c0f15-990a-4e0d-9a1d-03d5de1be7ed","actor_username":"ahsantariq.ar@gmail.com","actor_via_sso":false,"log_type":"token"}	2025-10-03 13:33:03.438893+00	
00000000-0000-0000-0000-000000000000	5f29486a-093b-40aa-960a-28c7433326cd	{"action":"token_refreshed","actor_id":"755c0f15-990a-4e0d-9a1d-03d5de1be7ed","actor_username":"ahsantariq.ar@gmail.com","actor_via_sso":false,"log_type":"token"}	2025-10-04 11:07:07.533641+00	
00000000-0000-0000-0000-000000000000	757fbb8f-edff-4580-ba33-d6303b679cb8	{"action":"token_revoked","actor_id":"755c0f15-990a-4e0d-9a1d-03d5de1be7ed","actor_username":"ahsantariq.ar@gmail.com","actor_via_sso":false,"log_type":"token"}	2025-10-04 11:07:07.555981+00	
00000000-0000-0000-0000-000000000000	02475447-8d13-4acf-8a78-6a4d10dab21f	{"action":"token_refreshed","actor_id":"755c0f15-990a-4e0d-9a1d-03d5de1be7ed","actor_username":"ahsantariq.ar@gmail.com","actor_via_sso":false,"log_type":"token"}	2025-10-04 20:35:07.094491+00	
00000000-0000-0000-0000-000000000000	eca7ce7f-20c4-4f03-b8d9-16695cc9c455	{"action":"token_revoked","actor_id":"755c0f15-990a-4e0d-9a1d-03d5de1be7ed","actor_username":"ahsantariq.ar@gmail.com","actor_via_sso":false,"log_type":"token"}	2025-10-04 20:35:07.118345+00	
00000000-0000-0000-0000-000000000000	92852f66-6cac-4127-ab80-10a85f8d3226	{"action":"token_refreshed","actor_id":"755c0f15-990a-4e0d-9a1d-03d5de1be7ed","actor_username":"ahsantariq.ar@gmail.com","actor_via_sso":false,"log_type":"token"}	2025-10-06 02:04:33.349248+00	
00000000-0000-0000-0000-000000000000	acb40991-4751-444d-bb78-8c0c314c3c86	{"action":"token_revoked","actor_id":"755c0f15-990a-4e0d-9a1d-03d5de1be7ed","actor_username":"ahsantariq.ar@gmail.com","actor_via_sso":false,"log_type":"token"}	2025-10-06 02:04:33.368965+00	
00000000-0000-0000-0000-000000000000	133297c5-df94-4d47-a663-ddd95166a894	{"action":"token_refreshed","actor_id":"755c0f15-990a-4e0d-9a1d-03d5de1be7ed","actor_username":"ahsantariq.ar@gmail.com","actor_via_sso":false,"log_type":"token"}	2025-10-06 02:11:37.005182+00	
00000000-0000-0000-0000-000000000000	15882b39-65bb-4e52-a5a6-e1c9afe2ce3b	{"action":"token_revoked","actor_id":"755c0f15-990a-4e0d-9a1d-03d5de1be7ed","actor_username":"ahsantariq.ar@gmail.com","actor_via_sso":false,"log_type":"token"}	2025-10-06 02:11:37.009734+00	
00000000-0000-0000-0000-000000000000	feee8634-a73c-496e-b9fc-9f2f2068c9b6	{"action":"token_refreshed","actor_id":"755c0f15-990a-4e0d-9a1d-03d5de1be7ed","actor_username":"ahsantariq.ar@gmail.com","actor_via_sso":false,"log_type":"token"}	2025-10-06 03:10:07.928179+00	
00000000-0000-0000-0000-000000000000	c7fe9974-d3a2-4e25-bff3-dfcf5925170c	{"action":"token_revoked","actor_id":"755c0f15-990a-4e0d-9a1d-03d5de1be7ed","actor_username":"ahsantariq.ar@gmail.com","actor_via_sso":false,"log_type":"token"}	2025-10-06 03:10:07.947981+00	
00000000-0000-0000-0000-000000000000	dc097ebd-d2fe-4f52-98de-12d1e3625d02	{"action":"token_refreshed","actor_id":"755c0f15-990a-4e0d-9a1d-03d5de1be7ed","actor_username":"ahsantariq.ar@gmail.com","actor_via_sso":false,"log_type":"token"}	2025-10-06 04:08:37.851852+00	
00000000-0000-0000-0000-000000000000	b4cffc3d-7a1c-4bc0-a11e-d72190ad6256	{"action":"token_revoked","actor_id":"755c0f15-990a-4e0d-9a1d-03d5de1be7ed","actor_username":"ahsantariq.ar@gmail.com","actor_via_sso":false,"log_type":"token"}	2025-10-06 04:08:37.864906+00	
00000000-0000-0000-0000-000000000000	97a8d282-e086-42a6-a5f9-9469baac21ad	{"action":"token_refreshed","actor_id":"755c0f15-990a-4e0d-9a1d-03d5de1be7ed","actor_username":"ahsantariq.ar@gmail.com","actor_via_sso":false,"log_type":"token"}	2025-10-06 04:44:02.798202+00	
00000000-0000-0000-0000-000000000000	3c342f48-cc90-4cf7-be95-f2dcc4c4b060	{"action":"token_revoked","actor_id":"755c0f15-990a-4e0d-9a1d-03d5de1be7ed","actor_username":"ahsantariq.ar@gmail.com","actor_via_sso":false,"log_type":"token"}	2025-10-06 04:44:02.81463+00	
00000000-0000-0000-0000-000000000000	21a54a9d-efdc-440a-ae85-a60666c7ea0a	{"action":"token_refreshed","actor_id":"755c0f15-990a-4e0d-9a1d-03d5de1be7ed","actor_username":"ahsantariq.ar@gmail.com","actor_via_sso":false,"log_type":"token"}	2025-10-06 05:06:52.30419+00	
00000000-0000-0000-0000-000000000000	beac3aea-2a1f-40c9-b383-f82eabdb1985	{"action":"token_revoked","actor_id":"755c0f15-990a-4e0d-9a1d-03d5de1be7ed","actor_username":"ahsantariq.ar@gmail.com","actor_via_sso":false,"log_type":"token"}	2025-10-06 05:06:52.309382+00	
00000000-0000-0000-0000-000000000000	22242947-f44e-4d82-8400-9b78be46693a	{"action":"login","actor_id":"755c0f15-990a-4e0d-9a1d-03d5de1be7ed","actor_username":"ahsantariq.ar@gmail.com","actor_via_sso":false,"log_type":"account","traits":{"provider":"email"}}	2025-10-06 05:19:46.780302+00	
00000000-0000-0000-0000-000000000000	8739fa44-0051-48a0-8509-c6c079e30a6a	{"action":"token_refreshed","actor_id":"755c0f15-990a-4e0d-9a1d-03d5de1be7ed","actor_username":"ahsantariq.ar@gmail.com","actor_via_sso":false,"log_type":"token"}	2025-10-06 08:01:26.687152+00	
00000000-0000-0000-0000-000000000000	fa4dd3d8-3630-4dc1-99da-6643c1740550	{"action":"token_revoked","actor_id":"755c0f15-990a-4e0d-9a1d-03d5de1be7ed","actor_username":"ahsantariq.ar@gmail.com","actor_via_sso":false,"log_type":"token"}	2025-10-06 08:01:26.714016+00	
00000000-0000-0000-0000-000000000000	02a2ba73-214d-41ca-8ac0-08a765b41d38	{"action":"token_refreshed","actor_id":"755c0f15-990a-4e0d-9a1d-03d5de1be7ed","actor_username":"ahsantariq.ar@gmail.com","actor_via_sso":false,"log_type":"token"}	2025-10-06 09:41:27.188608+00	
00000000-0000-0000-0000-000000000000	1b540813-25e7-4f6a-b3c0-cd456b90c7cb	{"action":"token_revoked","actor_id":"755c0f15-990a-4e0d-9a1d-03d5de1be7ed","actor_username":"ahsantariq.ar@gmail.com","actor_via_sso":false,"log_type":"token"}	2025-10-06 09:41:27.201884+00	
00000000-0000-0000-0000-000000000000	5d492519-1c7b-441b-ace1-c27c29b2b7fd	{"action":"token_refreshed","actor_id":"755c0f15-990a-4e0d-9a1d-03d5de1be7ed","actor_username":"ahsantariq.ar@gmail.com","actor_via_sso":false,"log_type":"token"}	2025-10-06 12:15:22.177394+00	
00000000-0000-0000-0000-000000000000	f5eaf4b0-65b9-410a-8e32-baab4935c2fd	{"action":"token_revoked","actor_id":"755c0f15-990a-4e0d-9a1d-03d5de1be7ed","actor_username":"ahsantariq.ar@gmail.com","actor_via_sso":false,"log_type":"token"}	2025-10-06 12:15:22.193832+00	
00000000-0000-0000-0000-000000000000	c47c1305-93f8-41b6-9dc2-3ed638ddef96	{"action":"logout","actor_id":"755c0f15-990a-4e0d-9a1d-03d5de1be7ed","actor_username":"ahsantariq.ar@gmail.com","actor_via_sso":false,"log_type":"account"}	2025-10-06 12:27:37.366+00	
00000000-0000-0000-0000-000000000000	50e502d1-9861-4d45-bc7d-ec8a8df5f7c3	{"action":"login","actor_id":"755c0f15-990a-4e0d-9a1d-03d5de1be7ed","actor_username":"ahsantariq.ar@gmail.com","actor_via_sso":false,"log_type":"account","traits":{"provider":"email"}}	2025-10-06 12:28:05.069417+00	
00000000-0000-0000-0000-000000000000	5f8df68d-9676-4f7d-b114-f9333db76fb0	{"action":"login","actor_id":"755c0f15-990a-4e0d-9a1d-03d5de1be7ed","actor_username":"ahsantariq.ar@gmail.com","actor_via_sso":false,"log_type":"account","traits":{"provider":"email"}}	2025-10-06 12:28:50.418859+00	
00000000-0000-0000-0000-000000000000	1b1b7808-3102-4ae5-a3c3-61f1093025f8	{"action":"login","actor_id":"755c0f15-990a-4e0d-9a1d-03d5de1be7ed","actor_username":"ahsantariq.ar@gmail.com","actor_via_sso":false,"log_type":"account","traits":{"provider":"email"}}	2025-10-06 12:35:07.592915+00	
00000000-0000-0000-0000-000000000000	9a0490f9-37e1-4e97-81a9-7e23b8c16513	{"action":"login","actor_id":"755c0f15-990a-4e0d-9a1d-03d5de1be7ed","actor_username":"ahsantariq.ar@gmail.com","actor_via_sso":false,"log_type":"account","traits":{"provider":"email"}}	2025-10-06 12:40:47.667325+00	
00000000-0000-0000-0000-000000000000	9ca9f4f5-aa50-422f-a9aa-6915f1ba7dc7	{"action":"login","actor_id":"755c0f15-990a-4e0d-9a1d-03d5de1be7ed","actor_username":"ahsantariq.ar@gmail.com","actor_via_sso":false,"log_type":"account","traits":{"provider":"email"}}	2025-10-06 12:54:55.550705+00	
00000000-0000-0000-0000-000000000000	4643ae71-43f4-48ef-8d89-eee21b59f319	{"action":"token_refreshed","actor_id":"755c0f15-990a-4e0d-9a1d-03d5de1be7ed","actor_username":"ahsantariq.ar@gmail.com","actor_via_sso":false,"log_type":"token"}	2025-10-06 14:18:48.982821+00	
00000000-0000-0000-0000-000000000000	19c4777d-1343-41a2-83cd-ddeb0a7af81b	{"action":"token_revoked","actor_id":"755c0f15-990a-4e0d-9a1d-03d5de1be7ed","actor_username":"ahsantariq.ar@gmail.com","actor_via_sso":false,"log_type":"token"}	2025-10-06 14:18:49.005905+00	
00000000-0000-0000-0000-000000000000	bfbf2c6b-b97a-4e69-94e4-92285bb7d80a	{"action":"token_refreshed","actor_id":"755c0f15-990a-4e0d-9a1d-03d5de1be7ed","actor_username":"ahsantariq.ar@gmail.com","actor_via_sso":false,"log_type":"token"}	2025-10-06 14:18:49.023327+00	
00000000-0000-0000-0000-000000000000	486e2f10-bc27-428f-8bed-8b8afe52f0f0	{"action":"token_revoked","actor_id":"755c0f15-990a-4e0d-9a1d-03d5de1be7ed","actor_username":"ahsantariq.ar@gmail.com","actor_via_sso":false,"log_type":"token"}	2025-10-06 14:18:49.024441+00	
00000000-0000-0000-0000-000000000000	cb6e5631-1d2b-42f3-9522-ab5e52f58df6	{"action":"token_refreshed","actor_id":"755c0f15-990a-4e0d-9a1d-03d5de1be7ed","actor_username":"ahsantariq.ar@gmail.com","actor_via_sso":false,"log_type":"token"}	2025-10-06 15:19:27.959344+00	
00000000-0000-0000-0000-000000000000	58170aba-406f-4fbe-81f0-edc74f8dfa13	{"action":"token_revoked","actor_id":"755c0f15-990a-4e0d-9a1d-03d5de1be7ed","actor_username":"ahsantariq.ar@gmail.com","actor_via_sso":false,"log_type":"token"}	2025-10-06 15:19:27.978064+00	
00000000-0000-0000-0000-000000000000	7af5101b-d9aa-45ca-96c2-84bb6c7e9f63	{"action":"token_refreshed","actor_id":"755c0f15-990a-4e0d-9a1d-03d5de1be7ed","actor_username":"ahsantariq.ar@gmail.com","actor_via_sso":false,"log_type":"token"}	2025-10-07 10:33:53.042536+00	
00000000-0000-0000-0000-000000000000	9357da17-3196-461b-8555-7ab0e555fe4e	{"action":"token_revoked","actor_id":"755c0f15-990a-4e0d-9a1d-03d5de1be7ed","actor_username":"ahsantariq.ar@gmail.com","actor_via_sso":false,"log_type":"token"}	2025-10-07 10:33:53.073797+00	
00000000-0000-0000-0000-000000000000	d7b4ec45-f376-4335-bcff-4fd7f66d7c97	{"action":"token_refreshed","actor_id":"755c0f15-990a-4e0d-9a1d-03d5de1be7ed","actor_username":"ahsantariq.ar@gmail.com","actor_via_sso":false,"log_type":"token"}	2025-10-07 11:31:58.730975+00	
00000000-0000-0000-0000-000000000000	b122734b-ac24-4beb-b07b-c4d347c8224e	{"action":"token_revoked","actor_id":"755c0f15-990a-4e0d-9a1d-03d5de1be7ed","actor_username":"ahsantariq.ar@gmail.com","actor_via_sso":false,"log_type":"token"}	2025-10-07 11:31:58.744796+00	
00000000-0000-0000-0000-000000000000	98d110a3-4bd5-469e-b688-0896d1aff3cc	{"action":"token_refreshed","actor_id":"755c0f15-990a-4e0d-9a1d-03d5de1be7ed","actor_username":"ahsantariq.ar@gmail.com","actor_via_sso":false,"log_type":"token"}	2025-10-07 12:30:08.046218+00	
00000000-0000-0000-0000-000000000000	23841a69-7434-4b72-b3a3-f24eb5f2053f	{"action":"token_revoked","actor_id":"755c0f15-990a-4e0d-9a1d-03d5de1be7ed","actor_username":"ahsantariq.ar@gmail.com","actor_via_sso":false,"log_type":"token"}	2025-10-07 12:30:08.063125+00	
00000000-0000-0000-0000-000000000000	7b369a4a-30a9-4050-a6b2-8e9ab0f7bf91	{"action":"token_refreshed","actor_id":"755c0f15-990a-4e0d-9a1d-03d5de1be7ed","actor_username":"ahsantariq.ar@gmail.com","actor_via_sso":false,"log_type":"token"}	2025-10-07 13:28:26.412633+00	
00000000-0000-0000-0000-000000000000	61c12531-027d-498e-b875-8dfa6bf8024d	{"action":"token_revoked","actor_id":"755c0f15-990a-4e0d-9a1d-03d5de1be7ed","actor_username":"ahsantariq.ar@gmail.com","actor_via_sso":false,"log_type":"token"}	2025-10-07 13:28:26.422828+00	
00000000-0000-0000-0000-000000000000	86c1d99e-8059-4886-84a7-9b5b14981321	{"action":"token_refreshed","actor_id":"755c0f15-990a-4e0d-9a1d-03d5de1be7ed","actor_username":"ahsantariq.ar@gmail.com","actor_via_sso":false,"log_type":"token"}	2025-10-07 14:43:49.457012+00	
00000000-0000-0000-0000-000000000000	aeccbd71-875c-4398-9659-5827a66c6ebf	{"action":"token_revoked","actor_id":"755c0f15-990a-4e0d-9a1d-03d5de1be7ed","actor_username":"ahsantariq.ar@gmail.com","actor_via_sso":false,"log_type":"token"}	2025-10-07 14:43:49.471744+00	
00000000-0000-0000-0000-000000000000	23d3f29d-8b7b-4aa9-82cc-095b35d0729e	{"action":"token_refreshed","actor_id":"755c0f15-990a-4e0d-9a1d-03d5de1be7ed","actor_username":"ahsantariq.ar@gmail.com","actor_via_sso":false,"log_type":"token"}	2025-10-07 20:59:52.739175+00	
00000000-0000-0000-0000-000000000000	2c11c122-fa54-4db2-b49f-307c158983b1	{"action":"token_revoked","actor_id":"755c0f15-990a-4e0d-9a1d-03d5de1be7ed","actor_username":"ahsantariq.ar@gmail.com","actor_via_sso":false,"log_type":"token"}	2025-10-07 20:59:52.757423+00	
00000000-0000-0000-0000-000000000000	6e32b5a4-9ed9-4ea9-a5dc-3cff6641b1f3	{"action":"token_refreshed","actor_id":"755c0f15-990a-4e0d-9a1d-03d5de1be7ed","actor_username":"ahsantariq.ar@gmail.com","actor_via_sso":false,"log_type":"token"}	2025-10-08 10:56:50.902148+00	
00000000-0000-0000-0000-000000000000	f876bd37-4898-48e3-9347-008a182a466f	{"action":"token_revoked","actor_id":"755c0f15-990a-4e0d-9a1d-03d5de1be7ed","actor_username":"ahsantariq.ar@gmail.com","actor_via_sso":false,"log_type":"token"}	2025-10-08 10:56:50.926765+00	
00000000-0000-0000-0000-000000000000	09be88f6-cc28-4199-86e6-b86e4066f947	{"action":"token_refreshed","actor_id":"755c0f15-990a-4e0d-9a1d-03d5de1be7ed","actor_username":"ahsantariq.ar@gmail.com","actor_via_sso":false,"log_type":"token"}	2025-10-08 12:18:51.069164+00	
00000000-0000-0000-0000-000000000000	f376ea9e-51d5-467b-b4ac-a7da049f9bb6	{"action":"token_revoked","actor_id":"755c0f15-990a-4e0d-9a1d-03d5de1be7ed","actor_username":"ahsantariq.ar@gmail.com","actor_via_sso":false,"log_type":"token"}	2025-10-08 12:18:51.084151+00	
00000000-0000-0000-0000-000000000000	cd35909c-6673-4505-b1f2-989f03f1fa13	{"action":"token_refreshed","actor_id":"755c0f15-990a-4e0d-9a1d-03d5de1be7ed","actor_username":"ahsantariq.ar@gmail.com","actor_via_sso":false,"log_type":"token"}	2025-10-08 12:22:01.540597+00	
00000000-0000-0000-0000-000000000000	f4c36339-2fc0-47ee-95d8-496d8e60adab	{"action":"token_revoked","actor_id":"755c0f15-990a-4e0d-9a1d-03d5de1be7ed","actor_username":"ahsantariq.ar@gmail.com","actor_via_sso":false,"log_type":"token"}	2025-10-08 12:22:01.547077+00	
00000000-0000-0000-0000-000000000000	d27ee372-a320-4c25-9fe5-f9dcfe55270f	{"action":"token_refreshed","actor_id":"755c0f15-990a-4e0d-9a1d-03d5de1be7ed","actor_username":"ahsantariq.ar@gmail.com","actor_via_sso":false,"log_type":"token"}	2025-10-08 15:15:16.121134+00	
00000000-0000-0000-0000-000000000000	dec2351c-e170-4712-a8d2-e1d91f286a57	{"action":"token_revoked","actor_id":"755c0f15-990a-4e0d-9a1d-03d5de1be7ed","actor_username":"ahsantariq.ar@gmail.com","actor_via_sso":false,"log_type":"token"}	2025-10-08 15:15:16.133429+00	
00000000-0000-0000-0000-000000000000	d9b2e885-d55b-4995-a031-9e1339d3ead0	{"action":"token_refreshed","actor_id":"755c0f15-990a-4e0d-9a1d-03d5de1be7ed","actor_username":"ahsantariq.ar@gmail.com","actor_via_sso":false,"log_type":"token"}	2025-10-09 11:15:05.88846+00	
00000000-0000-0000-0000-000000000000	f008ba2e-fca4-438a-9815-30f891b97a33	{"action":"token_revoked","actor_id":"755c0f15-990a-4e0d-9a1d-03d5de1be7ed","actor_username":"ahsantariq.ar@gmail.com","actor_via_sso":false,"log_type":"token"}	2025-10-09 11:15:05.915414+00	
00000000-0000-0000-0000-000000000000	1f256caa-f8a4-407a-a1f3-3832b9e3101e	{"action":"token_refreshed","actor_id":"755c0f15-990a-4e0d-9a1d-03d5de1be7ed","actor_username":"ahsantariq.ar@gmail.com","actor_via_sso":false,"log_type":"token"}	2025-10-09 13:12:52.476673+00	
00000000-0000-0000-0000-000000000000	a3a9a27b-1d90-4f59-b81b-bdc238f6c39e	{"action":"token_revoked","actor_id":"755c0f15-990a-4e0d-9a1d-03d5de1be7ed","actor_username":"ahsantariq.ar@gmail.com","actor_via_sso":false,"log_type":"token"}	2025-10-09 13:12:52.491232+00	
00000000-0000-0000-0000-000000000000	d86e6481-ed35-411d-b82b-394750610f1c	{"action":"login","actor_id":"755c0f15-990a-4e0d-9a1d-03d5de1be7ed","actor_username":"ahsantariq.ar@gmail.com","actor_via_sso":false,"log_type":"account","traits":{"provider":"email"}}	2025-10-18 21:48:36.015364+00	
00000000-0000-0000-0000-000000000000	fa565544-e06a-4b4b-9c73-51dc4990bf96	{"action":"login","actor_id":"755c0f15-990a-4e0d-9a1d-03d5de1be7ed","actor_username":"ahsantariq.ar@gmail.com","actor_via_sso":false,"log_type":"account","traits":{"provider":"email"}}	2025-10-18 22:23:42.674602+00	
00000000-0000-0000-0000-000000000000	4c7f5916-a86e-414b-be05-e6de7e0e2281	{"action":"token_refreshed","actor_id":"755c0f15-990a-4e0d-9a1d-03d5de1be7ed","actor_username":"ahsantariq.ar@gmail.com","actor_via_sso":false,"log_type":"token"}	2025-10-18 22:50:21.733059+00	
00000000-0000-0000-0000-000000000000	c27c294c-6d74-49e0-813f-a1390613fcfd	{"action":"token_revoked","actor_id":"755c0f15-990a-4e0d-9a1d-03d5de1be7ed","actor_username":"ahsantariq.ar@gmail.com","actor_via_sso":false,"log_type":"token"}	2025-10-18 22:50:21.739576+00	
00000000-0000-0000-0000-000000000000	b7ae979f-21a5-4b82-936e-775125b0afd0	{"action":"token_refreshed","actor_id":"755c0f15-990a-4e0d-9a1d-03d5de1be7ed","actor_username":"ahsantariq.ar@gmail.com","actor_via_sso":false,"log_type":"token"}	2025-10-18 22:57:24.878848+00	
00000000-0000-0000-0000-000000000000	a9f3fa72-2fc9-4075-9cea-ac78985df69b	{"action":"token_revoked","actor_id":"755c0f15-990a-4e0d-9a1d-03d5de1be7ed","actor_username":"ahsantariq.ar@gmail.com","actor_via_sso":false,"log_type":"token"}	2025-10-18 22:57:24.881876+00	
00000000-0000-0000-0000-000000000000	66ed09c8-4d22-4899-8c17-89f86444a404	{"action":"login","actor_id":"755c0f15-990a-4e0d-9a1d-03d5de1be7ed","actor_username":"ahsantariq.ar@gmail.com","actor_via_sso":false,"log_type":"account","traits":{"provider":"email"}}	2025-10-18 23:24:15.222189+00	
00000000-0000-0000-0000-000000000000	d9f21231-d1ff-4016-bda1-96ee05d02979	{"action":"login","actor_id":"755c0f15-990a-4e0d-9a1d-03d5de1be7ed","actor_username":"ahsantariq.ar@gmail.com","actor_via_sso":false,"log_type":"account","traits":{"provider":"email"}}	2025-10-18 23:47:35.064194+00	
00000000-0000-0000-0000-000000000000	0da28f06-51b8-4d6e-b0fc-a8be49aae12d	{"action":"token_refreshed","actor_id":"755c0f15-990a-4e0d-9a1d-03d5de1be7ed","actor_username":"ahsantariq.ar@gmail.com","actor_via_sso":false,"log_type":"token"}	2025-10-18 23:52:16.1577+00	
00000000-0000-0000-0000-000000000000	a05fcf1b-b47e-4a8f-99f2-d9e1197fe19c	{"action":"token_revoked","actor_id":"755c0f15-990a-4e0d-9a1d-03d5de1be7ed","actor_username":"ahsantariq.ar@gmail.com","actor_via_sso":false,"log_type":"token"}	2025-10-18 23:52:16.164622+00	
00000000-0000-0000-0000-000000000000	0c9f8503-7c00-41a5-8c49-9f36f17a48f9	{"action":"login","actor_id":"755c0f15-990a-4e0d-9a1d-03d5de1be7ed","actor_username":"ahsantariq.ar@gmail.com","actor_via_sso":false,"log_type":"account","traits":{"provider":"email"}}	2025-10-18 23:55:30.416752+00	
00000000-0000-0000-0000-000000000000	cb55db51-5c11-4ed5-b3bb-28c5438e1bc3	{"action":"token_refreshed","actor_id":"755c0f15-990a-4e0d-9a1d-03d5de1be7ed","actor_username":"ahsantariq.ar@gmail.com","actor_via_sso":false,"log_type":"token"}	2025-10-19 00:01:07.849288+00	
00000000-0000-0000-0000-000000000000	7d3f26d9-d781-4896-aacb-f608a72da236	{"action":"token_revoked","actor_id":"755c0f15-990a-4e0d-9a1d-03d5de1be7ed","actor_username":"ahsantariq.ar@gmail.com","actor_via_sso":false,"log_type":"token"}	2025-10-19 00:01:07.851974+00	
00000000-0000-0000-0000-000000000000	d6593dd4-f3d2-408d-8059-e64b1bc076ad	{"action":"token_refreshed","actor_id":"755c0f15-990a-4e0d-9a1d-03d5de1be7ed","actor_username":"ahsantariq.ar@gmail.com","actor_via_sso":false,"log_type":"token"}	2025-10-19 00:28:50.725113+00	
00000000-0000-0000-0000-000000000000	cab0f317-ee9a-44ee-ac26-ee8f47cf2392	{"action":"token_revoked","actor_id":"755c0f15-990a-4e0d-9a1d-03d5de1be7ed","actor_username":"ahsantariq.ar@gmail.com","actor_via_sso":false,"log_type":"token"}	2025-10-19 00:28:50.728845+00	
00000000-0000-0000-0000-000000000000	9f824883-9029-4369-9be5-95e9305cc264	{"action":"token_refreshed","actor_id":"755c0f15-990a-4e0d-9a1d-03d5de1be7ed","actor_username":"ahsantariq.ar@gmail.com","actor_via_sso":false,"log_type":"token"}	2025-10-19 13:33:39.976163+00	
00000000-0000-0000-0000-000000000000	b443d9d2-6483-4113-8139-946c016f16b1	{"action":"token_revoked","actor_id":"755c0f15-990a-4e0d-9a1d-03d5de1be7ed","actor_username":"ahsantariq.ar@gmail.com","actor_via_sso":false,"log_type":"token"}	2025-10-19 13:33:40.003624+00	
00000000-0000-0000-0000-000000000000	67bf38a2-f10b-45e7-b9b2-f078b46ec23f	{"action":"token_refreshed","actor_id":"755c0f15-990a-4e0d-9a1d-03d5de1be7ed","actor_username":"ahsantariq.ar@gmail.com","actor_via_sso":false,"log_type":"token"}	2025-10-19 14:18:16.607423+00	
00000000-0000-0000-0000-000000000000	a28b8007-54ef-4d60-94aa-657c7febfa57	{"action":"token_revoked","actor_id":"755c0f15-990a-4e0d-9a1d-03d5de1be7ed","actor_username":"ahsantariq.ar@gmail.com","actor_via_sso":false,"log_type":"token"}	2025-10-19 14:18:16.611882+00	
00000000-0000-0000-0000-000000000000	2ba288a4-f940-445b-9811-bd7253ecaf11	{"action":"token_refreshed","actor_id":"755c0f15-990a-4e0d-9a1d-03d5de1be7ed","actor_username":"ahsantariq.ar@gmail.com","actor_via_sso":false,"log_type":"token"}	2025-10-19 14:20:11.375504+00	
00000000-0000-0000-0000-000000000000	daf99bf8-cbf2-4872-bef2-db5ca70ec98b	{"action":"token_revoked","actor_id":"755c0f15-990a-4e0d-9a1d-03d5de1be7ed","actor_username":"ahsantariq.ar@gmail.com","actor_via_sso":false,"log_type":"token"}	2025-10-19 14:20:11.377531+00	
00000000-0000-0000-0000-000000000000	72c26b42-8435-4ff7-b42f-21854cb90dda	{"action":"token_refreshed","actor_id":"755c0f15-990a-4e0d-9a1d-03d5de1be7ed","actor_username":"ahsantariq.ar@gmail.com","actor_via_sso":false,"log_type":"token"}	2025-10-20 08:51:00.416781+00	
00000000-0000-0000-0000-000000000000	6424eec9-9d2b-4a0e-b71f-c36beee8b067	{"action":"token_revoked","actor_id":"755c0f15-990a-4e0d-9a1d-03d5de1be7ed","actor_username":"ahsantariq.ar@gmail.com","actor_via_sso":false,"log_type":"token"}	2025-10-20 08:51:00.444746+00	
00000000-0000-0000-0000-000000000000	1bc7c733-9830-4afb-abcf-7f5e953b4eac	{"action":"token_refreshed","actor_id":"755c0f15-990a-4e0d-9a1d-03d5de1be7ed","actor_username":"ahsantariq.ar@gmail.com","actor_via_sso":false,"log_type":"token"}	2025-10-21 05:56:23.679303+00	
00000000-0000-0000-0000-000000000000	61c13676-dbaf-4767-bad6-faa25407c851	{"action":"token_revoked","actor_id":"755c0f15-990a-4e0d-9a1d-03d5de1be7ed","actor_username":"ahsantariq.ar@gmail.com","actor_via_sso":false,"log_type":"token"}	2025-10-21 05:56:23.699722+00	
00000000-0000-0000-0000-000000000000	d81569c1-99bc-4202-adeb-95b6c11a42a7	{"action":"token_refreshed","actor_id":"755c0f15-990a-4e0d-9a1d-03d5de1be7ed","actor_username":"ahsantariq.ar@gmail.com","actor_via_sso":false,"log_type":"token"}	2025-10-21 10:42:54.692105+00	
00000000-0000-0000-0000-000000000000	e996706e-e57e-4eda-9c27-80baadc4ac98	{"action":"token_revoked","actor_id":"755c0f15-990a-4e0d-9a1d-03d5de1be7ed","actor_username":"ahsantariq.ar@gmail.com","actor_via_sso":false,"log_type":"token"}	2025-10-21 10:42:54.703619+00	
00000000-0000-0000-0000-000000000000	4d472ca7-eff9-4906-9c0a-f8332e48b18d	{"action":"token_refreshed","actor_id":"755c0f15-990a-4e0d-9a1d-03d5de1be7ed","actor_username":"ahsantariq.ar@gmail.com","actor_via_sso":false,"log_type":"token"}	2025-10-21 15:54:47.817597+00	
00000000-0000-0000-0000-000000000000	52ceea2e-a6b6-488b-a328-96bb231f8993	{"action":"token_revoked","actor_id":"755c0f15-990a-4e0d-9a1d-03d5de1be7ed","actor_username":"ahsantariq.ar@gmail.com","actor_via_sso":false,"log_type":"token"}	2025-10-21 15:54:47.832502+00	
00000000-0000-0000-0000-000000000000	b34f3b1b-aa60-49e0-9128-0a0572d5c7d6	{"action":"token_refreshed","actor_id":"755c0f15-990a-4e0d-9a1d-03d5de1be7ed","actor_username":"ahsantariq.ar@gmail.com","actor_via_sso":false,"log_type":"token"}	2025-10-21 17:28:50.973182+00	
00000000-0000-0000-0000-000000000000	a5e22df4-b185-40c3-939c-98b20601cc88	{"action":"token_revoked","actor_id":"755c0f15-990a-4e0d-9a1d-03d5de1be7ed","actor_username":"ahsantariq.ar@gmail.com","actor_via_sso":false,"log_type":"token"}	2025-10-21 17:28:50.999584+00	
00000000-0000-0000-0000-000000000000	6829992e-2fa5-432d-95ab-ae35ad9aae06	{"action":"token_refreshed","actor_id":"755c0f15-990a-4e0d-9a1d-03d5de1be7ed","actor_username":"ahsantariq.ar@gmail.com","actor_via_sso":false,"log_type":"token"}	2025-10-21 20:22:30.981201+00	
00000000-0000-0000-0000-000000000000	b671c0a2-a151-4a7c-8529-60e7835a55db	{"action":"token_revoked","actor_id":"755c0f15-990a-4e0d-9a1d-03d5de1be7ed","actor_username":"ahsantariq.ar@gmail.com","actor_via_sso":false,"log_type":"token"}	2025-10-21 20:22:30.994672+00	
00000000-0000-0000-0000-000000000000	2d26974e-badf-4bfb-bef5-9f97ee0a64f5	{"action":"token_refreshed","actor_id":"755c0f15-990a-4e0d-9a1d-03d5de1be7ed","actor_username":"ahsantariq.ar@gmail.com","actor_via_sso":false,"log_type":"token"}	2025-10-21 23:34:08.632524+00	
00000000-0000-0000-0000-000000000000	65794df7-cf1c-4670-a9b4-e4fc917d2da1	{"action":"token_revoked","actor_id":"755c0f15-990a-4e0d-9a1d-03d5de1be7ed","actor_username":"ahsantariq.ar@gmail.com","actor_via_sso":false,"log_type":"token"}	2025-10-21 23:34:08.646216+00	
00000000-0000-0000-0000-000000000000	addf1ae3-df43-447e-b5e6-be18a0f39944	{"action":"token_refreshed","actor_id":"755c0f15-990a-4e0d-9a1d-03d5de1be7ed","actor_username":"ahsantariq.ar@gmail.com","actor_via_sso":false,"log_type":"token"}	2025-10-22 13:44:49.187218+00	
00000000-0000-0000-0000-000000000000	3c1ce41f-7348-4b2b-b4c5-006c6ae12d77	{"action":"token_revoked","actor_id":"755c0f15-990a-4e0d-9a1d-03d5de1be7ed","actor_username":"ahsantariq.ar@gmail.com","actor_via_sso":false,"log_type":"token"}	2025-10-22 13:44:49.211306+00	
00000000-0000-0000-0000-000000000000	398db649-11da-48ee-833a-cb92fe66976a	{"action":"login","actor_id":"755c0f15-990a-4e0d-9a1d-03d5de1be7ed","actor_username":"ahsantariq.ar@gmail.com","actor_via_sso":false,"log_type":"account","traits":{"provider":"email"}}	2025-10-27 15:10:20.07019+00	
00000000-0000-0000-0000-000000000000	1a1c68d5-37e7-45a8-9416-794ee808d319	{"action":"token_refreshed","actor_id":"755c0f15-990a-4e0d-9a1d-03d5de1be7ed","actor_username":"ahsantariq.ar@gmail.com","actor_via_sso":false,"log_type":"token"}	2025-10-27 16:13:08.912302+00	
00000000-0000-0000-0000-000000000000	e136183d-709c-4fca-a7d2-15c7669f8403	{"action":"token_revoked","actor_id":"755c0f15-990a-4e0d-9a1d-03d5de1be7ed","actor_username":"ahsantariq.ar@gmail.com","actor_via_sso":false,"log_type":"token"}	2025-10-27 16:13:08.93062+00	
00000000-0000-0000-0000-000000000000	5a98a21e-d124-49fb-ae90-6c02dac9884a	{"action":"token_refreshed","actor_id":"755c0f15-990a-4e0d-9a1d-03d5de1be7ed","actor_username":"ahsantariq.ar@gmail.com","actor_via_sso":false,"log_type":"token"}	2025-10-27 17:14:33.496236+00	
00000000-0000-0000-0000-000000000000	9fb6343e-0343-4fb5-857d-6426d2a4c99f	{"action":"token_revoked","actor_id":"755c0f15-990a-4e0d-9a1d-03d5de1be7ed","actor_username":"ahsantariq.ar@gmail.com","actor_via_sso":false,"log_type":"token"}	2025-10-27 17:14:33.511151+00	
00000000-0000-0000-0000-000000000000	9f7bcd17-50f4-4892-9d9f-5f505210162c	{"action":"token_refreshed","actor_id":"755c0f15-990a-4e0d-9a1d-03d5de1be7ed","actor_username":"ahsantariq.ar@gmail.com","actor_via_sso":false,"log_type":"token"}	2025-10-29 10:46:32.291618+00	
00000000-0000-0000-0000-000000000000	d1508be0-7617-4c41-93dd-7d5242fde95b	{"action":"token_revoked","actor_id":"755c0f15-990a-4e0d-9a1d-03d5de1be7ed","actor_username":"ahsantariq.ar@gmail.com","actor_via_sso":false,"log_type":"token"}	2025-10-29 10:46:32.315165+00	
00000000-0000-0000-0000-000000000000	7b352119-9819-402e-87df-f07363655d6a	{"action":"login","actor_id":"755c0f15-990a-4e0d-9a1d-03d5de1be7ed","actor_username":"ahsantariq.ar@gmail.com","actor_via_sso":false,"log_type":"account","traits":{"provider":"email"}}	2025-10-29 10:54:30.382676+00	
00000000-0000-0000-0000-000000000000	bfc2816a-d636-4a8d-9620-cc08e97f6003	{"action":"token_refreshed","actor_id":"755c0f15-990a-4e0d-9a1d-03d5de1be7ed","actor_username":"ahsantariq.ar@gmail.com","actor_via_sso":false,"log_type":"token"}	2025-10-29 13:14:00.287059+00	
00000000-0000-0000-0000-000000000000	d3d48bc2-8567-4f0c-bdd5-f22cb4743c5e	{"action":"token_revoked","actor_id":"755c0f15-990a-4e0d-9a1d-03d5de1be7ed","actor_username":"ahsantariq.ar@gmail.com","actor_via_sso":false,"log_type":"token"}	2025-10-29 13:14:00.31423+00	
00000000-0000-0000-0000-000000000000	ca30e58c-c578-48d1-a90e-9e2aa42c2fe8	{"action":"token_refreshed","actor_id":"755c0f15-990a-4e0d-9a1d-03d5de1be7ed","actor_username":"ahsantariq.ar@gmail.com","actor_via_sso":false,"log_type":"token"}	2025-10-29 14:27:38.387476+00	
00000000-0000-0000-0000-000000000000	3f91b16c-474a-4675-a09b-ab338cf3f79d	{"action":"token_revoked","actor_id":"755c0f15-990a-4e0d-9a1d-03d5de1be7ed","actor_username":"ahsantariq.ar@gmail.com","actor_via_sso":false,"log_type":"token"}	2025-10-29 14:27:38.402436+00	
00000000-0000-0000-0000-000000000000	4bdc0624-189e-4ab4-bdb7-2879847fc968	{"action":"token_refreshed","actor_id":"755c0f15-990a-4e0d-9a1d-03d5de1be7ed","actor_username":"ahsantariq.ar@gmail.com","actor_via_sso":false,"log_type":"token"}	2025-10-29 20:11:29.458017+00	
00000000-0000-0000-0000-000000000000	bf64fe5a-969b-412b-b0b7-260bcd50863c	{"action":"token_revoked","actor_id":"755c0f15-990a-4e0d-9a1d-03d5de1be7ed","actor_username":"ahsantariq.ar@gmail.com","actor_via_sso":false,"log_type":"token"}	2025-10-29 20:11:29.480235+00	
00000000-0000-0000-0000-000000000000	72239ccc-b4ba-4bb8-90e2-9d23a512dc68	{"action":"token_refreshed","actor_id":"755c0f15-990a-4e0d-9a1d-03d5de1be7ed","actor_username":"ahsantariq.ar@gmail.com","actor_via_sso":false,"log_type":"token"}	2025-10-30 11:54:49.269385+00	
00000000-0000-0000-0000-000000000000	7d9bb0b4-38c9-4d73-bc45-d030ea09b8c9	{"action":"token_revoked","actor_id":"755c0f15-990a-4e0d-9a1d-03d5de1be7ed","actor_username":"ahsantariq.ar@gmail.com","actor_via_sso":false,"log_type":"token"}	2025-10-30 11:54:49.294477+00	
00000000-0000-0000-0000-000000000000	b2edf618-4eb9-4dfa-a734-92dd04ee49d0	{"action":"token_refreshed","actor_id":"755c0f15-990a-4e0d-9a1d-03d5de1be7ed","actor_username":"ahsantariq.ar@gmail.com","actor_via_sso":false,"log_type":"token"}	2025-10-30 14:19:44.917328+00	
00000000-0000-0000-0000-000000000000	b3416228-20fc-45cb-9c08-ab76aea2198d	{"action":"token_revoked","actor_id":"755c0f15-990a-4e0d-9a1d-03d5de1be7ed","actor_username":"ahsantariq.ar@gmail.com","actor_via_sso":false,"log_type":"token"}	2025-10-30 14:19:44.927535+00	
00000000-0000-0000-0000-000000000000	6d0bea34-ffcf-4822-8fb8-475d94cc4564	{"action":"token_refreshed","actor_id":"755c0f15-990a-4e0d-9a1d-03d5de1be7ed","actor_username":"ahsantariq.ar@gmail.com","actor_via_sso":false,"log_type":"token"}	2025-10-30 15:53:05.330662+00	
00000000-0000-0000-0000-000000000000	31ba3a55-e635-4a1f-8e00-d5606edcccce	{"action":"token_revoked","actor_id":"755c0f15-990a-4e0d-9a1d-03d5de1be7ed","actor_username":"ahsantariq.ar@gmail.com","actor_via_sso":false,"log_type":"token"}	2025-10-30 15:53:05.348998+00	
00000000-0000-0000-0000-000000000000	db21d0bd-6913-4bf3-aa8b-346a2bd2c6b8	{"action":"token_refreshed","actor_id":"755c0f15-990a-4e0d-9a1d-03d5de1be7ed","actor_username":"ahsantariq.ar@gmail.com","actor_via_sso":false,"log_type":"token"}	2025-10-30 16:51:35.602842+00	
00000000-0000-0000-0000-000000000000	614ceb05-1355-4716-91a9-e431742b0c10	{"action":"token_revoked","actor_id":"755c0f15-990a-4e0d-9a1d-03d5de1be7ed","actor_username":"ahsantariq.ar@gmail.com","actor_via_sso":false,"log_type":"token"}	2025-10-30 16:51:35.620819+00	
00000000-0000-0000-0000-000000000000	8c788220-ff6c-4f14-8e7c-5e32c7b3847d	{"action":"token_refreshed","actor_id":"755c0f15-990a-4e0d-9a1d-03d5de1be7ed","actor_username":"ahsantariq.ar@gmail.com","actor_via_sso":false,"log_type":"token"}	2025-10-30 17:32:35.472201+00	
00000000-0000-0000-0000-000000000000	dba6ca20-b4eb-4b6e-b5cd-2ada5647fda1	{"action":"token_revoked","actor_id":"755c0f15-990a-4e0d-9a1d-03d5de1be7ed","actor_username":"ahsantariq.ar@gmail.com","actor_via_sso":false,"log_type":"token"}	2025-10-30 17:32:35.480703+00	
00000000-0000-0000-0000-000000000000	dd0688d2-1173-434b-b2d9-796b6b4c0755	{"action":"token_refreshed","actor_id":"755c0f15-990a-4e0d-9a1d-03d5de1be7ed","actor_username":"ahsantariq.ar@gmail.com","actor_via_sso":false,"log_type":"token"}	2025-10-30 18:32:08.33572+00	
00000000-0000-0000-0000-000000000000	08086bb3-0212-46b6-94c2-340bc572aa7b	{"action":"token_revoked","actor_id":"755c0f15-990a-4e0d-9a1d-03d5de1be7ed","actor_username":"ahsantariq.ar@gmail.com","actor_via_sso":false,"log_type":"token"}	2025-10-30 18:32:08.344596+00	
00000000-0000-0000-0000-000000000000	a3a567b4-a9fa-4c9a-af46-ec515f3b628b	{"action":"token_refreshed","actor_id":"755c0f15-990a-4e0d-9a1d-03d5de1be7ed","actor_username":"ahsantariq.ar@gmail.com","actor_via_sso":false,"log_type":"token"}	2025-10-30 19:30:38.846899+00	
00000000-0000-0000-0000-000000000000	0c660802-84b4-4a6b-b173-a726ec73ba9d	{"action":"token_revoked","actor_id":"755c0f15-990a-4e0d-9a1d-03d5de1be7ed","actor_username":"ahsantariq.ar@gmail.com","actor_via_sso":false,"log_type":"token"}	2025-10-30 19:30:38.859461+00	
00000000-0000-0000-0000-000000000000	a3a0e13a-37fb-4868-b669-9bd4881c5c1e	{"action":"token_refreshed","actor_id":"755c0f15-990a-4e0d-9a1d-03d5de1be7ed","actor_username":"ahsantariq.ar@gmail.com","actor_via_sso":false,"log_type":"token"}	2025-10-31 15:50:57.065379+00	
00000000-0000-0000-0000-000000000000	be6d04b8-4442-4a43-af3a-492b05c917b5	{"action":"token_revoked","actor_id":"755c0f15-990a-4e0d-9a1d-03d5de1be7ed","actor_username":"ahsantariq.ar@gmail.com","actor_via_sso":false,"log_type":"token"}	2025-10-31 15:50:57.094914+00	
00000000-0000-0000-0000-000000000000	e9da9415-fe17-4057-88f3-89ee3fc22d06	{"action":"token_refreshed","actor_id":"755c0f15-990a-4e0d-9a1d-03d5de1be7ed","actor_username":"ahsantariq.ar@gmail.com","actor_via_sso":false,"log_type":"token"}	2025-10-31 16:49:12.969222+00	
00000000-0000-0000-0000-000000000000	3b8cf664-0e7b-4f84-9826-08c54176879c	{"action":"token_revoked","actor_id":"755c0f15-990a-4e0d-9a1d-03d5de1be7ed","actor_username":"ahsantariq.ar@gmail.com","actor_via_sso":false,"log_type":"token"}	2025-10-31 16:49:12.988063+00	
00000000-0000-0000-0000-000000000000	7c420be4-db1b-4456-aa77-94b942f92969	{"action":"token_refreshed","actor_id":"755c0f15-990a-4e0d-9a1d-03d5de1be7ed","actor_username":"ahsantariq.ar@gmail.com","actor_via_sso":false,"log_type":"token"}	2025-11-01 07:54:58.499438+00	
00000000-0000-0000-0000-000000000000	e3bda12b-abb4-4ad2-aa8c-4e5e619c9ded	{"action":"token_revoked","actor_id":"755c0f15-990a-4e0d-9a1d-03d5de1be7ed","actor_username":"ahsantariq.ar@gmail.com","actor_via_sso":false,"log_type":"token"}	2025-11-01 07:54:58.524949+00	
00000000-0000-0000-0000-000000000000	dfb37fd3-2fb8-4ad4-a31c-89b03bd1fd87	{"action":"token_refreshed","actor_id":"755c0f15-990a-4e0d-9a1d-03d5de1be7ed","actor_username":"ahsantariq.ar@gmail.com","actor_via_sso":false,"log_type":"token"}	2025-11-01 11:54:05.505453+00	
00000000-0000-0000-0000-000000000000	5b7d1428-12f9-4108-a5aa-ef83943389bd	{"action":"token_revoked","actor_id":"755c0f15-990a-4e0d-9a1d-03d5de1be7ed","actor_username":"ahsantariq.ar@gmail.com","actor_via_sso":false,"log_type":"token"}	2025-11-01 11:54:05.525376+00	
00000000-0000-0000-0000-000000000000	1aa6f665-a72c-4284-98ed-7687c5e7c841	{"action":"token_refreshed","actor_id":"755c0f15-990a-4e0d-9a1d-03d5de1be7ed","actor_username":"ahsantariq.ar@gmail.com","actor_via_sso":false,"log_type":"token"}	2025-11-01 12:58:25.870606+00	
00000000-0000-0000-0000-000000000000	9f5fe279-be80-4a4b-88a9-e7f26ac6ba70	{"action":"token_revoked","actor_id":"755c0f15-990a-4e0d-9a1d-03d5de1be7ed","actor_username":"ahsantariq.ar@gmail.com","actor_via_sso":false,"log_type":"token"}	2025-11-01 12:58:25.884982+00	
00000000-0000-0000-0000-000000000000	2d0d59f8-0078-4ff4-b918-f6ab719763ed	{"action":"token_refreshed","actor_id":"755c0f15-990a-4e0d-9a1d-03d5de1be7ed","actor_username":"ahsantariq.ar@gmail.com","actor_via_sso":false,"log_type":"token"}	2025-11-01 18:04:18.658806+00	
00000000-0000-0000-0000-000000000000	36c77fcc-a715-4088-89e4-d2d761e24d0d	{"action":"token_revoked","actor_id":"755c0f15-990a-4e0d-9a1d-03d5de1be7ed","actor_username":"ahsantariq.ar@gmail.com","actor_via_sso":false,"log_type":"token"}	2025-11-01 18:04:18.680577+00	
00000000-0000-0000-0000-000000000000	2e57aaf9-429e-4a05-9ab7-b287c922afc6	{"action":"token_refreshed","actor_id":"755c0f15-990a-4e0d-9a1d-03d5de1be7ed","actor_username":"ahsantariq.ar@gmail.com","actor_via_sso":false,"log_type":"token"}	2025-11-02 19:46:37.996791+00	
00000000-0000-0000-0000-000000000000	dc797b50-2a72-4d99-8b56-0ebedb46d35f	{"action":"token_revoked","actor_id":"755c0f15-990a-4e0d-9a1d-03d5de1be7ed","actor_username":"ahsantariq.ar@gmail.com","actor_via_sso":false,"log_type":"token"}	2025-11-02 19:46:38.025516+00	
00000000-0000-0000-0000-000000000000	5d40522c-dcc7-4b06-a8ca-09b2dbc98f38	{"action":"token_refreshed","actor_id":"755c0f15-990a-4e0d-9a1d-03d5de1be7ed","actor_username":"ahsantariq.ar@gmail.com","actor_via_sso":false,"log_type":"token"}	2025-11-02 19:58:11.070118+00	
00000000-0000-0000-0000-000000000000	5f57ff1a-31ba-4414-b46c-a2cafd230385	{"action":"token_revoked","actor_id":"755c0f15-990a-4e0d-9a1d-03d5de1be7ed","actor_username":"ahsantariq.ar@gmail.com","actor_via_sso":false,"log_type":"token"}	2025-11-02 19:58:11.080675+00	
00000000-0000-0000-0000-000000000000	b8339243-ec1c-46fa-947b-62d14296f08f	{"action":"token_refreshed","actor_id":"755c0f15-990a-4e0d-9a1d-03d5de1be7ed","actor_username":"ahsantariq.ar@gmail.com","actor_via_sso":false,"log_type":"token"}	2025-11-02 22:03:10.680481+00	
00000000-0000-0000-0000-000000000000	be13d320-3ded-426d-90df-1d1c78081139	{"action":"token_revoked","actor_id":"755c0f15-990a-4e0d-9a1d-03d5de1be7ed","actor_username":"ahsantariq.ar@gmail.com","actor_via_sso":false,"log_type":"token"}	2025-11-02 22:03:10.698187+00	
00000000-0000-0000-0000-000000000000	1ea5e963-cf2f-471a-9c59-66c4798422c8	{"action":"token_refreshed","actor_id":"755c0f15-990a-4e0d-9a1d-03d5de1be7ed","actor_username":"ahsantariq.ar@gmail.com","actor_via_sso":false,"log_type":"token"}	2025-11-02 23:07:36.790174+00	
00000000-0000-0000-0000-000000000000	ea845568-22a1-4c62-88c3-212092494cee	{"action":"token_revoked","actor_id":"755c0f15-990a-4e0d-9a1d-03d5de1be7ed","actor_username":"ahsantariq.ar@gmail.com","actor_via_sso":false,"log_type":"token"}	2025-11-02 23:07:36.80448+00	
00000000-0000-0000-0000-000000000000	f37b2236-50f2-4781-bb96-f1adcc1d31a1	{"action":"token_refreshed","actor_id":"755c0f15-990a-4e0d-9a1d-03d5de1be7ed","actor_username":"ahsantariq.ar@gmail.com","actor_via_sso":false,"log_type":"token"}	2025-11-03 00:12:25.506433+00	
00000000-0000-0000-0000-000000000000	38afbec9-3b1c-4725-8834-ebeca078cfd0	{"action":"token_revoked","actor_id":"755c0f15-990a-4e0d-9a1d-03d5de1be7ed","actor_username":"ahsantariq.ar@gmail.com","actor_via_sso":false,"log_type":"token"}	2025-11-03 00:12:25.519696+00	
00000000-0000-0000-0000-000000000000	cf0fd457-f217-4f31-b76c-b70cccfc4c17	{"action":"token_refreshed","actor_id":"755c0f15-990a-4e0d-9a1d-03d5de1be7ed","actor_username":"ahsantariq.ar@gmail.com","actor_via_sso":false,"log_type":"token"}	2025-11-03 01:55:08.693533+00	
00000000-0000-0000-0000-000000000000	5f16bf96-7623-4261-8fd8-1bd58c0e8882	{"action":"token_revoked","actor_id":"755c0f15-990a-4e0d-9a1d-03d5de1be7ed","actor_username":"ahsantariq.ar@gmail.com","actor_via_sso":false,"log_type":"token"}	2025-11-03 01:55:08.713759+00	
00000000-0000-0000-0000-000000000000	6f9fbee7-6e30-435e-913d-d6967310e89e	{"action":"token_refreshed","actor_id":"755c0f15-990a-4e0d-9a1d-03d5de1be7ed","actor_username":"ahsantariq.ar@gmail.com","actor_via_sso":false,"log_type":"token"}	2025-11-03 12:57:51.195383+00	
00000000-0000-0000-0000-000000000000	cc84fbc0-3b6e-471e-9cf2-5eecc8ecc80f	{"action":"token_revoked","actor_id":"755c0f15-990a-4e0d-9a1d-03d5de1be7ed","actor_username":"ahsantariq.ar@gmail.com","actor_via_sso":false,"log_type":"token"}	2025-11-03 12:57:51.224119+00	
00000000-0000-0000-0000-000000000000	d39378d9-f9bb-4b1e-93a5-8a611907909e	{"action":"token_refreshed","actor_id":"755c0f15-990a-4e0d-9a1d-03d5de1be7ed","actor_username":"ahsantariq.ar@gmail.com","actor_via_sso":false,"log_type":"token"}	2025-11-03 13:41:35.335521+00	
00000000-0000-0000-0000-000000000000	8e26f083-ce11-4a1b-b9c9-b1366b57f013	{"action":"token_refreshed","actor_id":"755c0f15-990a-4e0d-9a1d-03d5de1be7ed","actor_username":"ahsantariq.ar@gmail.com","actor_via_sso":false,"log_type":"token"}	2025-11-03 13:45:07.172281+00	
00000000-0000-0000-0000-000000000000	e5f52c6d-ea3a-49a6-8128-e5cff6653e93	{"action":"token_revoked","actor_id":"755c0f15-990a-4e0d-9a1d-03d5de1be7ed","actor_username":"ahsantariq.ar@gmail.com","actor_via_sso":false,"log_type":"token"}	2025-11-03 13:45:07.182259+00	
00000000-0000-0000-0000-000000000000	8590a2b1-26a1-4364-8aca-9626e5f82ffc	{"action":"token_refreshed","actor_id":"755c0f15-990a-4e0d-9a1d-03d5de1be7ed","actor_username":"ahsantariq.ar@gmail.com","actor_via_sso":false,"log_type":"token"}	2025-11-03 14:40:00.830486+00	
00000000-0000-0000-0000-000000000000	911d3270-b2d2-44ab-9e6a-d0d03ac447f2	{"action":"token_revoked","actor_id":"755c0f15-990a-4e0d-9a1d-03d5de1be7ed","actor_username":"ahsantariq.ar@gmail.com","actor_via_sso":false,"log_type":"token"}	2025-11-03 14:40:00.841505+00	
00000000-0000-0000-0000-000000000000	d521357d-d25b-4bf0-b9d6-991898466570	{"action":"token_refreshed","actor_id":"755c0f15-990a-4e0d-9a1d-03d5de1be7ed","actor_username":"ahsantariq.ar@gmail.com","actor_via_sso":false,"log_type":"token"}	2025-11-03 14:43:21.469237+00	
00000000-0000-0000-0000-000000000000	132b7529-811c-45a6-8ef4-5a2004989874	{"action":"token_revoked","actor_id":"755c0f15-990a-4e0d-9a1d-03d5de1be7ed","actor_username":"ahsantariq.ar@gmail.com","actor_via_sso":false,"log_type":"token"}	2025-11-03 14:43:21.472599+00	
00000000-0000-0000-0000-000000000000	0ad9543c-94cb-475d-82fe-a25ec1d7bfeb	{"action":"login","actor_id":"755c0f15-990a-4e0d-9a1d-03d5de1be7ed","actor_username":"ahsantariq.ar@gmail.com","actor_via_sso":false,"log_type":"account","traits":{"provider":"email"}}	2025-11-03 15:12:01.567857+00	
00000000-0000-0000-0000-000000000000	55a1c3e5-9d85-4c3f-9dc2-a3f848bb7db8	{"action":"token_refreshed","actor_id":"755c0f15-990a-4e0d-9a1d-03d5de1be7ed","actor_username":"ahsantariq.ar@gmail.com","actor_via_sso":false,"log_type":"token"}	2025-11-03 16:18:25.792325+00	
00000000-0000-0000-0000-000000000000	68521a36-9179-4f19-b70c-361931b0edca	{"action":"token_revoked","actor_id":"755c0f15-990a-4e0d-9a1d-03d5de1be7ed","actor_username":"ahsantariq.ar@gmail.com","actor_via_sso":false,"log_type":"token"}	2025-11-03 16:18:25.803219+00	
00000000-0000-0000-0000-000000000000	30c96384-c868-4443-b5fb-4664035ee968	{"action":"token_refreshed","actor_id":"755c0f15-990a-4e0d-9a1d-03d5de1be7ed","actor_username":"ahsantariq.ar@gmail.com","actor_via_sso":false,"log_type":"token"}	2025-11-03 16:21:48.109243+00	
00000000-0000-0000-0000-000000000000	394f857b-fda8-4d5c-a6d2-935212a04fc3	{"action":"token_revoked","actor_id":"755c0f15-990a-4e0d-9a1d-03d5de1be7ed","actor_username":"ahsantariq.ar@gmail.com","actor_via_sso":false,"log_type":"token"}	2025-11-03 16:21:48.110545+00	
00000000-0000-0000-0000-000000000000	25fbce17-0efc-476f-8565-dc9913f4756a	{"action":"token_refreshed","actor_id":"755c0f15-990a-4e0d-9a1d-03d5de1be7ed","actor_username":"ahsantariq.ar@gmail.com","actor_via_sso":false,"log_type":"token"}	2025-11-03 16:30:58.023729+00	
00000000-0000-0000-0000-000000000000	e9caa551-7187-416c-952d-17a4f941787d	{"action":"token_revoked","actor_id":"755c0f15-990a-4e0d-9a1d-03d5de1be7ed","actor_username":"ahsantariq.ar@gmail.com","actor_via_sso":false,"log_type":"token"}	2025-11-03 16:30:58.02787+00	
00000000-0000-0000-0000-000000000000	720bb7a2-edd6-4fa8-a3d5-bac605536184	{"action":"token_refreshed","actor_id":"755c0f15-990a-4e0d-9a1d-03d5de1be7ed","actor_username":"ahsantariq.ar@gmail.com","actor_via_sso":false,"log_type":"token"}	2025-11-03 17:20:04.439571+00	
00000000-0000-0000-0000-000000000000	dfd7211e-91a7-4bc6-875d-3f234bd56f02	{"action":"token_revoked","actor_id":"755c0f15-990a-4e0d-9a1d-03d5de1be7ed","actor_username":"ahsantariq.ar@gmail.com","actor_via_sso":false,"log_type":"token"}	2025-11-03 17:20:04.464445+00	
00000000-0000-0000-0000-000000000000	2ce11247-d010-418a-973b-76f501abfa61	{"action":"token_refreshed","actor_id":"755c0f15-990a-4e0d-9a1d-03d5de1be7ed","actor_username":"ahsantariq.ar@gmail.com","actor_via_sso":false,"log_type":"token"}	2025-11-03 17:36:51.815159+00	
00000000-0000-0000-0000-000000000000	f7730b3d-302a-4f42-9953-605f1f766dda	{"action":"token_revoked","actor_id":"755c0f15-990a-4e0d-9a1d-03d5de1be7ed","actor_username":"ahsantariq.ar@gmail.com","actor_via_sso":false,"log_type":"token"}	2025-11-03 17:36:51.829072+00	
00000000-0000-0000-0000-000000000000	6df7ffd9-98c9-48ab-a999-aa28b5cce396	{"action":"token_refreshed","actor_id":"755c0f15-990a-4e0d-9a1d-03d5de1be7ed","actor_username":"ahsantariq.ar@gmail.com","actor_via_sso":false,"log_type":"token"}	2025-11-03 18:55:45.806311+00	
00000000-0000-0000-0000-000000000000	1bf285a4-b581-4788-a833-5e419fe31587	{"action":"token_revoked","actor_id":"755c0f15-990a-4e0d-9a1d-03d5de1be7ed","actor_username":"ahsantariq.ar@gmail.com","actor_via_sso":false,"log_type":"token"}	2025-11-03 18:55:45.824861+00	
00000000-0000-0000-0000-000000000000	3210f16a-662d-49e9-bf8d-2a97cf8e43d7	{"action":"token_refreshed","actor_id":"755c0f15-990a-4e0d-9a1d-03d5de1be7ed","actor_username":"ahsantariq.ar@gmail.com","actor_via_sso":false,"log_type":"token"}	2025-11-03 19:00:11.475194+00	
00000000-0000-0000-0000-000000000000	ba172da8-f4d3-4a78-a5f0-cb28a8a6003d	{"action":"token_revoked","actor_id":"755c0f15-990a-4e0d-9a1d-03d5de1be7ed","actor_username":"ahsantariq.ar@gmail.com","actor_via_sso":false,"log_type":"token"}	2025-11-03 19:00:11.477505+00	
00000000-0000-0000-0000-000000000000	5262844a-8e89-4413-89f7-06df640b2b3d	{"action":"login","actor_id":"755c0f15-990a-4e0d-9a1d-03d5de1be7ed","actor_username":"ahsantariq.ar@gmail.com","actor_via_sso":false,"log_type":"account","traits":{"provider":"email"}}	2025-11-04 09:52:11.164998+00	
00000000-0000-0000-0000-000000000000	6aaea9cf-ac37-4ab4-9dea-46fbdd0c817e	{"action":"token_refreshed","actor_id":"755c0f15-990a-4e0d-9a1d-03d5de1be7ed","actor_username":"ahsantariq.ar@gmail.com","actor_via_sso":false,"log_type":"token"}	2025-11-04 09:52:27.158416+00	
00000000-0000-0000-0000-000000000000	27a4521b-85ac-4c6c-977b-1e45bc4c36d8	{"action":"token_revoked","actor_id":"755c0f15-990a-4e0d-9a1d-03d5de1be7ed","actor_username":"ahsantariq.ar@gmail.com","actor_via_sso":false,"log_type":"token"}	2025-11-04 09:52:27.161111+00	
00000000-0000-0000-0000-000000000000	82b4bbf5-4851-4fe1-b298-4b516e69597e	{"action":"token_refreshed","actor_id":"755c0f15-990a-4e0d-9a1d-03d5de1be7ed","actor_username":"ahsantariq.ar@gmail.com","actor_via_sso":false,"log_type":"token"}	2025-11-04 10:52:33.597025+00	
00000000-0000-0000-0000-000000000000	64e0fdf6-c170-4431-bfe5-2922191e5cd9	{"action":"token_revoked","actor_id":"755c0f15-990a-4e0d-9a1d-03d5de1be7ed","actor_username":"ahsantariq.ar@gmail.com","actor_via_sso":false,"log_type":"token"}	2025-11-04 10:52:33.617659+00	
00000000-0000-0000-0000-000000000000	fb7b1a4b-09bf-415d-8a86-7acb8bcc030b	{"action":"token_refreshed","actor_id":"755c0f15-990a-4e0d-9a1d-03d5de1be7ed","actor_username":"ahsantariq.ar@gmail.com","actor_via_sso":false,"log_type":"token"}	2025-11-04 12:44:27.005858+00	
00000000-0000-0000-0000-000000000000	32d2939b-49ea-4251-b4b8-b38bdd500090	{"action":"token_revoked","actor_id":"755c0f15-990a-4e0d-9a1d-03d5de1be7ed","actor_username":"ahsantariq.ar@gmail.com","actor_via_sso":false,"log_type":"token"}	2025-11-04 12:44:27.017295+00	
00000000-0000-0000-0000-000000000000	ee0f5632-f3e6-48da-89f8-29e13b17e6f9	{"action":"token_refreshed","actor_id":"755c0f15-990a-4e0d-9a1d-03d5de1be7ed","actor_username":"ahsantariq.ar@gmail.com","actor_via_sso":false,"log_type":"token"}	2025-11-04 12:44:45.131207+00	
00000000-0000-0000-0000-000000000000	af1e507b-9ce8-4ceb-a334-19684599e9a0	{"action":"token_revoked","actor_id":"755c0f15-990a-4e0d-9a1d-03d5de1be7ed","actor_username":"ahsantariq.ar@gmail.com","actor_via_sso":false,"log_type":"token"}	2025-11-04 12:44:45.132236+00	
00000000-0000-0000-0000-000000000000	cbe85999-d95b-4c67-859f-150fa37cfd51	{"action":"token_refreshed","actor_id":"755c0f15-990a-4e0d-9a1d-03d5de1be7ed","actor_username":"ahsantariq.ar@gmail.com","actor_via_sso":false,"log_type":"token"}	2025-11-04 13:23:23.56806+00	
00000000-0000-0000-0000-000000000000	781115aa-6e21-4d81-bce2-542801ba2d67	{"action":"token_revoked","actor_id":"755c0f15-990a-4e0d-9a1d-03d5de1be7ed","actor_username":"ahsantariq.ar@gmail.com","actor_via_sso":false,"log_type":"token"}	2025-11-04 13:23:23.58566+00	
00000000-0000-0000-0000-000000000000	6adbc2f3-25b7-4635-8c57-846e214127e8	{"action":"token_refreshed","actor_id":"755c0f15-990a-4e0d-9a1d-03d5de1be7ed","actor_username":"ahsantariq.ar@gmail.com","actor_via_sso":false,"log_type":"token"}	2025-11-04 15:14:38.229669+00	
00000000-0000-0000-0000-000000000000	1338b3b7-e1d6-4b70-bcf4-fa572f04f1d6	{"action":"token_revoked","actor_id":"755c0f15-990a-4e0d-9a1d-03d5de1be7ed","actor_username":"ahsantariq.ar@gmail.com","actor_via_sso":false,"log_type":"token"}	2025-11-04 15:14:38.237124+00	
00000000-0000-0000-0000-000000000000	23519252-bd08-44ed-84a8-0675480ffb98	{"action":"token_refreshed","actor_id":"755c0f15-990a-4e0d-9a1d-03d5de1be7ed","actor_username":"ahsantariq.ar@gmail.com","actor_via_sso":false,"log_type":"token"}	2025-11-04 22:07:03.704516+00	
00000000-0000-0000-0000-000000000000	86de4c31-4445-47e0-b2b9-1d7bbb663248	{"action":"token_revoked","actor_id":"755c0f15-990a-4e0d-9a1d-03d5de1be7ed","actor_username":"ahsantariq.ar@gmail.com","actor_via_sso":false,"log_type":"token"}	2025-11-04 22:07:03.726772+00	
00000000-0000-0000-0000-000000000000	8d0b5f29-f9d2-46f7-8b64-4ed8e8038373	{"action":"token_refreshed","actor_id":"755c0f15-990a-4e0d-9a1d-03d5de1be7ed","actor_username":"ahsantariq.ar@gmail.com","actor_via_sso":false,"log_type":"token"}	2025-11-04 23:06:33.046338+00	
00000000-0000-0000-0000-000000000000	8cd8aa63-457f-424a-84df-5c54910bf70e	{"action":"token_revoked","actor_id":"755c0f15-990a-4e0d-9a1d-03d5de1be7ed","actor_username":"ahsantariq.ar@gmail.com","actor_via_sso":false,"log_type":"token"}	2025-11-04 23:06:33.061042+00	
00000000-0000-0000-0000-000000000000	5f638624-11c9-4084-80e0-aade7a04710d	{"action":"token_refreshed","actor_id":"755c0f15-990a-4e0d-9a1d-03d5de1be7ed","actor_username":"ahsantariq.ar@gmail.com","actor_via_sso":false,"log_type":"token"}	2025-11-05 12:08:04.55482+00	
00000000-0000-0000-0000-000000000000	d324761c-aeff-4202-bd53-9a167f7b29c1	{"action":"token_revoked","actor_id":"755c0f15-990a-4e0d-9a1d-03d5de1be7ed","actor_username":"ahsantariq.ar@gmail.com","actor_via_sso":false,"log_type":"token"}	2025-11-05 12:08:04.567671+00	
00000000-0000-0000-0000-000000000000	297657ac-dca5-4e4e-ab77-c96ea352a5fe	{"action":"token_refreshed","actor_id":"755c0f15-990a-4e0d-9a1d-03d5de1be7ed","actor_username":"ahsantariq.ar@gmail.com","actor_via_sso":false,"log_type":"token"}	2025-11-06 10:55:16.139432+00	
00000000-0000-0000-0000-000000000000	1317b232-4c4b-46a7-97c3-79dd61299a2a	{"action":"token_revoked","actor_id":"755c0f15-990a-4e0d-9a1d-03d5de1be7ed","actor_username":"ahsantariq.ar@gmail.com","actor_via_sso":false,"log_type":"token"}	2025-11-06 10:55:16.162743+00	
00000000-0000-0000-0000-000000000000	2af959bd-7288-410e-8573-32af36df6db4	{"action":"token_refreshed","actor_id":"755c0f15-990a-4e0d-9a1d-03d5de1be7ed","actor_username":"ahsantariq.ar@gmail.com","actor_via_sso":false,"log_type":"token"}	2025-11-06 11:25:50.756964+00	
00000000-0000-0000-0000-000000000000	9a8995a5-7a61-4d55-8740-1a9fa9256d28	{"action":"token_revoked","actor_id":"755c0f15-990a-4e0d-9a1d-03d5de1be7ed","actor_username":"ahsantariq.ar@gmail.com","actor_via_sso":false,"log_type":"token"}	2025-11-06 11:25:50.768905+00	
00000000-0000-0000-0000-000000000000	58b54cc9-c5a4-4f99-9c43-735cd1750d1b	{"action":"token_refreshed","actor_id":"755c0f15-990a-4e0d-9a1d-03d5de1be7ed","actor_username":"ahsantariq.ar@gmail.com","actor_via_sso":false,"log_type":"token"}	2025-11-06 13:47:43.251308+00	
00000000-0000-0000-0000-000000000000	d5bf5d7b-8478-4eb1-9912-d9922ed31dae	{"action":"token_revoked","actor_id":"755c0f15-990a-4e0d-9a1d-03d5de1be7ed","actor_username":"ahsantariq.ar@gmail.com","actor_via_sso":false,"log_type":"token"}	2025-11-06 13:47:43.26899+00	
00000000-0000-0000-0000-000000000000	7600e11d-4a52-4c12-984c-1cf1b189fc94	{"action":"token_refreshed","actor_id":"755c0f15-990a-4e0d-9a1d-03d5de1be7ed","actor_username":"ahsantariq.ar@gmail.com","actor_via_sso":false,"log_type":"token"}	2025-11-06 20:00:38.952434+00	
00000000-0000-0000-0000-000000000000	d9ff1969-f52e-44ce-8725-8612ce70e022	{"action":"token_revoked","actor_id":"755c0f15-990a-4e0d-9a1d-03d5de1be7ed","actor_username":"ahsantariq.ar@gmail.com","actor_via_sso":false,"log_type":"token"}	2025-11-06 20:00:38.983523+00	
00000000-0000-0000-0000-000000000000	ba359852-983e-497f-8b3c-1e4da49b4404	{"action":"token_refreshed","actor_id":"755c0f15-990a-4e0d-9a1d-03d5de1be7ed","actor_username":"ahsantariq.ar@gmail.com","actor_via_sso":false,"log_type":"token"}	2025-11-06 21:02:04.835877+00	
00000000-0000-0000-0000-000000000000	dabd5c4d-56c7-4484-a5e9-d71fba9f9284	{"action":"token_revoked","actor_id":"755c0f15-990a-4e0d-9a1d-03d5de1be7ed","actor_username":"ahsantariq.ar@gmail.com","actor_via_sso":false,"log_type":"token"}	2025-11-06 21:02:04.848459+00	
00000000-0000-0000-0000-000000000000	64971849-1016-40a7-9024-b71794c1698d	{"action":"token_refreshed","actor_id":"755c0f15-990a-4e0d-9a1d-03d5de1be7ed","actor_username":"ahsantariq.ar@gmail.com","actor_via_sso":false,"log_type":"token"}	2025-11-06 22:09:18.537382+00	
00000000-0000-0000-0000-000000000000	79e62250-77dc-427d-a7f8-2f2eb1f3faee	{"action":"token_revoked","actor_id":"755c0f15-990a-4e0d-9a1d-03d5de1be7ed","actor_username":"ahsantariq.ar@gmail.com","actor_via_sso":false,"log_type":"token"}	2025-11-06 22:09:18.556303+00	
00000000-0000-0000-0000-000000000000	678d653c-35a5-4b98-bdb3-24925e4db40c	{"action":"token_refreshed","actor_id":"755c0f15-990a-4e0d-9a1d-03d5de1be7ed","actor_username":"ahsantariq.ar@gmail.com","actor_via_sso":false,"log_type":"token"}	2025-11-06 22:45:52.027504+00	
00000000-0000-0000-0000-000000000000	69e9c46d-065b-4423-81a8-246aa93c4668	{"action":"token_revoked","actor_id":"755c0f15-990a-4e0d-9a1d-03d5de1be7ed","actor_username":"ahsantariq.ar@gmail.com","actor_via_sso":false,"log_type":"token"}	2025-11-06 22:45:52.041137+00	
00000000-0000-0000-0000-000000000000	d056e116-11cf-4e23-9876-ed6dc804b1e2	{"action":"token_refreshed","actor_id":"755c0f15-990a-4e0d-9a1d-03d5de1be7ed","actor_username":"ahsantariq.ar@gmail.com","actor_via_sso":false,"log_type":"token"}	2025-11-06 23:18:49.936174+00	
00000000-0000-0000-0000-000000000000	e62674ac-3e86-4105-a1c2-8da51c7f1cd8	{"action":"token_revoked","actor_id":"755c0f15-990a-4e0d-9a1d-03d5de1be7ed","actor_username":"ahsantariq.ar@gmail.com","actor_via_sso":false,"log_type":"token"}	2025-11-06 23:18:49.952938+00	
00000000-0000-0000-0000-000000000000	7fc630b9-eefd-4933-8d5f-7ba9230569fe	{"action":"login","actor_id":"755c0f15-990a-4e0d-9a1d-03d5de1be7ed","actor_username":"ahsantariq.ar@gmail.com","actor_via_sso":false,"log_type":"account","traits":{"provider":"email"}}	2025-11-06 23:26:58.054849+00	
00000000-0000-0000-0000-000000000000	2e19010d-7ec8-4c53-a55f-b695e7697f72	{"action":"login","actor_id":"755c0f15-990a-4e0d-9a1d-03d5de1be7ed","actor_username":"ahsantariq.ar@gmail.com","actor_via_sso":false,"log_type":"account","traits":{"provider":"email"}}	2025-11-06 23:31:11.125158+00	
00000000-0000-0000-0000-000000000000	c265943c-3b0b-42f0-aac3-cf19611d04dc	{"action":"token_refreshed","actor_id":"755c0f15-990a-4e0d-9a1d-03d5de1be7ed","actor_username":"ahsantariq.ar@gmail.com","actor_via_sso":false,"log_type":"token"}	2025-11-06 23:33:19.398194+00	
00000000-0000-0000-0000-000000000000	466a8185-efaf-4b8c-b08b-042b16742011	{"action":"token_revoked","actor_id":"755c0f15-990a-4e0d-9a1d-03d5de1be7ed","actor_username":"ahsantariq.ar@gmail.com","actor_via_sso":false,"log_type":"token"}	2025-11-06 23:33:19.3993+00	
00000000-0000-0000-0000-000000000000	34a62ea2-27bb-4973-a81d-9763bb2be52a	{"action":"token_refreshed","actor_id":"755c0f15-990a-4e0d-9a1d-03d5de1be7ed","actor_username":"ahsantariq.ar@gmail.com","actor_via_sso":false,"log_type":"token"}	2025-11-07 00:20:57.656701+00	
00000000-0000-0000-0000-000000000000	2bca5fa7-3852-4a12-b582-9df76012dfa3	{"action":"token_revoked","actor_id":"755c0f15-990a-4e0d-9a1d-03d5de1be7ed","actor_username":"ahsantariq.ar@gmail.com","actor_via_sso":false,"log_type":"token"}	2025-11-07 00:20:57.669669+00	
00000000-0000-0000-0000-000000000000	e4f69e22-a4e9-4266-b79d-fed484d8aaaa	{"action":"token_refreshed","actor_id":"755c0f15-990a-4e0d-9a1d-03d5de1be7ed","actor_username":"ahsantariq.ar@gmail.com","actor_via_sso":false,"log_type":"token"}	2025-11-07 01:05:05.189091+00	
00000000-0000-0000-0000-000000000000	5c3a91c2-17b5-4902-a84b-81cd60224e48	{"action":"token_revoked","actor_id":"755c0f15-990a-4e0d-9a1d-03d5de1be7ed","actor_username":"ahsantariq.ar@gmail.com","actor_via_sso":false,"log_type":"token"}	2025-11-07 01:05:05.200185+00	
00000000-0000-0000-0000-000000000000	d441d625-d976-469a-9e0e-48ac1f0a94e0	{"action":"token_refreshed","actor_id":"755c0f15-990a-4e0d-9a1d-03d5de1be7ed","actor_username":"ahsantariq.ar@gmail.com","actor_via_sso":false,"log_type":"token"}	2025-11-07 01:35:23.563843+00	
00000000-0000-0000-0000-000000000000	98009a80-db37-4aa9-be7c-0b3e5b195f42	{"action":"token_revoked","actor_id":"755c0f15-990a-4e0d-9a1d-03d5de1be7ed","actor_username":"ahsantariq.ar@gmail.com","actor_via_sso":false,"log_type":"token"}	2025-11-07 01:35:23.576919+00	
00000000-0000-0000-0000-000000000000	78158aa6-8652-4232-989b-0592f3b480b3	{"action":"token_refreshed","actor_id":"755c0f15-990a-4e0d-9a1d-03d5de1be7ed","actor_username":"ahsantariq.ar@gmail.com","actor_via_sso":false,"log_type":"token"}	2025-11-07 10:10:24.052869+00	
00000000-0000-0000-0000-000000000000	60d702c2-aa04-4da8-a893-0ad6c5f6576c	{"action":"token_revoked","actor_id":"755c0f15-990a-4e0d-9a1d-03d5de1be7ed","actor_username":"ahsantariq.ar@gmail.com","actor_via_sso":false,"log_type":"token"}	2025-11-07 10:10:24.07086+00	
00000000-0000-0000-0000-000000000000	b5210278-e2e6-4d9c-affc-80f9f55fdf9c	{"action":"login","actor_id":"755c0f15-990a-4e0d-9a1d-03d5de1be7ed","actor_username":"ahsantariq.ar@gmail.com","actor_via_sso":false,"log_type":"account","traits":{"provider":"email"}}	2025-11-07 10:13:00.545079+00	
00000000-0000-0000-0000-000000000000	a8787dac-f4c5-4429-8d8b-8e1c0d45bca6	{"action":"login","actor_id":"755c0f15-990a-4e0d-9a1d-03d5de1be7ed","actor_username":"ahsantariq.ar@gmail.com","actor_via_sso":false,"log_type":"account","traits":{"provider":"email"}}	2025-11-07 10:15:25.037149+00	
00000000-0000-0000-0000-000000000000	270abe58-60dc-4677-b634-a97182b71474	{"action":"token_refreshed","actor_id":"755c0f15-990a-4e0d-9a1d-03d5de1be7ed","actor_username":"ahsantariq.ar@gmail.com","actor_via_sso":false,"log_type":"token"}	2025-11-07 10:28:00.570746+00	
00000000-0000-0000-0000-000000000000	f3147c7a-c96a-4625-9abc-b842115c095e	{"action":"token_revoked","actor_id":"755c0f15-990a-4e0d-9a1d-03d5de1be7ed","actor_username":"ahsantariq.ar@gmail.com","actor_via_sso":false,"log_type":"token"}	2025-11-07 10:28:00.576708+00	
00000000-0000-0000-0000-000000000000	74a521d4-d11e-421d-92c0-677cf973ff22	{"action":"token_refreshed","actor_id":"755c0f15-990a-4e0d-9a1d-03d5de1be7ed","actor_username":"ahsantariq.ar@gmail.com","actor_via_sso":false,"log_type":"token"}	2025-11-07 12:58:46.654543+00	
00000000-0000-0000-0000-000000000000	d4d9090b-5568-4973-a426-c3ebddcac81b	{"action":"token_revoked","actor_id":"755c0f15-990a-4e0d-9a1d-03d5de1be7ed","actor_username":"ahsantariq.ar@gmail.com","actor_via_sso":false,"log_type":"token"}	2025-11-07 12:58:46.690327+00	
00000000-0000-0000-0000-000000000000	1085d58a-a5f9-413d-b01d-c749e6f46d2a	{"action":"token_refreshed","actor_id":"755c0f15-990a-4e0d-9a1d-03d5de1be7ed","actor_username":"ahsantariq.ar@gmail.com","actor_via_sso":false,"log_type":"token"}	2025-11-07 17:25:31.984622+00	
00000000-0000-0000-0000-000000000000	e7e6bd86-002b-4f74-aacf-f2ea10c93f97	{"action":"token_revoked","actor_id":"755c0f15-990a-4e0d-9a1d-03d5de1be7ed","actor_username":"ahsantariq.ar@gmail.com","actor_via_sso":false,"log_type":"token"}	2025-11-07 17:25:32.003482+00	
00000000-0000-0000-0000-000000000000	4fc6ea98-f98d-4ccd-9871-d15e781285ab	{"action":"token_refreshed","actor_id":"755c0f15-990a-4e0d-9a1d-03d5de1be7ed","actor_username":"ahsantariq.ar@gmail.com","actor_via_sso":false,"log_type":"token"}	2025-11-07 20:10:17.54571+00	
00000000-0000-0000-0000-000000000000	bde50ce6-d90b-4e41-b338-f90b757b432a	{"action":"token_revoked","actor_id":"755c0f15-990a-4e0d-9a1d-03d5de1be7ed","actor_username":"ahsantariq.ar@gmail.com","actor_via_sso":false,"log_type":"token"}	2025-11-07 20:10:17.563322+00	
00000000-0000-0000-0000-000000000000	56e8c17b-5cd6-4378-8d30-8b961c0dec76	{"action":"token_refreshed","actor_id":"755c0f15-990a-4e0d-9a1d-03d5de1be7ed","actor_username":"ahsantariq.ar@gmail.com","actor_via_sso":false,"log_type":"token"}	2025-11-07 21:23:26.498858+00	
00000000-0000-0000-0000-000000000000	d13d86d2-87a3-445f-815d-23a2740947f5	{"action":"token_revoked","actor_id":"755c0f15-990a-4e0d-9a1d-03d5de1be7ed","actor_username":"ahsantariq.ar@gmail.com","actor_via_sso":false,"log_type":"token"}	2025-11-07 21:23:26.522528+00	
00000000-0000-0000-0000-000000000000	0cd941f8-0af6-4028-85cf-8413d57303ce	{"action":"token_refreshed","actor_id":"755c0f15-990a-4e0d-9a1d-03d5de1be7ed","actor_username":"ahsantariq.ar@gmail.com","actor_via_sso":false,"log_type":"token"}	2025-11-07 22:13:34.985034+00	
00000000-0000-0000-0000-000000000000	5bc80ccf-7970-43ef-bab9-19a64d56d522	{"action":"token_revoked","actor_id":"755c0f15-990a-4e0d-9a1d-03d5de1be7ed","actor_username":"ahsantariq.ar@gmail.com","actor_via_sso":false,"log_type":"token"}	2025-11-07 22:13:35.005715+00	
00000000-0000-0000-0000-000000000000	3b004c46-366e-4bc3-9e1d-ff6868fe3340	{"action":"token_refreshed","actor_id":"755c0f15-990a-4e0d-9a1d-03d5de1be7ed","actor_username":"ahsantariq.ar@gmail.com","actor_via_sso":false,"log_type":"token"}	2025-11-07 23:11:36.291457+00	
00000000-0000-0000-0000-000000000000	bed5005a-7f91-48ea-9c89-553938c03cea	{"action":"token_revoked","actor_id":"755c0f15-990a-4e0d-9a1d-03d5de1be7ed","actor_username":"ahsantariq.ar@gmail.com","actor_via_sso":false,"log_type":"token"}	2025-11-07 23:11:36.310408+00	
00000000-0000-0000-0000-000000000000	cb5b9b1d-2af9-499f-9d81-2b7934b0f9f1	{"action":"token_refreshed","actor_id":"755c0f15-990a-4e0d-9a1d-03d5de1be7ed","actor_username":"ahsantariq.ar@gmail.com","actor_via_sso":false,"log_type":"token"}	2025-11-07 23:38:03.901773+00	
00000000-0000-0000-0000-000000000000	125f1b94-3a04-4099-b778-594188cb6a56	{"action":"token_revoked","actor_id":"755c0f15-990a-4e0d-9a1d-03d5de1be7ed","actor_username":"ahsantariq.ar@gmail.com","actor_via_sso":false,"log_type":"token"}	2025-11-07 23:38:03.91431+00	
00000000-0000-0000-0000-000000000000	dc0594ec-d113-4415-a877-72e3ee0309cd	{"action":"token_refreshed","actor_id":"755c0f15-990a-4e0d-9a1d-03d5de1be7ed","actor_username":"ahsantariq.ar@gmail.com","actor_via_sso":false,"log_type":"token"}	2025-11-08 00:24:01.915736+00	
00000000-0000-0000-0000-000000000000	e38bbda7-6a7c-4aa1-bf53-f9158fcd10fe	{"action":"token_revoked","actor_id":"755c0f15-990a-4e0d-9a1d-03d5de1be7ed","actor_username":"ahsantariq.ar@gmail.com","actor_via_sso":false,"log_type":"token"}	2025-11-08 00:24:01.93026+00	
00000000-0000-0000-0000-000000000000	c651e5e6-6edb-4d42-a124-ba3b43809955	{"action":"token_refreshed","actor_id":"755c0f15-990a-4e0d-9a1d-03d5de1be7ed","actor_username":"ahsantariq.ar@gmail.com","actor_via_sso":false,"log_type":"token"}	2025-11-08 00:42:14.179975+00	
00000000-0000-0000-0000-000000000000	d545aad8-9671-477b-9e1f-b0929e1e0a2b	{"action":"token_revoked","actor_id":"755c0f15-990a-4e0d-9a1d-03d5de1be7ed","actor_username":"ahsantariq.ar@gmail.com","actor_via_sso":false,"log_type":"token"}	2025-11-08 00:42:14.184374+00	
00000000-0000-0000-0000-000000000000	b2e9f4f4-be54-4c74-b970-1fc20933bf93	{"action":"token_refreshed","actor_id":"755c0f15-990a-4e0d-9a1d-03d5de1be7ed","actor_username":"ahsantariq.ar@gmail.com","actor_via_sso":false,"log_type":"token"}	2025-11-08 00:42:19.181357+00	
00000000-0000-0000-0000-000000000000	66062f4e-db2a-41a6-ab28-e692feffcd1f	{"action":"token_revoked","actor_id":"755c0f15-990a-4e0d-9a1d-03d5de1be7ed","actor_username":"ahsantariq.ar@gmail.com","actor_via_sso":false,"log_type":"token"}	2025-11-08 00:42:19.183368+00	
00000000-0000-0000-0000-000000000000	8c3376bd-4d72-458a-8dac-24a483a9a002	{"action":"token_refreshed","actor_id":"755c0f15-990a-4e0d-9a1d-03d5de1be7ed","actor_username":"ahsantariq.ar@gmail.com","actor_via_sso":false,"log_type":"token"}	2025-11-08 00:54:18.97304+00	
00000000-0000-0000-0000-000000000000	d57d18b0-4631-45e2-a923-8a3c8b71fc52	{"action":"token_revoked","actor_id":"755c0f15-990a-4e0d-9a1d-03d5de1be7ed","actor_username":"ahsantariq.ar@gmail.com","actor_via_sso":false,"log_type":"token"}	2025-11-08 00:54:18.993578+00	
00000000-0000-0000-0000-000000000000	2a6ec877-157f-4b24-a69c-4b42f5a79321	{"action":"token_refreshed","actor_id":"755c0f15-990a-4e0d-9a1d-03d5de1be7ed","actor_username":"ahsantariq.ar@gmail.com","actor_via_sso":false,"log_type":"token"}	2025-11-08 01:52:24.571288+00	
00000000-0000-0000-0000-000000000000	7b4dd3d8-299f-4d43-aeac-cc212f179859	{"action":"token_revoked","actor_id":"755c0f15-990a-4e0d-9a1d-03d5de1be7ed","actor_username":"ahsantariq.ar@gmail.com","actor_via_sso":false,"log_type":"token"}	2025-11-08 01:52:24.589089+00	
00000000-0000-0000-0000-000000000000	0c007dad-fef9-4063-af81-2c343119a882	{"action":"token_refreshed","actor_id":"755c0f15-990a-4e0d-9a1d-03d5de1be7ed","actor_username":"ahsantariq.ar@gmail.com","actor_via_sso":false,"log_type":"token"}	2025-11-08 02:08:11.098438+00	
00000000-0000-0000-0000-000000000000	0b8e11ae-f0f7-439a-bd91-12285f24c1eb	{"action":"token_revoked","actor_id":"755c0f15-990a-4e0d-9a1d-03d5de1be7ed","actor_username":"ahsantariq.ar@gmail.com","actor_via_sso":false,"log_type":"token"}	2025-11-08 02:08:11.112067+00	
00000000-0000-0000-0000-000000000000	7ed14aef-e9d8-4453-8a93-f9f5f52f7424	{"action":"token_refreshed","actor_id":"755c0f15-990a-4e0d-9a1d-03d5de1be7ed","actor_username":"ahsantariq.ar@gmail.com","actor_via_sso":false,"log_type":"token"}	2025-11-08 10:13:01.277405+00	
00000000-0000-0000-0000-000000000000	5c7cfe69-9ec9-4c78-8665-029e2d8cd50b	{"action":"token_revoked","actor_id":"755c0f15-990a-4e0d-9a1d-03d5de1be7ed","actor_username":"ahsantariq.ar@gmail.com","actor_via_sso":false,"log_type":"token"}	2025-11-08 10:13:01.305399+00	
00000000-0000-0000-0000-000000000000	8e996a9b-76a7-4df0-bb61-9ef6b7d6a099	{"action":"token_refreshed","actor_id":"755c0f15-990a-4e0d-9a1d-03d5de1be7ed","actor_username":"ahsantariq.ar@gmail.com","actor_via_sso":false,"log_type":"token"}	2025-11-08 10:51:04.231774+00	
00000000-0000-0000-0000-000000000000	c30eea52-0268-4333-8876-0d883f2da83d	{"action":"token_revoked","actor_id":"755c0f15-990a-4e0d-9a1d-03d5de1be7ed","actor_username":"ahsantariq.ar@gmail.com","actor_via_sso":false,"log_type":"token"}	2025-11-08 10:51:04.238638+00	
00000000-0000-0000-0000-000000000000	bbf254b1-4775-4abd-8538-5d0306429aca	{"action":"token_refreshed","actor_id":"755c0f15-990a-4e0d-9a1d-03d5de1be7ed","actor_username":"ahsantariq.ar@gmail.com","actor_via_sso":false,"log_type":"token"}	2025-11-08 13:34:19.385039+00	
00000000-0000-0000-0000-000000000000	1a035683-d86b-4338-99bc-73ec32d12486	{"action":"token_revoked","actor_id":"755c0f15-990a-4e0d-9a1d-03d5de1be7ed","actor_username":"ahsantariq.ar@gmail.com","actor_via_sso":false,"log_type":"token"}	2025-11-08 13:34:19.398593+00	
00000000-0000-0000-0000-000000000000	76a5c001-7e5d-430e-98ef-9cd16c46a7a7	{"action":"token_refreshed","actor_id":"755c0f15-990a-4e0d-9a1d-03d5de1be7ed","actor_username":"ahsantariq.ar@gmail.com","actor_via_sso":false,"log_type":"token"}	2025-11-08 13:46:21.958604+00	
00000000-0000-0000-0000-000000000000	4733a22f-3451-43c5-8986-78f89dba135a	{"action":"token_revoked","actor_id":"755c0f15-990a-4e0d-9a1d-03d5de1be7ed","actor_username":"ahsantariq.ar@gmail.com","actor_via_sso":false,"log_type":"token"}	2025-11-08 13:46:21.968576+00	
00000000-0000-0000-0000-000000000000	ae4babd4-53be-4216-b1b2-fbc293776cd8	{"action":"token_refreshed","actor_id":"755c0f15-990a-4e0d-9a1d-03d5de1be7ed","actor_username":"ahsantariq.ar@gmail.com","actor_via_sso":false,"log_type":"token"}	2025-11-08 14:44:48.565211+00	
00000000-0000-0000-0000-000000000000	1a3826f7-461d-4c72-a918-db20297ff831	{"action":"token_revoked","actor_id":"755c0f15-990a-4e0d-9a1d-03d5de1be7ed","actor_username":"ahsantariq.ar@gmail.com","actor_via_sso":false,"log_type":"token"}	2025-11-08 14:44:48.584149+00	
00000000-0000-0000-0000-000000000000	bcd52a86-9d25-4c8a-86b7-faeb757891e3	{"action":"token_refreshed","actor_id":"755c0f15-990a-4e0d-9a1d-03d5de1be7ed","actor_username":"ahsantariq.ar@gmail.com","actor_via_sso":false,"log_type":"token"}	2025-11-08 15:56:16.056613+00	
00000000-0000-0000-0000-000000000000	2a78168c-620d-46ae-a404-a70c589182ab	{"action":"token_revoked","actor_id":"755c0f15-990a-4e0d-9a1d-03d5de1be7ed","actor_username":"ahsantariq.ar@gmail.com","actor_via_sso":false,"log_type":"token"}	2025-11-08 15:56:16.078735+00	
00000000-0000-0000-0000-000000000000	aafc4172-adfd-441c-b09e-0364a81d41d8	{"action":"token_refreshed","actor_id":"755c0f15-990a-4e0d-9a1d-03d5de1be7ed","actor_username":"ahsantariq.ar@gmail.com","actor_via_sso":false,"log_type":"token"}	2025-11-08 21:27:30.785141+00	
00000000-0000-0000-0000-000000000000	5fac83d8-604f-4af5-b2e6-c94b5a4a8e8d	{"action":"token_revoked","actor_id":"755c0f15-990a-4e0d-9a1d-03d5de1be7ed","actor_username":"ahsantariq.ar@gmail.com","actor_via_sso":false,"log_type":"token"}	2025-11-08 21:27:30.814676+00	
00000000-0000-0000-0000-000000000000	fae857b1-f62d-4f67-a12f-1c506a1dec80	{"action":"token_refreshed","actor_id":"755c0f15-990a-4e0d-9a1d-03d5de1be7ed","actor_username":"ahsantariq.ar@gmail.com","actor_via_sso":false,"log_type":"token"}	2025-11-09 08:51:10.403624+00	
00000000-0000-0000-0000-000000000000	6410f2a8-e786-4a3c-9844-13ea2bb1816a	{"action":"token_revoked","actor_id":"755c0f15-990a-4e0d-9a1d-03d5de1be7ed","actor_username":"ahsantariq.ar@gmail.com","actor_via_sso":false,"log_type":"token"}	2025-11-09 08:51:10.42864+00	
00000000-0000-0000-0000-000000000000	515650e0-0267-4085-b894-d7fa8fc8b83c	{"action":"token_refreshed","actor_id":"755c0f15-990a-4e0d-9a1d-03d5de1be7ed","actor_username":"ahsantariq.ar@gmail.com","actor_via_sso":false,"log_type":"token"}	2025-11-09 10:01:34.112493+00	
00000000-0000-0000-0000-000000000000	1d71e4d6-0f9f-41ee-9172-35c690e187b8	{"action":"token_revoked","actor_id":"755c0f15-990a-4e0d-9a1d-03d5de1be7ed","actor_username":"ahsantariq.ar@gmail.com","actor_via_sso":false,"log_type":"token"}	2025-11-09 10:01:34.12396+00	
00000000-0000-0000-0000-000000000000	58c21bea-d10f-4f9d-9dec-fcd47682a36a	{"action":"token_refreshed","actor_id":"755c0f15-990a-4e0d-9a1d-03d5de1be7ed","actor_username":"ahsantariq.ar@gmail.com","actor_via_sso":false,"log_type":"token"}	2025-11-09 12:09:45.715566+00	
00000000-0000-0000-0000-000000000000	9ac7e359-fc95-466b-bf05-5ea430db3bc1	{"action":"token_revoked","actor_id":"755c0f15-990a-4e0d-9a1d-03d5de1be7ed","actor_username":"ahsantariq.ar@gmail.com","actor_via_sso":false,"log_type":"token"}	2025-11-09 12:09:45.729612+00	
00000000-0000-0000-0000-000000000000	a724fdda-3410-444c-b901-40a729af83dd	{"action":"token_refreshed","actor_id":"755c0f15-990a-4e0d-9a1d-03d5de1be7ed","actor_username":"ahsantariq.ar@gmail.com","actor_via_sso":false,"log_type":"token"}	2025-11-09 14:31:53.87208+00	
00000000-0000-0000-0000-000000000000	8e0e95d2-e0ac-4b5e-8837-5c02e05911b3	{"action":"token_revoked","actor_id":"755c0f15-990a-4e0d-9a1d-03d5de1be7ed","actor_username":"ahsantariq.ar@gmail.com","actor_via_sso":false,"log_type":"token"}	2025-11-09 14:31:53.890667+00	
00000000-0000-0000-0000-000000000000	4ce6c0c3-0ae6-436c-913a-cf8b25ca9b90	{"action":"token_refreshed","actor_id":"755c0f15-990a-4e0d-9a1d-03d5de1be7ed","actor_username":"ahsantariq.ar@gmail.com","actor_via_sso":false,"log_type":"token"}	2025-11-10 12:02:03.411299+00	
00000000-0000-0000-0000-000000000000	3acb4ac6-9ce4-4c91-8c57-aa2919d8e7fc	{"action":"token_revoked","actor_id":"755c0f15-990a-4e0d-9a1d-03d5de1be7ed","actor_username":"ahsantariq.ar@gmail.com","actor_via_sso":false,"log_type":"token"}	2025-11-10 12:02:03.433036+00	
00000000-0000-0000-0000-000000000000	ef0a2d76-5da4-4fc1-a097-97a3ae15921e	{"action":"login","actor_id":"755c0f15-990a-4e0d-9a1d-03d5de1be7ed","actor_username":"ahsantariq.ar@gmail.com","actor_via_sso":false,"log_type":"account","traits":{"provider":"email"}}	2025-11-10 12:07:09.929325+00	
00000000-0000-0000-0000-000000000000	b680ee0e-990c-4f04-b768-2b4f05114df3	{"action":"token_refreshed","actor_id":"755c0f15-990a-4e0d-9a1d-03d5de1be7ed","actor_username":"ahsantariq.ar@gmail.com","actor_via_sso":false,"log_type":"token"}	2025-11-10 13:56:24.816646+00	
00000000-0000-0000-0000-000000000000	ec511eba-be32-4587-b43f-981898fcaa45	{"action":"token_revoked","actor_id":"755c0f15-990a-4e0d-9a1d-03d5de1be7ed","actor_username":"ahsantariq.ar@gmail.com","actor_via_sso":false,"log_type":"token"}	2025-11-10 13:56:24.84007+00	
00000000-0000-0000-0000-000000000000	41447d73-11ef-4873-a2f5-29886481e557	{"action":"token_refreshed","actor_id":"755c0f15-990a-4e0d-9a1d-03d5de1be7ed","actor_username":"ahsantariq.ar@gmail.com","actor_via_sso":false,"log_type":"token"}	2025-11-10 14:15:39.170844+00	
00000000-0000-0000-0000-000000000000	cb199738-c613-4001-8db5-045201c70834	{"action":"token_revoked","actor_id":"755c0f15-990a-4e0d-9a1d-03d5de1be7ed","actor_username":"ahsantariq.ar@gmail.com","actor_via_sso":false,"log_type":"token"}	2025-11-10 14:15:39.178392+00	
00000000-0000-0000-0000-000000000000	535bc6dd-f35b-4cff-bf95-0964cba293c4	{"action":"token_refreshed","actor_id":"755c0f15-990a-4e0d-9a1d-03d5de1be7ed","actor_username":"ahsantariq.ar@gmail.com","actor_via_sso":false,"log_type":"token"}	2025-11-11 03:48:10.309318+00	
00000000-0000-0000-0000-000000000000	9ae57569-379f-4c6e-94c2-afab6fa1f389	{"action":"token_revoked","actor_id":"755c0f15-990a-4e0d-9a1d-03d5de1be7ed","actor_username":"ahsantariq.ar@gmail.com","actor_via_sso":false,"log_type":"token"}	2025-11-11 03:48:10.336451+00	
00000000-0000-0000-0000-000000000000	34037d67-6208-4110-a998-593613b88bc6	{"action":"token_refreshed","actor_id":"755c0f15-990a-4e0d-9a1d-03d5de1be7ed","actor_username":"ahsantariq.ar@gmail.com","actor_via_sso":false,"log_type":"token"}	2025-11-11 13:26:05.159987+00	
00000000-0000-0000-0000-000000000000	d8616d14-8e90-4c81-8a03-fd6a39323e13	{"action":"token_revoked","actor_id":"755c0f15-990a-4e0d-9a1d-03d5de1be7ed","actor_username":"ahsantariq.ar@gmail.com","actor_via_sso":false,"log_type":"token"}	2025-11-11 13:26:05.188645+00	
00000000-0000-0000-0000-000000000000	c7b99e2d-ce4b-4700-bec8-db35dfd0e0cd	{"action":"token_refreshed","actor_id":"755c0f15-990a-4e0d-9a1d-03d5de1be7ed","actor_username":"ahsantariq.ar@gmail.com","actor_via_sso":false,"log_type":"token"}	2025-11-11 13:35:21.9345+00	
00000000-0000-0000-0000-000000000000	1681e84b-a338-4ef7-ba84-4508d79b7a40	{"action":"token_revoked","actor_id":"755c0f15-990a-4e0d-9a1d-03d5de1be7ed","actor_username":"ahsantariq.ar@gmail.com","actor_via_sso":false,"log_type":"token"}	2025-11-11 13:35:21.945317+00	
00000000-0000-0000-0000-000000000000	3f19c5be-e526-42af-8ca7-ea70773ce493	{"action":"token_refreshed","actor_id":"755c0f15-990a-4e0d-9a1d-03d5de1be7ed","actor_username":"ahsantariq.ar@gmail.com","actor_via_sso":false,"log_type":"token"}	2025-11-11 15:39:25.167879+00	
00000000-0000-0000-0000-000000000000	aab7da87-9145-44ac-9f5e-1ac5739710c5	{"action":"token_revoked","actor_id":"755c0f15-990a-4e0d-9a1d-03d5de1be7ed","actor_username":"ahsantariq.ar@gmail.com","actor_via_sso":false,"log_type":"token"}	2025-11-11 15:39:25.187375+00	
00000000-0000-0000-0000-000000000000	5ecad2da-1ec9-4f39-949f-be33e8e2069e	{"action":"token_refreshed","actor_id":"755c0f15-990a-4e0d-9a1d-03d5de1be7ed","actor_username":"ahsantariq.ar@gmail.com","actor_via_sso":false,"log_type":"token"}	2025-11-11 20:56:23.825229+00	
00000000-0000-0000-0000-000000000000	751f10cf-4e7c-4ef9-abb4-a9213a75e112	{"action":"token_revoked","actor_id":"755c0f15-990a-4e0d-9a1d-03d5de1be7ed","actor_username":"ahsantariq.ar@gmail.com","actor_via_sso":false,"log_type":"token"}	2025-11-11 20:56:23.85586+00	
00000000-0000-0000-0000-000000000000	d67e5fd2-4b11-4fd8-a307-d87679b394dc	{"action":"token_refreshed","actor_id":"755c0f15-990a-4e0d-9a1d-03d5de1be7ed","actor_username":"ahsantariq.ar@gmail.com","actor_via_sso":false,"log_type":"token"}	2025-11-12 09:38:05.088276+00	
00000000-0000-0000-0000-000000000000	d412ba12-526e-4ff4-9ed7-7bcf829b42e2	{"action":"token_refreshed","actor_id":"755c0f15-990a-4e0d-9a1d-03d5de1be7ed","actor_username":"ahsantariq.ar@gmail.com","actor_via_sso":false,"log_type":"token"}	2025-11-12 11:59:10.778035+00	
00000000-0000-0000-0000-000000000000	5bc9efb5-3881-4c44-a299-994fac857a78	{"action":"token_revoked","actor_id":"755c0f15-990a-4e0d-9a1d-03d5de1be7ed","actor_username":"ahsantariq.ar@gmail.com","actor_via_sso":false,"log_type":"token"}	2025-11-12 11:59:10.811748+00	
00000000-0000-0000-0000-000000000000	4111b2b7-7c1f-41b6-bc68-22e8ae843cec	{"action":"token_refreshed","actor_id":"755c0f15-990a-4e0d-9a1d-03d5de1be7ed","actor_username":"ahsantariq.ar@gmail.com","actor_via_sso":false,"log_type":"token"}	2025-11-12 12:57:35.872272+00	
00000000-0000-0000-0000-000000000000	e960b1e8-e45c-4e7f-8c24-af6e3e5930be	{"action":"token_revoked","actor_id":"755c0f15-990a-4e0d-9a1d-03d5de1be7ed","actor_username":"ahsantariq.ar@gmail.com","actor_via_sso":false,"log_type":"token"}	2025-11-12 12:57:35.891453+00	
00000000-0000-0000-0000-000000000000	cdc7685f-4a6d-431c-a294-717fa6942b97	{"action":"token_refreshed","actor_id":"755c0f15-990a-4e0d-9a1d-03d5de1be7ed","actor_username":"ahsantariq.ar@gmail.com","actor_via_sso":false,"log_type":"token"}	2025-11-12 13:55:58.160398+00	
00000000-0000-0000-0000-000000000000	7c35fe38-6a08-46bc-bed0-b4a705817e97	{"action":"token_revoked","actor_id":"755c0f15-990a-4e0d-9a1d-03d5de1be7ed","actor_username":"ahsantariq.ar@gmail.com","actor_via_sso":false,"log_type":"token"}	2025-11-12 13:55:58.175621+00	
00000000-0000-0000-0000-000000000000	00c22791-830b-448b-81cf-99c208ca0668	{"action":"token_refreshed","actor_id":"755c0f15-990a-4e0d-9a1d-03d5de1be7ed","actor_username":"ahsantariq.ar@gmail.com","actor_via_sso":false,"log_type":"token"}	2025-11-12 14:55:10.448188+00	
00000000-0000-0000-0000-000000000000	25a4d00c-f357-4e10-a229-fff71f859b99	{"action":"token_revoked","actor_id":"755c0f15-990a-4e0d-9a1d-03d5de1be7ed","actor_username":"ahsantariq.ar@gmail.com","actor_via_sso":false,"log_type":"token"}	2025-11-12 14:55:10.471726+00	
00000000-0000-0000-0000-000000000000	d327e27a-0722-4ec8-b26e-5371f9db4086	{"action":"token_refreshed","actor_id":"755c0f15-990a-4e0d-9a1d-03d5de1be7ed","actor_username":"ahsantariq.ar@gmail.com","actor_via_sso":false,"log_type":"token"}	2025-11-12 15:12:30.67496+00	
00000000-0000-0000-0000-000000000000	04ed984b-57cb-4631-a49e-ab8c9a4ee1a2	{"action":"token_revoked","actor_id":"755c0f15-990a-4e0d-9a1d-03d5de1be7ed","actor_username":"ahsantariq.ar@gmail.com","actor_via_sso":false,"log_type":"token"}	2025-11-12 15:12:30.686117+00	
00000000-0000-0000-0000-000000000000	f6c38698-539e-4311-8381-ebc73cd2c1f3	{"action":"token_refreshed","actor_id":"755c0f15-990a-4e0d-9a1d-03d5de1be7ed","actor_username":"ahsantariq.ar@gmail.com","actor_via_sso":false,"log_type":"token"}	2025-11-13 10:52:32.306857+00	
00000000-0000-0000-0000-000000000000	37d9c8af-e09b-4130-8598-e1c592b03df5	{"action":"token_revoked","actor_id":"755c0f15-990a-4e0d-9a1d-03d5de1be7ed","actor_username":"ahsantariq.ar@gmail.com","actor_via_sso":false,"log_type":"token"}	2025-11-13 10:52:32.332878+00	
00000000-0000-0000-0000-000000000000	690b16c0-b6d8-4c63-9374-c79fec4fa42f	{"action":"token_refreshed","actor_id":"755c0f15-990a-4e0d-9a1d-03d5de1be7ed","actor_username":"ahsantariq.ar@gmail.com","actor_via_sso":false,"log_type":"token"}	2025-11-13 12:13:53.820721+00	
00000000-0000-0000-0000-000000000000	abfe2d30-387d-4605-9be1-60789f2ef315	{"action":"token_revoked","actor_id":"755c0f15-990a-4e0d-9a1d-03d5de1be7ed","actor_username":"ahsantariq.ar@gmail.com","actor_via_sso":false,"log_type":"token"}	2025-11-13 12:13:53.843381+00	
00000000-0000-0000-0000-000000000000	525e7142-2692-4664-9d7b-9e3255405869	{"action":"token_refreshed","actor_id":"755c0f15-990a-4e0d-9a1d-03d5de1be7ed","actor_username":"ahsantariq.ar@gmail.com","actor_via_sso":false,"log_type":"token"}	2025-11-13 15:16:50.359295+00	
00000000-0000-0000-0000-000000000000	69b3c3b5-5f3a-49ae-8105-4b5d551821f4	{"action":"token_revoked","actor_id":"755c0f15-990a-4e0d-9a1d-03d5de1be7ed","actor_username":"ahsantariq.ar@gmail.com","actor_via_sso":false,"log_type":"token"}	2025-11-13 15:16:50.37199+00	
00000000-0000-0000-0000-000000000000	c6fe513a-b2e4-4458-9102-b5c56f15eee3	{"action":"token_refreshed","actor_id":"755c0f15-990a-4e0d-9a1d-03d5de1be7ed","actor_username":"ahsantariq.ar@gmail.com","actor_via_sso":false,"log_type":"token"}	2025-11-13 15:16:50.591259+00	
00000000-0000-0000-0000-000000000000	73afd0c7-aaeb-4037-a972-1b18dbd44d26	{"action":"token_refreshed","actor_id":"755c0f15-990a-4e0d-9a1d-03d5de1be7ed","actor_username":"ahsantariq.ar@gmail.com","actor_via_sso":false,"log_type":"token"}	2025-11-13 15:16:50.710205+00	
00000000-0000-0000-0000-000000000000	8c77a043-f137-4e53-a2b4-33ede639fc6b	{"action":"token_refreshed","actor_id":"755c0f15-990a-4e0d-9a1d-03d5de1be7ed","actor_username":"ahsantariq.ar@gmail.com","actor_via_sso":false,"log_type":"token"}	2025-11-13 17:36:51.028039+00	
00000000-0000-0000-0000-000000000000	ab912b47-2397-4404-b378-344e46fe5d97	{"action":"token_revoked","actor_id":"755c0f15-990a-4e0d-9a1d-03d5de1be7ed","actor_username":"ahsantariq.ar@gmail.com","actor_via_sso":false,"log_type":"token"}	2025-11-13 17:36:51.050098+00	
00000000-0000-0000-0000-000000000000	7b5013af-f948-4be2-8dff-7909da04e228	{"action":"token_refreshed","actor_id":"755c0f15-990a-4e0d-9a1d-03d5de1be7ed","actor_username":"ahsantariq.ar@gmail.com","actor_via_sso":false,"log_type":"token"}	2025-11-13 18:42:10.162673+00	
00000000-0000-0000-0000-000000000000	cd113905-7ae0-4cee-a976-59b71770aa71	{"action":"token_revoked","actor_id":"755c0f15-990a-4e0d-9a1d-03d5de1be7ed","actor_username":"ahsantariq.ar@gmail.com","actor_via_sso":false,"log_type":"token"}	2025-11-13 18:42:10.175461+00	
00000000-0000-0000-0000-000000000000	a0c84db0-4519-4664-ba31-b8483a17fd27	{"action":"token_refreshed","actor_id":"755c0f15-990a-4e0d-9a1d-03d5de1be7ed","actor_username":"ahsantariq.ar@gmail.com","actor_via_sso":false,"log_type":"token"}	2025-11-13 20:01:40.202403+00	
00000000-0000-0000-0000-000000000000	e9540d9e-035c-4178-8b22-44079c94f1ba	{"action":"token_revoked","actor_id":"755c0f15-990a-4e0d-9a1d-03d5de1be7ed","actor_username":"ahsantariq.ar@gmail.com","actor_via_sso":false,"log_type":"token"}	2025-11-13 20:01:40.216008+00	
00000000-0000-0000-0000-000000000000	e4fe04cd-c225-43a4-822d-a2c85ea64b93	{"action":"token_refreshed","actor_id":"755c0f15-990a-4e0d-9a1d-03d5de1be7ed","actor_username":"ahsantariq.ar@gmail.com","actor_via_sso":false,"log_type":"token"}	2025-11-13 20:14:24.428981+00	
00000000-0000-0000-0000-000000000000	486a7ba7-2d54-4778-b597-3c3d5058635b	{"action":"token_revoked","actor_id":"755c0f15-990a-4e0d-9a1d-03d5de1be7ed","actor_username":"ahsantariq.ar@gmail.com","actor_via_sso":false,"log_type":"token"}	2025-11-13 20:14:24.435337+00	
00000000-0000-0000-0000-000000000000	e3d6db0c-98e6-4f39-89fd-a63d65f3389c	{"action":"token_refreshed","actor_id":"755c0f15-990a-4e0d-9a1d-03d5de1be7ed","actor_username":"ahsantariq.ar@gmail.com","actor_via_sso":false,"log_type":"token"}	2025-11-13 21:24:05.349469+00	
00000000-0000-0000-0000-000000000000	a2d4c311-b7c5-4a5e-9a4f-18ded8ee8179	{"action":"token_revoked","actor_id":"755c0f15-990a-4e0d-9a1d-03d5de1be7ed","actor_username":"ahsantariq.ar@gmail.com","actor_via_sso":false,"log_type":"token"}	2025-11-13 21:24:05.368314+00	
00000000-0000-0000-0000-000000000000	3253a3e5-cfc5-4dbc-abe6-45a117de9caa	{"action":"token_refreshed","actor_id":"755c0f15-990a-4e0d-9a1d-03d5de1be7ed","actor_username":"ahsantariq.ar@gmail.com","actor_via_sso":false,"log_type":"token"}	2025-11-13 22:22:29.74005+00	
00000000-0000-0000-0000-000000000000	7923ffb0-3d20-4464-b7ad-9ee6ff38e6a5	{"action":"token_revoked","actor_id":"755c0f15-990a-4e0d-9a1d-03d5de1be7ed","actor_username":"ahsantariq.ar@gmail.com","actor_via_sso":false,"log_type":"token"}	2025-11-13 22:22:29.753312+00	
00000000-0000-0000-0000-000000000000	596cea76-2369-4503-8699-6d7e0b392746	{"action":"token_refreshed","actor_id":"755c0f15-990a-4e0d-9a1d-03d5de1be7ed","actor_username":"ahsantariq.ar@gmail.com","actor_via_sso":false,"log_type":"token"}	2025-11-13 23:20:47.303405+00	
00000000-0000-0000-0000-000000000000	0e424d73-104c-499d-994c-f2b0957056bb	{"action":"token_revoked","actor_id":"755c0f15-990a-4e0d-9a1d-03d5de1be7ed","actor_username":"ahsantariq.ar@gmail.com","actor_via_sso":false,"log_type":"token"}	2025-11-13 23:20:47.329823+00	
00000000-0000-0000-0000-000000000000	ca0c3afb-161c-417a-999e-8f1b43741786	{"action":"token_refreshed","actor_id":"755c0f15-990a-4e0d-9a1d-03d5de1be7ed","actor_username":"ahsantariq.ar@gmail.com","actor_via_sso":false,"log_type":"token"}	2025-11-14 08:46:50.093942+00	
00000000-0000-0000-0000-000000000000	e6070a6c-f8f4-4df3-bda8-5d3e19e36911	{"action":"token_revoked","actor_id":"755c0f15-990a-4e0d-9a1d-03d5de1be7ed","actor_username":"ahsantariq.ar@gmail.com","actor_via_sso":false,"log_type":"token"}	2025-11-14 08:46:50.126477+00	
00000000-0000-0000-0000-000000000000	26c8d2f2-118f-4651-86f3-f1a6e6866efc	{"action":"token_refreshed","actor_id":"755c0f15-990a-4e0d-9a1d-03d5de1be7ed","actor_username":"ahsantariq.ar@gmail.com","actor_via_sso":false,"log_type":"token"}	2025-11-14 12:32:34.144853+00	
00000000-0000-0000-0000-000000000000	e6655795-c44b-49ea-afdc-17218df49972	{"action":"token_revoked","actor_id":"755c0f15-990a-4e0d-9a1d-03d5de1be7ed","actor_username":"ahsantariq.ar@gmail.com","actor_via_sso":false,"log_type":"token"}	2025-11-14 12:32:34.167181+00	
00000000-0000-0000-0000-000000000000	5d8b50de-99e3-4fcd-bbbf-6a5e68bdc213	{"action":"token_refreshed","actor_id":"755c0f15-990a-4e0d-9a1d-03d5de1be7ed","actor_username":"ahsantariq.ar@gmail.com","actor_via_sso":false,"log_type":"token"}	2025-11-14 18:31:00.976167+00	
00000000-0000-0000-0000-000000000000	a85ec6ef-b7c5-405c-94b9-77adb2a0f7d1	{"action":"token_revoked","actor_id":"755c0f15-990a-4e0d-9a1d-03d5de1be7ed","actor_username":"ahsantariq.ar@gmail.com","actor_via_sso":false,"log_type":"token"}	2025-11-14 18:31:01.002811+00	
00000000-0000-0000-0000-000000000000	023d227f-ad54-4eb2-bf3f-ce2d6b72b8be	{"action":"token_refreshed","actor_id":"755c0f15-990a-4e0d-9a1d-03d5de1be7ed","actor_username":"ahsantariq.ar@gmail.com","actor_via_sso":false,"log_type":"token"}	2025-11-15 10:21:54.62233+00	
00000000-0000-0000-0000-000000000000	0aaca152-2924-4e79-bdda-618ea48a77f1	{"action":"token_revoked","actor_id":"755c0f15-990a-4e0d-9a1d-03d5de1be7ed","actor_username":"ahsantariq.ar@gmail.com","actor_via_sso":false,"log_type":"token"}	2025-11-15 10:21:54.642905+00	
00000000-0000-0000-0000-000000000000	969007cc-d1cf-447d-8c0d-60bc55d87838	{"action":"token_refreshed","actor_id":"755c0f15-990a-4e0d-9a1d-03d5de1be7ed","actor_username":"ahsantariq.ar@gmail.com","actor_via_sso":false,"log_type":"token"}	2025-11-15 11:25:41.37552+00	
00000000-0000-0000-0000-000000000000	274e3ca8-b7fa-4546-8c05-baa3632215db	{"action":"token_revoked","actor_id":"755c0f15-990a-4e0d-9a1d-03d5de1be7ed","actor_username":"ahsantariq.ar@gmail.com","actor_via_sso":false,"log_type":"token"}	2025-11-15 11:25:41.396209+00	
00000000-0000-0000-0000-000000000000	ca60fe7d-a135-4d8c-a43e-e9f89dd9ca16	{"action":"token_refreshed","actor_id":"755c0f15-990a-4e0d-9a1d-03d5de1be7ed","actor_username":"ahsantariq.ar@gmail.com","actor_via_sso":false,"log_type":"token"}	2025-11-15 11:55:33.708659+00	
00000000-0000-0000-0000-000000000000	5fcdd824-e629-43eb-bbbb-c67fa031a962	{"action":"token_revoked","actor_id":"755c0f15-990a-4e0d-9a1d-03d5de1be7ed","actor_username":"ahsantariq.ar@gmail.com","actor_via_sso":false,"log_type":"token"}	2025-11-15 11:55:33.726901+00	
00000000-0000-0000-0000-000000000000	ff169a1b-2e42-4fe1-afe2-0bcc19651dcd	{"action":"token_refreshed","actor_id":"755c0f15-990a-4e0d-9a1d-03d5de1be7ed","actor_username":"ahsantariq.ar@gmail.com","actor_via_sso":false,"log_type":"token"}	2025-11-15 14:44:21.689438+00	
00000000-0000-0000-0000-000000000000	3c1512dc-be5b-4b28-b489-0a26f16c58e1	{"action":"token_revoked","actor_id":"755c0f15-990a-4e0d-9a1d-03d5de1be7ed","actor_username":"ahsantariq.ar@gmail.com","actor_via_sso":false,"log_type":"token"}	2025-11-15 14:44:21.707075+00	
00000000-0000-0000-0000-000000000000	ae5474ba-73bd-42b5-b5b5-d501e45034b8	{"action":"token_refreshed","actor_id":"755c0f15-990a-4e0d-9a1d-03d5de1be7ed","actor_username":"ahsantariq.ar@gmail.com","actor_via_sso":false,"log_type":"token"}	2025-11-15 16:22:15.819391+00	
00000000-0000-0000-0000-000000000000	739b3548-1a04-47fe-a116-83d0f44bbc5d	{"action":"token_revoked","actor_id":"755c0f15-990a-4e0d-9a1d-03d5de1be7ed","actor_username":"ahsantariq.ar@gmail.com","actor_via_sso":false,"log_type":"token"}	2025-11-15 16:22:15.841905+00	
00000000-0000-0000-0000-000000000000	4379086f-efd4-414d-9345-2c857ea578ec	{"action":"token_refreshed","actor_id":"755c0f15-990a-4e0d-9a1d-03d5de1be7ed","actor_username":"ahsantariq.ar@gmail.com","actor_via_sso":false,"log_type":"token"}	2025-11-16 09:39:19.875533+00	
00000000-0000-0000-0000-000000000000	9230f510-f8aa-4d4f-91fc-c92b6c461a90	{"action":"token_revoked","actor_id":"755c0f15-990a-4e0d-9a1d-03d5de1be7ed","actor_username":"ahsantariq.ar@gmail.com","actor_via_sso":false,"log_type":"token"}	2025-11-16 09:39:19.903217+00	
00000000-0000-0000-0000-000000000000	a744db5d-0da6-4cf2-a802-1bb02c98c239	{"action":"token_refreshed","actor_id":"755c0f15-990a-4e0d-9a1d-03d5de1be7ed","actor_username":"ahsantariq.ar@gmail.com","actor_via_sso":false,"log_type":"token"}	2025-11-16 09:39:19.966484+00	
00000000-0000-0000-0000-000000000000	8f5d64e3-36fd-46d5-a120-2165983f2cf9	{"action":"token_refreshed","actor_id":"755c0f15-990a-4e0d-9a1d-03d5de1be7ed","actor_username":"ahsantariq.ar@gmail.com","actor_via_sso":false,"log_type":"token"}	2025-11-16 15:24:59.107848+00	
00000000-0000-0000-0000-000000000000	a1239b53-4ffa-44a4-ac3e-df21dd4bd849	{"action":"token_revoked","actor_id":"755c0f15-990a-4e0d-9a1d-03d5de1be7ed","actor_username":"ahsantariq.ar@gmail.com","actor_via_sso":false,"log_type":"token"}	2025-11-16 15:24:59.135005+00	
00000000-0000-0000-0000-000000000000	3ec38ae7-60dc-4355-a011-33d9e6613cbe	{"action":"token_refreshed","actor_id":"755c0f15-990a-4e0d-9a1d-03d5de1be7ed","actor_username":"ahsantariq.ar@gmail.com","actor_via_sso":false,"log_type":"token"}	2025-11-16 15:50:01.30281+00	
00000000-0000-0000-0000-000000000000	fa429b7b-d4bc-4476-acb8-bc731071f89d	{"action":"token_revoked","actor_id":"755c0f15-990a-4e0d-9a1d-03d5de1be7ed","actor_username":"ahsantariq.ar@gmail.com","actor_via_sso":false,"log_type":"token"}	2025-11-16 15:50:01.317187+00	
00000000-0000-0000-0000-000000000000	6529dbad-f542-4d65-85b1-2167e4e88922	{"action":"token_refreshed","actor_id":"755c0f15-990a-4e0d-9a1d-03d5de1be7ed","actor_username":"ahsantariq.ar@gmail.com","actor_via_sso":false,"log_type":"token"}	2025-11-16 20:01:20.231395+00	
00000000-0000-0000-0000-000000000000	d41b1f59-30b9-4909-aa14-256c031fb933	{"action":"token_revoked","actor_id":"755c0f15-990a-4e0d-9a1d-03d5de1be7ed","actor_username":"ahsantariq.ar@gmail.com","actor_via_sso":false,"log_type":"token"}	2025-11-16 20:01:20.250255+00	
00000000-0000-0000-0000-000000000000	efb17a93-68e6-47bc-8e54-6cae71a1d377	{"action":"token_refreshed","actor_id":"755c0f15-990a-4e0d-9a1d-03d5de1be7ed","actor_username":"ahsantariq.ar@gmail.com","actor_via_sso":false,"log_type":"token"}	2025-11-16 20:18:46.574461+00	
00000000-0000-0000-0000-000000000000	a76f6f65-2aed-47da-bb19-b0658ff2e5e1	{"action":"token_revoked","actor_id":"755c0f15-990a-4e0d-9a1d-03d5de1be7ed","actor_username":"ahsantariq.ar@gmail.com","actor_via_sso":false,"log_type":"token"}	2025-11-16 20:18:46.587068+00	
00000000-0000-0000-0000-000000000000	9e440e0c-aeef-4979-b482-30e16c1c69a4	{"action":"token_refreshed","actor_id":"755c0f15-990a-4e0d-9a1d-03d5de1be7ed","actor_username":"ahsantariq.ar@gmail.com","actor_via_sso":false,"log_type":"token"}	2025-11-17 10:38:53.798398+00	
00000000-0000-0000-0000-000000000000	3f28bb5c-77b8-47f2-a9c4-fcdfabc72e3f	{"action":"token_revoked","actor_id":"755c0f15-990a-4e0d-9a1d-03d5de1be7ed","actor_username":"ahsantariq.ar@gmail.com","actor_via_sso":false,"log_type":"token"}	2025-11-17 10:38:53.829393+00	
00000000-0000-0000-0000-000000000000	8b2ff1ae-e05e-4c14-8c4b-3c56516cca14	{"action":"token_refreshed","actor_id":"755c0f15-990a-4e0d-9a1d-03d5de1be7ed","actor_username":"ahsantariq.ar@gmail.com","actor_via_sso":false,"log_type":"token"}	2025-11-17 10:49:26.788051+00	
00000000-0000-0000-0000-000000000000	2c69da1e-893f-4dc4-bf18-166522c542b9	{"action":"token_revoked","actor_id":"755c0f15-990a-4e0d-9a1d-03d5de1be7ed","actor_username":"ahsantariq.ar@gmail.com","actor_via_sso":false,"log_type":"token"}	2025-11-17 10:49:26.7992+00	
00000000-0000-0000-0000-000000000000	fa4fd61e-b964-4ff9-9087-8195e9f7d223	{"action":"token_refreshed","actor_id":"755c0f15-990a-4e0d-9a1d-03d5de1be7ed","actor_username":"ahsantariq.ar@gmail.com","actor_via_sso":false,"log_type":"token"}	2025-11-17 11:11:14.595609+00	
00000000-0000-0000-0000-000000000000	b8228556-66ab-4553-815a-5a4dd9a05be2	{"action":"token_revoked","actor_id":"755c0f15-990a-4e0d-9a1d-03d5de1be7ed","actor_username":"ahsantariq.ar@gmail.com","actor_via_sso":false,"log_type":"token"}	2025-11-17 11:11:14.602611+00	
00000000-0000-0000-0000-000000000000	b09a25e3-75e2-4d3e-9ad3-b86265b61f9a	{"action":"token_refreshed","actor_id":"755c0f15-990a-4e0d-9a1d-03d5de1be7ed","actor_username":"ahsantariq.ar@gmail.com","actor_via_sso":false,"log_type":"token"}	2025-11-17 11:45:23.496433+00	
00000000-0000-0000-0000-000000000000	01590af7-902e-4c6c-a3e1-766d693ca219	{"action":"token_revoked","actor_id":"755c0f15-990a-4e0d-9a1d-03d5de1be7ed","actor_username":"ahsantariq.ar@gmail.com","actor_via_sso":false,"log_type":"token"}	2025-11-17 11:45:23.508619+00	
00000000-0000-0000-0000-000000000000	ba495d18-f371-4680-9365-df4075db460d	{"action":"token_refreshed","actor_id":"755c0f15-990a-4e0d-9a1d-03d5de1be7ed","actor_username":"ahsantariq.ar@gmail.com","actor_via_sso":false,"log_type":"token"}	2025-11-17 11:49:55.107116+00	
00000000-0000-0000-0000-000000000000	352e8c45-c8a7-44a3-86b1-852a878b2fc7	{"action":"token_revoked","actor_id":"755c0f15-990a-4e0d-9a1d-03d5de1be7ed","actor_username":"ahsantariq.ar@gmail.com","actor_via_sso":false,"log_type":"token"}	2025-11-17 11:49:55.11062+00	
00000000-0000-0000-0000-000000000000	7cc395c1-8dc9-4fa8-80f0-f505959cd54b	{"action":"token_refreshed","actor_id":"755c0f15-990a-4e0d-9a1d-03d5de1be7ed","actor_username":"ahsantariq.ar@gmail.com","actor_via_sso":false,"log_type":"token"}	2025-11-17 11:55:30.583443+00	
00000000-0000-0000-0000-000000000000	5828ed23-91c9-4563-a790-68568a5fbc93	{"action":"token_revoked","actor_id":"755c0f15-990a-4e0d-9a1d-03d5de1be7ed","actor_username":"ahsantariq.ar@gmail.com","actor_via_sso":false,"log_type":"token"}	2025-11-17 11:55:30.593927+00	
00000000-0000-0000-0000-000000000000	259c0637-1053-47aa-a1c8-6f74ed52a3e5	{"action":"token_refreshed","actor_id":"755c0f15-990a-4e0d-9a1d-03d5de1be7ed","actor_username":"ahsantariq.ar@gmail.com","actor_via_sso":false,"log_type":"token"}	2025-11-17 12:44:21.486006+00	
00000000-0000-0000-0000-000000000000	7f0e3aa4-62d3-47b6-8089-009519fdfa6c	{"action":"token_revoked","actor_id":"755c0f15-990a-4e0d-9a1d-03d5de1be7ed","actor_username":"ahsantariq.ar@gmail.com","actor_via_sso":false,"log_type":"token"}	2025-11-17 12:44:21.499169+00	
00000000-0000-0000-0000-000000000000	de57f169-7e87-49fa-b22b-9655617c76f0	{"action":"token_refreshed","actor_id":"755c0f15-990a-4e0d-9a1d-03d5de1be7ed","actor_username":"ahsantariq.ar@gmail.com","actor_via_sso":false,"log_type":"token"}	2025-11-17 12:57:52.50595+00	
00000000-0000-0000-0000-000000000000	e10921e8-910e-4bcd-a6f6-9c07380d679b	{"action":"token_revoked","actor_id":"755c0f15-990a-4e0d-9a1d-03d5de1be7ed","actor_username":"ahsantariq.ar@gmail.com","actor_via_sso":false,"log_type":"token"}	2025-11-17 12:57:52.511001+00	
00000000-0000-0000-0000-000000000000	159b0468-ac89-45aa-b397-993c7a8d530f	{"action":"token_refreshed","actor_id":"755c0f15-990a-4e0d-9a1d-03d5de1be7ed","actor_username":"ahsantariq.ar@gmail.com","actor_via_sso":false,"log_type":"token"}	2025-11-17 15:41:48.73452+00	
00000000-0000-0000-0000-000000000000	1208ce87-a81e-4dfe-832b-f57a832eafaa	{"action":"token_revoked","actor_id":"755c0f15-990a-4e0d-9a1d-03d5de1be7ed","actor_username":"ahsantariq.ar@gmail.com","actor_via_sso":false,"log_type":"token"}	2025-11-17 15:41:48.760502+00	
00000000-0000-0000-0000-000000000000	425e2d0e-536a-48e2-90a2-438ba0b024f3	{"action":"token_refreshed","actor_id":"755c0f15-990a-4e0d-9a1d-03d5de1be7ed","actor_username":"ahsantariq.ar@gmail.com","actor_via_sso":false,"log_type":"token"}	2025-11-17 15:41:49.649997+00	
00000000-0000-0000-0000-000000000000	5cc7da30-4b9a-4aff-b338-adbd5fad154a	{"action":"token_revoked","actor_id":"755c0f15-990a-4e0d-9a1d-03d5de1be7ed","actor_username":"ahsantariq.ar@gmail.com","actor_via_sso":false,"log_type":"token"}	2025-11-17 15:41:49.651809+00	
00000000-0000-0000-0000-000000000000	89c5a2ae-f3c2-4ef4-8f3b-39904d277e69	{"action":"token_refreshed","actor_id":"755c0f15-990a-4e0d-9a1d-03d5de1be7ed","actor_username":"ahsantariq.ar@gmail.com","actor_via_sso":false,"log_type":"token"}	2025-11-17 19:52:52.905474+00	
00000000-0000-0000-0000-000000000000	b9b18e38-fd0b-4201-b9f0-1145c807e5d7	{"action":"token_revoked","actor_id":"755c0f15-990a-4e0d-9a1d-03d5de1be7ed","actor_username":"ahsantariq.ar@gmail.com","actor_via_sso":false,"log_type":"token"}	2025-11-17 19:52:52.934492+00	
00000000-0000-0000-0000-000000000000	dd179a4d-c54c-4e0d-8286-a90068a58a39	{"action":"token_refreshed","actor_id":"755c0f15-990a-4e0d-9a1d-03d5de1be7ed","actor_username":"ahsantariq.ar@gmail.com","actor_via_sso":false,"log_type":"token"}	2025-11-17 20:16:36.23537+00	
00000000-0000-0000-0000-000000000000	4418875a-72e0-4e19-bb4f-a648bf5996f4	{"action":"token_revoked","actor_id":"755c0f15-990a-4e0d-9a1d-03d5de1be7ed","actor_username":"ahsantariq.ar@gmail.com","actor_via_sso":false,"log_type":"token"}	2025-11-17 20:16:36.254275+00	
00000000-0000-0000-0000-000000000000	999b4e66-9a6e-441b-b310-f52bb01f487c	{"action":"token_refreshed","actor_id":"755c0f15-990a-4e0d-9a1d-03d5de1be7ed","actor_username":"ahsantariq.ar@gmail.com","actor_via_sso":false,"log_type":"token"}	2025-11-17 20:35:44.874734+00	
00000000-0000-0000-0000-000000000000	5a6ecd38-ddf4-4ef7-bfba-648785aa33f5	{"action":"token_revoked","actor_id":"755c0f15-990a-4e0d-9a1d-03d5de1be7ed","actor_username":"ahsantariq.ar@gmail.com","actor_via_sso":false,"log_type":"token"}	2025-11-17 20:35:44.89705+00	
00000000-0000-0000-0000-000000000000	ec32552f-a1a2-4c43-a971-9b8295a13d02	{"action":"token_refreshed","actor_id":"755c0f15-990a-4e0d-9a1d-03d5de1be7ed","actor_username":"ahsantariq.ar@gmail.com","actor_via_sso":false,"log_type":"token"}	2025-11-18 00:10:27.39484+00	
00000000-0000-0000-0000-000000000000	c838691d-c673-4147-901c-13ac3d05aada	{"action":"token_revoked","actor_id":"755c0f15-990a-4e0d-9a1d-03d5de1be7ed","actor_username":"ahsantariq.ar@gmail.com","actor_via_sso":false,"log_type":"token"}	2025-11-18 00:10:27.423975+00	
00000000-0000-0000-0000-000000000000	7b82eb62-5a94-4794-9679-cc95a34317a4	{"action":"token_refreshed","actor_id":"755c0f15-990a-4e0d-9a1d-03d5de1be7ed","actor_username":"ahsantariq.ar@gmail.com","actor_via_sso":false,"log_type":"token"}	2025-11-18 10:10:46.553966+00	
00000000-0000-0000-0000-000000000000	1ebe9fe3-b548-4f26-9f21-3ee934e8b60a	{"action":"token_revoked","actor_id":"755c0f15-990a-4e0d-9a1d-03d5de1be7ed","actor_username":"ahsantariq.ar@gmail.com","actor_via_sso":false,"log_type":"token"}	2025-11-18 10:10:46.577625+00	
00000000-0000-0000-0000-000000000000	e6cb013a-4479-4d7a-ad98-8ef9d46b6b74	{"action":"token_refreshed","actor_id":"755c0f15-990a-4e0d-9a1d-03d5de1be7ed","actor_username":"ahsantariq.ar@gmail.com","actor_via_sso":false,"log_type":"token"}	2025-11-18 10:27:43.687776+00	
00000000-0000-0000-0000-000000000000	23f3882b-c3f5-43e7-b616-d436bfbb4ae0	{"action":"token_revoked","actor_id":"755c0f15-990a-4e0d-9a1d-03d5de1be7ed","actor_username":"ahsantariq.ar@gmail.com","actor_via_sso":false,"log_type":"token"}	2025-11-18 10:27:43.695449+00	
00000000-0000-0000-0000-000000000000	097787cc-c26a-4a88-bc9e-825c96506513	{"action":"token_refreshed","actor_id":"755c0f15-990a-4e0d-9a1d-03d5de1be7ed","actor_username":"ahsantariq.ar@gmail.com","actor_via_sso":false,"log_type":"token"}	2025-11-18 11:12:17.071861+00	
00000000-0000-0000-0000-000000000000	d72a73ab-e819-4057-8009-d9b06371d6ea	{"action":"token_revoked","actor_id":"755c0f15-990a-4e0d-9a1d-03d5de1be7ed","actor_username":"ahsantariq.ar@gmail.com","actor_via_sso":false,"log_type":"token"}	2025-11-18 11:12:17.081073+00	
00000000-0000-0000-0000-000000000000	ed50a6bb-0ff2-43d7-bba6-8b586e9a424a	{"action":"token_refreshed","actor_id":"755c0f15-990a-4e0d-9a1d-03d5de1be7ed","actor_username":"ahsantariq.ar@gmail.com","actor_via_sso":false,"log_type":"token"}	2025-11-18 11:58:08.050995+00	
00000000-0000-0000-0000-000000000000	a4c80d34-2e6d-4f06-8bdc-67622d4b0458	{"action":"token_revoked","actor_id":"755c0f15-990a-4e0d-9a1d-03d5de1be7ed","actor_username":"ahsantariq.ar@gmail.com","actor_via_sso":false,"log_type":"token"}	2025-11-18 11:58:08.062991+00	
00000000-0000-0000-0000-000000000000	45c82e90-f98b-4c6a-8114-f0294a110426	{"action":"token_refreshed","actor_id":"755c0f15-990a-4e0d-9a1d-03d5de1be7ed","actor_username":"ahsantariq.ar@gmail.com","actor_via_sso":false,"log_type":"token"}	2025-11-18 12:10:24.801831+00	
00000000-0000-0000-0000-000000000000	d2162cac-88db-4f19-ac7c-bbe24ae8527d	{"action":"token_revoked","actor_id":"755c0f15-990a-4e0d-9a1d-03d5de1be7ed","actor_username":"ahsantariq.ar@gmail.com","actor_via_sso":false,"log_type":"token"}	2025-11-18 12:10:24.810141+00	
00000000-0000-0000-0000-000000000000	78442ead-ad2c-442c-9a3d-1e0587232a2f	{"action":"token_refreshed","actor_id":"755c0f15-990a-4e0d-9a1d-03d5de1be7ed","actor_username":"ahsantariq.ar@gmail.com","actor_via_sso":false,"log_type":"token"}	2025-11-18 13:08:26.102963+00	
00000000-0000-0000-0000-000000000000	3f5ec07e-a787-4c7a-9b05-28f151099cd1	{"action":"token_revoked","actor_id":"755c0f15-990a-4e0d-9a1d-03d5de1be7ed","actor_username":"ahsantariq.ar@gmail.com","actor_via_sso":false,"log_type":"token"}	2025-11-18 13:08:26.115675+00	
00000000-0000-0000-0000-000000000000	70b8f277-8fee-4d37-85f1-496dff766e7e	{"action":"token_refreshed","actor_id":"755c0f15-990a-4e0d-9a1d-03d5de1be7ed","actor_username":"ahsantariq.ar@gmail.com","actor_via_sso":false,"log_type":"token"}	2025-11-18 14:18:12.127881+00	
00000000-0000-0000-0000-000000000000	890d2849-4572-48ae-bfee-06c3eb133d00	{"action":"token_revoked","actor_id":"755c0f15-990a-4e0d-9a1d-03d5de1be7ed","actor_username":"ahsantariq.ar@gmail.com","actor_via_sso":false,"log_type":"token"}	2025-11-18 14:18:12.152139+00	
00000000-0000-0000-0000-000000000000	ead4974d-c6dd-4ba3-a467-92041e09f180	{"action":"token_refreshed","actor_id":"755c0f15-990a-4e0d-9a1d-03d5de1be7ed","actor_username":"ahsantariq.ar@gmail.com","actor_via_sso":false,"log_type":"token"}	2025-11-18 22:04:57.36761+00	
00000000-0000-0000-0000-000000000000	238349f9-5be8-4c2a-9fa9-bb2cc2811072	{"action":"token_revoked","actor_id":"755c0f15-990a-4e0d-9a1d-03d5de1be7ed","actor_username":"ahsantariq.ar@gmail.com","actor_via_sso":false,"log_type":"token"}	2025-11-18 22:04:57.39045+00	
00000000-0000-0000-0000-000000000000	268eab6b-ada6-4558-8201-63f42f3045ef	{"action":"login","actor_id":"755c0f15-990a-4e0d-9a1d-03d5de1be7ed","actor_username":"ahsantariq.ar@gmail.com","actor_via_sso":false,"log_type":"account","traits":{"provider":"email"}}	2025-11-19 09:46:54.85736+00	
00000000-0000-0000-0000-000000000000	5055d262-4c0f-4dad-a61b-f5c778dbbf76	{"action":"token_refreshed","actor_id":"755c0f15-990a-4e0d-9a1d-03d5de1be7ed","actor_username":"ahsantariq.ar@gmail.com","actor_via_sso":false,"log_type":"token"}	2025-11-19 09:48:34.717612+00	
00000000-0000-0000-0000-000000000000	abab5374-8aa6-495c-b369-69c9adb473b6	{"action":"token_revoked","actor_id":"755c0f15-990a-4e0d-9a1d-03d5de1be7ed","actor_username":"ahsantariq.ar@gmail.com","actor_via_sso":false,"log_type":"token"}	2025-11-19 09:48:34.719832+00	
00000000-0000-0000-0000-000000000000	12a33007-d1a9-4dbc-bddb-ebca94cab032	{"action":"token_refreshed","actor_id":"755c0f15-990a-4e0d-9a1d-03d5de1be7ed","actor_username":"ahsantariq.ar@gmail.com","actor_via_sso":false,"log_type":"token"}	2025-11-19 11:55:26.120968+00	
00000000-0000-0000-0000-000000000000	a3f23990-14e1-463b-b231-da59dc699581	{"action":"token_revoked","actor_id":"755c0f15-990a-4e0d-9a1d-03d5de1be7ed","actor_username":"ahsantariq.ar@gmail.com","actor_via_sso":false,"log_type":"token"}	2025-11-19 11:55:26.138846+00	
00000000-0000-0000-0000-000000000000	5299ddf0-1bb4-47a1-ac85-384feabf63d1	{"action":"token_refreshed","actor_id":"755c0f15-990a-4e0d-9a1d-03d5de1be7ed","actor_username":"ahsantariq.ar@gmail.com","actor_via_sso":false,"log_type":"token"}	2025-11-19 14:58:48.123194+00	
00000000-0000-0000-0000-000000000000	3e1923c6-7701-4225-8839-21a1ede0f689	{"action":"token_revoked","actor_id":"755c0f15-990a-4e0d-9a1d-03d5de1be7ed","actor_username":"ahsantariq.ar@gmail.com","actor_via_sso":false,"log_type":"token"}	2025-11-19 14:58:48.138776+00	
00000000-0000-0000-0000-000000000000	716972ef-5b1d-4466-bbb3-cde687619ccf	{"action":"token_refreshed","actor_id":"755c0f15-990a-4e0d-9a1d-03d5de1be7ed","actor_username":"ahsantariq.ar@gmail.com","actor_via_sso":false,"log_type":"token"}	2025-11-19 19:27:29.731978+00	
00000000-0000-0000-0000-000000000000	be47c939-f3d8-426a-b17f-4b0fa95448df	{"action":"token_revoked","actor_id":"755c0f15-990a-4e0d-9a1d-03d5de1be7ed","actor_username":"ahsantariq.ar@gmail.com","actor_via_sso":false,"log_type":"token"}	2025-11-19 19:27:29.749258+00	
00000000-0000-0000-0000-000000000000	51aed7be-5c79-433f-8c1e-50da52c3c70c	{"action":"token_refreshed","actor_id":"755c0f15-990a-4e0d-9a1d-03d5de1be7ed","actor_username":"ahsantariq.ar@gmail.com","actor_via_sso":false,"log_type":"token"}	2025-11-19 21:13:14.573415+00	
00000000-0000-0000-0000-000000000000	d6cbff07-9a68-4f2d-909f-213c0ead67b5	{"action":"token_revoked","actor_id":"755c0f15-990a-4e0d-9a1d-03d5de1be7ed","actor_username":"ahsantariq.ar@gmail.com","actor_via_sso":false,"log_type":"token"}	2025-11-19 21:13:14.58792+00	
00000000-0000-0000-0000-000000000000	f5ae596e-1c68-4d77-87bc-06760b4830a8	{"action":"token_refreshed","actor_id":"755c0f15-990a-4e0d-9a1d-03d5de1be7ed","actor_username":"ahsantariq.ar@gmail.com","actor_via_sso":false,"log_type":"token"}	2025-11-20 10:08:31.658135+00	
00000000-0000-0000-0000-000000000000	c80ab900-fb2c-4fbd-af78-05a774f2bf7a	{"action":"token_revoked","actor_id":"755c0f15-990a-4e0d-9a1d-03d5de1be7ed","actor_username":"ahsantariq.ar@gmail.com","actor_via_sso":false,"log_type":"token"}	2025-11-20 10:08:31.691425+00	
00000000-0000-0000-0000-000000000000	44eddf68-5749-43fe-be8a-5278f51bdc9d	{"action":"token_refreshed","actor_id":"755c0f15-990a-4e0d-9a1d-03d5de1be7ed","actor_username":"ahsantariq.ar@gmail.com","actor_via_sso":false,"log_type":"token"}	2025-11-22 10:26:41.586351+00	
00000000-0000-0000-0000-000000000000	4ef9249c-e618-4e93-94b3-dc8051f2bb11	{"action":"token_revoked","actor_id":"755c0f15-990a-4e0d-9a1d-03d5de1be7ed","actor_username":"ahsantariq.ar@gmail.com","actor_via_sso":false,"log_type":"token"}	2025-11-22 10:26:41.613079+00	
00000000-0000-0000-0000-000000000000	eed7fba5-38bf-488a-8ec9-1c16cb73f272	{"action":"token_refreshed","actor_id":"755c0f15-990a-4e0d-9a1d-03d5de1be7ed","actor_username":"ahsantariq.ar@gmail.com","actor_via_sso":false,"log_type":"token"}	2025-11-22 11:48:34.935099+00	
00000000-0000-0000-0000-000000000000	34516565-0646-40b4-b3f1-895929f44944	{"action":"token_revoked","actor_id":"755c0f15-990a-4e0d-9a1d-03d5de1be7ed","actor_username":"ahsantariq.ar@gmail.com","actor_via_sso":false,"log_type":"token"}	2025-11-22 11:48:34.947028+00	
00000000-0000-0000-0000-000000000000	34730538-fcc8-4347-ac91-def848d80b5b	{"action":"token_refreshed","actor_id":"755c0f15-990a-4e0d-9a1d-03d5de1be7ed","actor_username":"ahsantariq.ar@gmail.com","actor_via_sso":false,"log_type":"token"}	2025-11-22 12:49:56.922151+00	
00000000-0000-0000-0000-000000000000	bd921481-13f3-4774-8415-10d983c171cd	{"action":"token_revoked","actor_id":"755c0f15-990a-4e0d-9a1d-03d5de1be7ed","actor_username":"ahsantariq.ar@gmail.com","actor_via_sso":false,"log_type":"token"}	2025-11-22 12:49:56.944704+00	
00000000-0000-0000-0000-000000000000	8196ad67-b9c5-4e41-8d10-683362eee40f	{"action":"token_refreshed","actor_id":"755c0f15-990a-4e0d-9a1d-03d5de1be7ed","actor_username":"ahsantariq.ar@gmail.com","actor_via_sso":false,"log_type":"token"}	2025-11-22 15:08:15.337834+00	
00000000-0000-0000-0000-000000000000	bc2febf7-49e7-47fb-b497-3512ed99e1ee	{"action":"token_revoked","actor_id":"755c0f15-990a-4e0d-9a1d-03d5de1be7ed","actor_username":"ahsantariq.ar@gmail.com","actor_via_sso":false,"log_type":"token"}	2025-11-22 15:08:15.353775+00	
00000000-0000-0000-0000-000000000000	664cdd43-67b2-4888-95df-9d0c1e4ef02b	{"action":"token_refreshed","actor_id":"755c0f15-990a-4e0d-9a1d-03d5de1be7ed","actor_username":"ahsantariq.ar@gmail.com","actor_via_sso":false,"log_type":"token"}	2025-11-22 20:57:21.699422+00	
00000000-0000-0000-0000-000000000000	4d4304ee-e03c-4cb1-b99d-bc1d6146cad9	{"action":"token_revoked","actor_id":"755c0f15-990a-4e0d-9a1d-03d5de1be7ed","actor_username":"ahsantariq.ar@gmail.com","actor_via_sso":false,"log_type":"token"}	2025-11-22 20:57:21.718826+00	
00000000-0000-0000-0000-000000000000	01e843fb-f623-4826-81c3-3f3a2fe00281	{"action":"token_refreshed","actor_id":"755c0f15-990a-4e0d-9a1d-03d5de1be7ed","actor_username":"ahsantariq.ar@gmail.com","actor_via_sso":false,"log_type":"token"}	2025-11-23 09:43:40.856685+00	
00000000-0000-0000-0000-000000000000	895f2585-e668-4866-bdff-de882a05e82f	{"action":"token_revoked","actor_id":"755c0f15-990a-4e0d-9a1d-03d5de1be7ed","actor_username":"ahsantariq.ar@gmail.com","actor_via_sso":false,"log_type":"token"}	2025-11-23 09:43:40.884706+00	
00000000-0000-0000-0000-000000000000	3f448934-c83b-40aa-9566-c8c66aefdf61	{"action":"token_refreshed","actor_id":"755c0f15-990a-4e0d-9a1d-03d5de1be7ed","actor_username":"ahsantariq.ar@gmail.com","actor_via_sso":false,"log_type":"token"}	2025-11-23 11:56:34.659878+00	
00000000-0000-0000-0000-000000000000	c86183c7-ecab-4753-aa5c-019eb5588fc4	{"action":"token_revoked","actor_id":"755c0f15-990a-4e0d-9a1d-03d5de1be7ed","actor_username":"ahsantariq.ar@gmail.com","actor_via_sso":false,"log_type":"token"}	2025-11-23 11:56:34.685454+00	
00000000-0000-0000-0000-000000000000	5c40f7b3-bdb3-4a0e-939d-10616f06f4ff	{"action":"token_refreshed","actor_id":"755c0f15-990a-4e0d-9a1d-03d5de1be7ed","actor_username":"ahsantariq.ar@gmail.com","actor_via_sso":false,"log_type":"token"}	2025-11-23 13:58:51.603867+00	
00000000-0000-0000-0000-000000000000	be8ac5a5-33e6-48f4-b3c2-ef5de5691ba4	{"action":"token_revoked","actor_id":"755c0f15-990a-4e0d-9a1d-03d5de1be7ed","actor_username":"ahsantariq.ar@gmail.com","actor_via_sso":false,"log_type":"token"}	2025-11-23 13:58:51.616786+00	
00000000-0000-0000-0000-000000000000	aa0e2c0a-28e8-479d-ac3a-6fb3080fcb36	{"action":"token_refreshed","actor_id":"755c0f15-990a-4e0d-9a1d-03d5de1be7ed","actor_username":"ahsantariq.ar@gmail.com","actor_via_sso":false,"log_type":"token"}	2025-11-23 15:21:46.536072+00	
00000000-0000-0000-0000-000000000000	76b1ee86-77cf-4fa1-99f5-6a7552d14424	{"action":"token_revoked","actor_id":"755c0f15-990a-4e0d-9a1d-03d5de1be7ed","actor_username":"ahsantariq.ar@gmail.com","actor_via_sso":false,"log_type":"token"}	2025-11-23 15:21:46.558004+00	
00000000-0000-0000-0000-000000000000	f969ffc8-c5fd-4d18-a417-f51db129c53b	{"action":"token_refreshed","actor_id":"755c0f15-990a-4e0d-9a1d-03d5de1be7ed","actor_username":"ahsantariq.ar@gmail.com","actor_via_sso":false,"log_type":"token"}	2025-11-24 08:31:47.204632+00	
00000000-0000-0000-0000-000000000000	0a002146-fc0c-4b6c-a43a-266c63ddc180	{"action":"token_revoked","actor_id":"755c0f15-990a-4e0d-9a1d-03d5de1be7ed","actor_username":"ahsantariq.ar@gmail.com","actor_via_sso":false,"log_type":"token"}	2025-11-24 08:31:47.236863+00	
00000000-0000-0000-0000-000000000000	b340ca38-8cc3-4fb2-a515-bbdd946c3ce1	{"action":"token_refreshed","actor_id":"755c0f15-990a-4e0d-9a1d-03d5de1be7ed","actor_username":"ahsantariq.ar@gmail.com","actor_via_sso":false,"log_type":"token"}	2025-11-24 13:15:21.116471+00	
00000000-0000-0000-0000-000000000000	01a3a6ab-2ca4-44fa-818b-38d9796b1dea	{"action":"token_revoked","actor_id":"755c0f15-990a-4e0d-9a1d-03d5de1be7ed","actor_username":"ahsantariq.ar@gmail.com","actor_via_sso":false,"log_type":"token"}	2025-11-24 13:15:21.137656+00	
00000000-0000-0000-0000-000000000000	b5d93cd2-d755-42c4-bc86-49b71f933dde	{"action":"token_refreshed","actor_id":"755c0f15-990a-4e0d-9a1d-03d5de1be7ed","actor_username":"ahsantariq.ar@gmail.com","actor_via_sso":false,"log_type":"token"}	2025-11-24 13:21:54.03179+00	
00000000-0000-0000-0000-000000000000	e793984c-ad78-40d7-ab57-fa08355da793	{"action":"token_revoked","actor_id":"755c0f15-990a-4e0d-9a1d-03d5de1be7ed","actor_username":"ahsantariq.ar@gmail.com","actor_via_sso":false,"log_type":"token"}	2025-11-24 13:21:54.046001+00	
00000000-0000-0000-0000-000000000000	a51f2890-4ff6-4278-b0f1-6bcad07d961c	{"action":"token_refreshed","actor_id":"755c0f15-990a-4e0d-9a1d-03d5de1be7ed","actor_username":"ahsantariq.ar@gmail.com","actor_via_sso":false,"log_type":"token"}	2025-11-24 14:43:04.429622+00	
00000000-0000-0000-0000-000000000000	d31af6c1-0899-4104-9c48-bcc160f77d78	{"action":"token_revoked","actor_id":"755c0f15-990a-4e0d-9a1d-03d5de1be7ed","actor_username":"ahsantariq.ar@gmail.com","actor_via_sso":false,"log_type":"token"}	2025-11-24 14:43:04.445885+00	
00000000-0000-0000-0000-000000000000	d4358832-1ccd-43d5-a21e-1e1a3a3636ed	{"action":"token_refreshed","actor_id":"755c0f15-990a-4e0d-9a1d-03d5de1be7ed","actor_username":"ahsantariq.ar@gmail.com","actor_via_sso":false,"log_type":"token"}	2025-11-25 09:43:55.172334+00	
00000000-0000-0000-0000-000000000000	3a1aca0c-e29d-4ee3-befe-8213c04eb2e8	{"action":"token_revoked","actor_id":"755c0f15-990a-4e0d-9a1d-03d5de1be7ed","actor_username":"ahsantariq.ar@gmail.com","actor_via_sso":false,"log_type":"token"}	2025-11-25 09:43:55.200635+00	
00000000-0000-0000-0000-000000000000	66be027d-28dd-4de8-8701-b5279722d056	{"action":"token_refreshed","actor_id":"755c0f15-990a-4e0d-9a1d-03d5de1be7ed","actor_username":"ahsantariq.ar@gmail.com","actor_via_sso":false,"log_type":"token"}	2025-11-25 13:27:49.423468+00	
00000000-0000-0000-0000-000000000000	e62297fd-ca99-4730-9c9a-995c8832dda8	{"action":"token_revoked","actor_id":"755c0f15-990a-4e0d-9a1d-03d5de1be7ed","actor_username":"ahsantariq.ar@gmail.com","actor_via_sso":false,"log_type":"token"}	2025-11-25 13:27:49.438392+00	
00000000-0000-0000-0000-000000000000	0219c560-6e3d-43f7-b08b-f791eb49e88f	{"action":"token_refreshed","actor_id":"755c0f15-990a-4e0d-9a1d-03d5de1be7ed","actor_username":"ahsantariq.ar@gmail.com","actor_via_sso":false,"log_type":"token"}	2025-11-25 14:09:30.56304+00	
00000000-0000-0000-0000-000000000000	c7736ad6-bd88-4211-9fbf-d154ddcc3b1c	{"action":"token_revoked","actor_id":"755c0f15-990a-4e0d-9a1d-03d5de1be7ed","actor_username":"ahsantariq.ar@gmail.com","actor_via_sso":false,"log_type":"token"}	2025-11-25 14:09:30.577056+00	
00000000-0000-0000-0000-000000000000	f5246c8e-f8df-4ced-820a-8a34fafb4fc1	{"action":"token_refreshed","actor_id":"755c0f15-990a-4e0d-9a1d-03d5de1be7ed","actor_username":"ahsantariq.ar@gmail.com","actor_via_sso":false,"log_type":"token"}	2025-11-25 18:09:31.533486+00	
00000000-0000-0000-0000-000000000000	8fb9da3e-a360-4105-9ea6-a0fc3dd6abd2	{"action":"token_revoked","actor_id":"755c0f15-990a-4e0d-9a1d-03d5de1be7ed","actor_username":"ahsantariq.ar@gmail.com","actor_via_sso":false,"log_type":"token"}	2025-11-25 18:09:31.559182+00	
00000000-0000-0000-0000-000000000000	7a767550-ae57-4502-9030-4b9a949d37e6	{"action":"token_refreshed","actor_id":"755c0f15-990a-4e0d-9a1d-03d5de1be7ed","actor_username":"ahsantariq.ar@gmail.com","actor_via_sso":false,"log_type":"token"}	2025-11-25 18:51:22.746514+00	
00000000-0000-0000-0000-000000000000	90d7db88-4e08-40ee-9b00-f3d28dfbed7a	{"action":"token_revoked","actor_id":"755c0f15-990a-4e0d-9a1d-03d5de1be7ed","actor_username":"ahsantariq.ar@gmail.com","actor_via_sso":false,"log_type":"token"}	2025-11-25 18:51:22.753927+00	
00000000-0000-0000-0000-000000000000	827c961c-6115-4cef-a71a-7ad6ae2a54e1	{"action":"token_refreshed","actor_id":"755c0f15-990a-4e0d-9a1d-03d5de1be7ed","actor_username":"ahsantariq.ar@gmail.com","actor_via_sso":false,"log_type":"token"}	2025-11-25 19:34:34.618265+00	
00000000-0000-0000-0000-000000000000	414e930b-1668-49ee-b150-839cff7fb096	{"action":"token_revoked","actor_id":"755c0f15-990a-4e0d-9a1d-03d5de1be7ed","actor_username":"ahsantariq.ar@gmail.com","actor_via_sso":false,"log_type":"token"}	2025-11-25 19:34:34.629826+00	
00000000-0000-0000-0000-000000000000	0f7f4d2f-4b3d-4a20-8908-b103cbb9fad9	{"action":"token_refreshed","actor_id":"755c0f15-990a-4e0d-9a1d-03d5de1be7ed","actor_username":"ahsantariq.ar@gmail.com","actor_via_sso":false,"log_type":"token"}	2025-11-25 19:46:06.186752+00	
00000000-0000-0000-0000-000000000000	dd563504-dc21-4738-b65c-04ace68041f4	{"action":"token_revoked","actor_id":"755c0f15-990a-4e0d-9a1d-03d5de1be7ed","actor_username":"ahsantariq.ar@gmail.com","actor_via_sso":false,"log_type":"token"}	2025-11-25 19:46:06.200471+00	
00000000-0000-0000-0000-000000000000	0d32023a-960e-4ed8-a736-5aa153592a61	{"action":"token_refreshed","actor_id":"755c0f15-990a-4e0d-9a1d-03d5de1be7ed","actor_username":"ahsantariq.ar@gmail.com","actor_via_sso":false,"log_type":"token"}	2025-11-26 09:58:50.491458+00	
00000000-0000-0000-0000-000000000000	361901c5-72ff-4380-92e0-8ce84931e822	{"action":"token_revoked","actor_id":"755c0f15-990a-4e0d-9a1d-03d5de1be7ed","actor_username":"ahsantariq.ar@gmail.com","actor_via_sso":false,"log_type":"token"}	2025-11-26 09:58:50.523498+00	
00000000-0000-0000-0000-000000000000	47b6279c-1b2f-4a67-86f9-67f2bb4ee5bc	{"action":"token_refreshed","actor_id":"755c0f15-990a-4e0d-9a1d-03d5de1be7ed","actor_username":"ahsantariq.ar@gmail.com","actor_via_sso":false,"log_type":"token"}	2025-11-26 13:12:10.384326+00	
00000000-0000-0000-0000-000000000000	3c36d39e-9f31-4213-8952-e1375fb63347	{"action":"token_revoked","actor_id":"755c0f15-990a-4e0d-9a1d-03d5de1be7ed","actor_username":"ahsantariq.ar@gmail.com","actor_via_sso":false,"log_type":"token"}	2025-11-26 13:12:10.401894+00	
00000000-0000-0000-0000-000000000000	b39375e7-1732-4c22-bd73-da1efcc1b9b3	{"action":"token_refreshed","actor_id":"755c0f15-990a-4e0d-9a1d-03d5de1be7ed","actor_username":"ahsantariq.ar@gmail.com","actor_via_sso":false,"log_type":"token"}	2025-11-26 14:18:06.81388+00	
00000000-0000-0000-0000-000000000000	e61b92ca-3aec-4336-8906-5012cf63b6ab	{"action":"token_revoked","actor_id":"755c0f15-990a-4e0d-9a1d-03d5de1be7ed","actor_username":"ahsantariq.ar@gmail.com","actor_via_sso":false,"log_type":"token"}	2025-11-26 14:18:06.823789+00	
00000000-0000-0000-0000-000000000000	379789e3-5987-4ff4-9b16-101929a88366	{"action":"token_refreshed","actor_id":"755c0f15-990a-4e0d-9a1d-03d5de1be7ed","actor_username":"ahsantariq.ar@gmail.com","actor_via_sso":false,"log_type":"token"}	2025-11-26 15:04:20.842943+00	
00000000-0000-0000-0000-000000000000	1c2f04db-eb89-4bfa-a177-5c7b1b34516d	{"action":"token_revoked","actor_id":"755c0f15-990a-4e0d-9a1d-03d5de1be7ed","actor_username":"ahsantariq.ar@gmail.com","actor_via_sso":false,"log_type":"token"}	2025-11-26 15:04:20.856295+00	
00000000-0000-0000-0000-000000000000	02e7e602-bd20-4e85-a415-df715590a781	{"action":"token_refreshed","actor_id":"755c0f15-990a-4e0d-9a1d-03d5de1be7ed","actor_username":"ahsantariq.ar@gmail.com","actor_via_sso":false,"log_type":"token"}	2025-11-26 19:14:27.326078+00	
00000000-0000-0000-0000-000000000000	cb8f5115-aa1b-480c-8517-6f8ff6d1c4c6	{"action":"token_revoked","actor_id":"755c0f15-990a-4e0d-9a1d-03d5de1be7ed","actor_username":"ahsantariq.ar@gmail.com","actor_via_sso":false,"log_type":"token"}	2025-11-26 19:14:27.348719+00	
00000000-0000-0000-0000-000000000000	46d30789-7f05-4332-ac34-c94d6adff7a8	{"action":"token_refreshed","actor_id":"755c0f15-990a-4e0d-9a1d-03d5de1be7ed","actor_username":"ahsantariq.ar@gmail.com","actor_via_sso":false,"log_type":"token"}	2025-11-26 20:41:45.420646+00	
00000000-0000-0000-0000-000000000000	a00686b6-6c17-41fe-bdea-fa729155a43b	{"action":"token_revoked","actor_id":"755c0f15-990a-4e0d-9a1d-03d5de1be7ed","actor_username":"ahsantariq.ar@gmail.com","actor_via_sso":false,"log_type":"token"}	2025-11-26 20:41:45.442513+00	
00000000-0000-0000-0000-000000000000	dddf1396-b182-414e-a9f6-2d43e5f35237	{"action":"token_refreshed","actor_id":"755c0f15-990a-4e0d-9a1d-03d5de1be7ed","actor_username":"ahsantariq.ar@gmail.com","actor_via_sso":false,"log_type":"token"}	2025-11-28 07:36:46.125704+00	
00000000-0000-0000-0000-000000000000	50737f4c-8cba-4c7e-975a-4ac96ce47f70	{"action":"token_revoked","actor_id":"755c0f15-990a-4e0d-9a1d-03d5de1be7ed","actor_username":"ahsantariq.ar@gmail.com","actor_via_sso":false,"log_type":"token"}	2025-11-28 07:36:46.15397+00	
00000000-0000-0000-0000-000000000000	b0985a61-be50-4015-a575-2dd97e864bd6	{"action":"token_refreshed","actor_id":"755c0f15-990a-4e0d-9a1d-03d5de1be7ed","actor_username":"ahsantariq.ar@gmail.com","actor_via_sso":false,"log_type":"token"}	2025-11-29 08:14:07.152709+00	
00000000-0000-0000-0000-000000000000	ea302054-f448-4f26-897d-5309a7534b26	{"action":"token_revoked","actor_id":"755c0f15-990a-4e0d-9a1d-03d5de1be7ed","actor_username":"ahsantariq.ar@gmail.com","actor_via_sso":false,"log_type":"token"}	2025-11-29 08:14:07.1835+00	
00000000-0000-0000-0000-000000000000	b420b5ef-612a-451c-846e-267d60a3ccb4	{"action":"token_refreshed","actor_id":"755c0f15-990a-4e0d-9a1d-03d5de1be7ed","actor_username":"ahsantariq.ar@gmail.com","actor_via_sso":false,"log_type":"token"}	2025-11-29 09:12:10.327437+00	
00000000-0000-0000-0000-000000000000	3118367b-1c61-4105-aa8a-29dcf7dea701	{"action":"token_revoked","actor_id":"755c0f15-990a-4e0d-9a1d-03d5de1be7ed","actor_username":"ahsantariq.ar@gmail.com","actor_via_sso":false,"log_type":"token"}	2025-11-29 09:12:10.340765+00	
00000000-0000-0000-0000-000000000000	2713bbe5-fa6a-4c16-ae84-e17ca8d4b869	{"action":"token_refreshed","actor_id":"755c0f15-990a-4e0d-9a1d-03d5de1be7ed","actor_username":"ahsantariq.ar@gmail.com","actor_via_sso":false,"log_type":"token"}	2025-11-29 10:48:01.12719+00	
00000000-0000-0000-0000-000000000000	945827ad-7140-48c4-8c82-0848ccda980d	{"action":"token_revoked","actor_id":"755c0f15-990a-4e0d-9a1d-03d5de1be7ed","actor_username":"ahsantariq.ar@gmail.com","actor_via_sso":false,"log_type":"token"}	2025-11-29 10:48:01.146859+00	
00000000-0000-0000-0000-000000000000	06486f12-1809-4f34-a413-0108aaec0167	{"action":"token_refreshed","actor_id":"755c0f15-990a-4e0d-9a1d-03d5de1be7ed","actor_username":"ahsantariq.ar@gmail.com","actor_via_sso":false,"log_type":"token"}	2025-11-29 10:51:34.51917+00	
00000000-0000-0000-0000-000000000000	d48520c7-5505-4b4c-852a-8a843b84f229	{"action":"token_revoked","actor_id":"755c0f15-990a-4e0d-9a1d-03d5de1be7ed","actor_username":"ahsantariq.ar@gmail.com","actor_via_sso":false,"log_type":"token"}	2025-11-29 10:51:34.526147+00	
00000000-0000-0000-0000-000000000000	43560ae8-604f-49a4-b226-d95cd2970540	{"action":"token_refreshed","actor_id":"755c0f15-990a-4e0d-9a1d-03d5de1be7ed","actor_username":"ahsantariq.ar@gmail.com","actor_via_sso":false,"log_type":"token"}	2025-11-29 13:30:06.42058+00	
00000000-0000-0000-0000-000000000000	b39cff4d-a80f-49b9-ab3c-d9599842e489	{"action":"token_revoked","actor_id":"755c0f15-990a-4e0d-9a1d-03d5de1be7ed","actor_username":"ahsantariq.ar@gmail.com","actor_via_sso":false,"log_type":"token"}	2025-11-29 13:30:06.442778+00	
00000000-0000-0000-0000-000000000000	57a023b0-77b6-4842-873a-c1c0fa86e939	{"action":"token_refreshed","actor_id":"755c0f15-990a-4e0d-9a1d-03d5de1be7ed","actor_username":"ahsantariq.ar@gmail.com","actor_via_sso":false,"log_type":"token"}	2025-11-30 10:56:26.265348+00	
00000000-0000-0000-0000-000000000000	b2c7adcf-74c7-4d26-a39c-2a99436c5b6b	{"action":"token_revoked","actor_id":"755c0f15-990a-4e0d-9a1d-03d5de1be7ed","actor_username":"ahsantariq.ar@gmail.com","actor_via_sso":false,"log_type":"token"}	2025-11-30 10:56:26.292332+00	
00000000-0000-0000-0000-000000000000	b4091de3-c23f-4eb2-aa52-f2bf8d1e1318	{"action":"token_refreshed","actor_id":"755c0f15-990a-4e0d-9a1d-03d5de1be7ed","actor_username":"ahsantariq.ar@gmail.com","actor_via_sso":false,"log_type":"token"}	2025-12-01 15:37:56.776936+00	
00000000-0000-0000-0000-000000000000	1fba500e-e61d-4527-ac1d-bb98d7e397f5	{"action":"token_revoked","actor_id":"755c0f15-990a-4e0d-9a1d-03d5de1be7ed","actor_username":"ahsantariq.ar@gmail.com","actor_via_sso":false,"log_type":"token"}	2025-12-01 15:37:56.805391+00	
00000000-0000-0000-0000-000000000000	7bc1c674-4f13-4e49-8257-3e6aef5ff51e	{"action":"token_refreshed","actor_id":"755c0f15-990a-4e0d-9a1d-03d5de1be7ed","actor_username":"ahsantariq.ar@gmail.com","actor_via_sso":false,"log_type":"token"}	2025-12-01 16:40:24.745967+00	
00000000-0000-0000-0000-000000000000	df439295-3e54-4b54-bf69-3006b49c1a6d	{"action":"token_revoked","actor_id":"755c0f15-990a-4e0d-9a1d-03d5de1be7ed","actor_username":"ahsantariq.ar@gmail.com","actor_via_sso":false,"log_type":"token"}	2025-12-01 16:40:24.764799+00	
00000000-0000-0000-0000-000000000000	3c497074-5586-42c3-a2a4-107d4efb7813	{"action":"token_refreshed","actor_id":"755c0f15-990a-4e0d-9a1d-03d5de1be7ed","actor_username":"ahsantariq.ar@gmail.com","actor_via_sso":false,"log_type":"token"}	2025-12-02 09:11:22.231606+00	
00000000-0000-0000-0000-000000000000	857f0ec4-fb85-4f64-bc9f-95ecf723ab1e	{"action":"token_revoked","actor_id":"755c0f15-990a-4e0d-9a1d-03d5de1be7ed","actor_username":"ahsantariq.ar@gmail.com","actor_via_sso":false,"log_type":"token"}	2025-12-02 09:11:22.245349+00	
00000000-0000-0000-0000-000000000000	16544672-7736-475c-8131-ed91db8ccf07	{"action":"token_refreshed","actor_id":"755c0f15-990a-4e0d-9a1d-03d5de1be7ed","actor_username":"ahsantariq.ar@gmail.com","actor_via_sso":false,"log_type":"token"}	2025-12-02 10:25:39.477788+00	
00000000-0000-0000-0000-000000000000	fef86ca2-7aa4-4d56-b74e-5a26aba2c951	{"action":"token_revoked","actor_id":"755c0f15-990a-4e0d-9a1d-03d5de1be7ed","actor_username":"ahsantariq.ar@gmail.com","actor_via_sso":false,"log_type":"token"}	2025-12-02 10:25:39.498089+00	
00000000-0000-0000-0000-000000000000	5fa43ead-ba4f-4210-9636-ba4c52d6c07b	{"action":"token_refreshed","actor_id":"755c0f15-990a-4e0d-9a1d-03d5de1be7ed","actor_username":"ahsantariq.ar@gmail.com","actor_via_sso":false,"log_type":"token"}	2025-12-02 19:04:49.285022+00	
00000000-0000-0000-0000-000000000000	4d3aae6f-0e2d-40e0-9bdf-650612bd9c00	{"action":"token_revoked","actor_id":"755c0f15-990a-4e0d-9a1d-03d5de1be7ed","actor_username":"ahsantariq.ar@gmail.com","actor_via_sso":false,"log_type":"token"}	2025-12-02 19:04:49.305711+00	
00000000-0000-0000-0000-000000000000	d17f2056-0973-4d0d-a5d8-c4f44234dc4c	{"action":"login","actor_id":"755c0f15-990a-4e0d-9a1d-03d5de1be7ed","actor_username":"ahsantariq.ar@gmail.com","actor_via_sso":false,"log_type":"account","traits":{"provider":"email"}}	2025-12-02 19:05:08.053162+00	
00000000-0000-0000-0000-000000000000	57589dfa-b5f8-4463-945d-d937b9b18e12	{"action":"login","actor_id":"755c0f15-990a-4e0d-9a1d-03d5de1be7ed","actor_username":"ahsantariq.ar@gmail.com","actor_via_sso":false,"log_type":"account","traits":{"provider":"email"}}	2025-12-02 19:06:28.218329+00	
00000000-0000-0000-0000-000000000000	7f47ca64-fd77-4e51-848c-43aff1074077	{"action":"logout","actor_id":"755c0f15-990a-4e0d-9a1d-03d5de1be7ed","actor_username":"ahsantariq.ar@gmail.com","actor_via_sso":false,"log_type":"account"}	2025-12-02 19:07:36.703617+00	
00000000-0000-0000-0000-000000000000	11defdd7-eefe-47bb-9e16-1d2515a4e679	{"action":"login","actor_id":"755c0f15-990a-4e0d-9a1d-03d5de1be7ed","actor_username":"ahsantariq.ar@gmail.com","actor_via_sso":false,"log_type":"account","traits":{"provider":"email"}}	2025-12-02 19:10:18.473798+00	
00000000-0000-0000-0000-000000000000	5ec2a4d0-91d0-4fdf-888a-3f3549c62f3a	{"action":"login","actor_id":"755c0f15-990a-4e0d-9a1d-03d5de1be7ed","actor_username":"ahsantariq.ar@gmail.com","actor_via_sso":false,"log_type":"account","traits":{"provider":"email"}}	2025-12-02 19:16:50.761532+00	
00000000-0000-0000-0000-000000000000	d07f80ea-bbc0-443a-88ff-c8961870cbb6	{"action":"login","actor_id":"755c0f15-990a-4e0d-9a1d-03d5de1be7ed","actor_username":"ahsantariq.ar@gmail.com","actor_via_sso":false,"log_type":"account","traits":{"provider":"email"}}	2025-12-02 19:23:02.842314+00	
00000000-0000-0000-0000-000000000000	bda673c4-19cd-4526-b222-a7e764ebcb28	{"action":"logout","actor_id":"755c0f15-990a-4e0d-9a1d-03d5de1be7ed","actor_username":"ahsantariq.ar@gmail.com","actor_via_sso":false,"log_type":"account"}	2025-12-02 19:36:48.403224+00	
00000000-0000-0000-0000-000000000000	f0bc07d2-1baf-4031-8333-1242a33a2672	{"action":"login","actor_id":"755c0f15-990a-4e0d-9a1d-03d5de1be7ed","actor_username":"ahsantariq.ar@gmail.com","actor_via_sso":false,"log_type":"account","traits":{"provider":"email"}}	2025-12-02 19:36:59.142894+00	
00000000-0000-0000-0000-000000000000	86690d49-2a87-477c-abb2-602c1edb683c	{"action":"logout","actor_id":"755c0f15-990a-4e0d-9a1d-03d5de1be7ed","actor_username":"ahsantariq.ar@gmail.com","actor_via_sso":false,"log_type":"account"}	2025-12-02 19:37:04.77531+00	
00000000-0000-0000-0000-000000000000	1fa2694d-3651-47b4-87ee-f05e08787037	{"action":"login","actor_id":"755c0f15-990a-4e0d-9a1d-03d5de1be7ed","actor_username":"ahsantariq.ar@gmail.com","actor_via_sso":false,"log_type":"account","traits":{"provider":"email"}}	2025-12-02 19:40:29.566924+00	
00000000-0000-0000-0000-000000000000	2b60ad8f-29f5-47da-b863-8a7d16c8dc95	{"action":"logout","actor_id":"755c0f15-990a-4e0d-9a1d-03d5de1be7ed","actor_username":"ahsantariq.ar@gmail.com","actor_via_sso":false,"log_type":"account"}	2025-12-02 19:42:39.64276+00	
00000000-0000-0000-0000-000000000000	8fd19742-d705-4a5e-8239-73359caab354	{"action":"login","actor_id":"755c0f15-990a-4e0d-9a1d-03d5de1be7ed","actor_username":"ahsantariq.ar@gmail.com","actor_via_sso":false,"log_type":"account","traits":{"provider":"email"}}	2025-12-02 19:42:49.906418+00	
00000000-0000-0000-0000-000000000000	b68356dd-98de-4992-aa2e-4fe8a7bbc6d7	{"action":"logout","actor_id":"755c0f15-990a-4e0d-9a1d-03d5de1be7ed","actor_username":"ahsantariq.ar@gmail.com","actor_via_sso":false,"log_type":"account"}	2025-12-02 19:42:53.667611+00	
00000000-0000-0000-0000-000000000000	773a6d59-9d59-404b-becb-3375bfd29209	{"action":"user_signedup","actor_id":"00000000-0000-0000-0000-000000000000","actor_username":"service_role","actor_via_sso":false,"log_type":"team","traits":{"provider":"email","user_email":"ahsantariq1991@gmail.com","user_id":"f2055315-e56b-4927-bf6d-af94107a5527","user_phone":""}}	2025-12-02 19:48:33.462392+00	
00000000-0000-0000-0000-000000000000	7d8204fe-ee49-4a11-8afb-435cca0c8f69	{"action":"login","actor_id":"f2055315-e56b-4927-bf6d-af94107a5527","actor_username":"ahsantariq1991@gmail.com","actor_via_sso":false,"log_type":"account","traits":{"provider":"email"}}	2025-12-02 19:49:28.095851+00	
00000000-0000-0000-0000-000000000000	86bd2584-c30c-4524-a664-6c20992ebae3	{"action":"logout","actor_id":"f2055315-e56b-4927-bf6d-af94107a5527","actor_username":"ahsantariq1991@gmail.com","actor_via_sso":false,"log_type":"account"}	2025-12-02 20:04:13.601182+00	
00000000-0000-0000-0000-000000000000	57ebd711-8a4f-4479-b114-a50e8962611d	{"action":"login","actor_id":"f2055315-e56b-4927-bf6d-af94107a5527","actor_username":"ahsantariq1991@gmail.com","actor_via_sso":false,"log_type":"account","traits":{"provider":"email"}}	2025-12-02 20:16:14.475076+00	
00000000-0000-0000-0000-000000000000	5cb114eb-ee62-4b76-83d9-16f42957cc09	{"action":"login","actor_id":"f2055315-e56b-4927-bf6d-af94107a5527","actor_username":"ahsantariq1991@gmail.com","actor_via_sso":false,"log_type":"account","traits":{"provider":"email"}}	2025-12-02 20:17:35.992996+00	
00000000-0000-0000-0000-000000000000	2f4ced13-c4c7-4aaf-9c42-7ce24f7ea196	{"action":"token_refreshed","actor_id":"f2055315-e56b-4927-bf6d-af94107a5527","actor_username":"ahsantariq1991@gmail.com","actor_via_sso":false,"log_type":"token"}	2025-12-02 22:45:40.849229+00	
00000000-0000-0000-0000-000000000000	84b477ed-3cbc-488d-bd07-d62c1895a227	{"action":"token_revoked","actor_id":"f2055315-e56b-4927-bf6d-af94107a5527","actor_username":"ahsantariq1991@gmail.com","actor_via_sso":false,"log_type":"token"}	2025-12-02 22:45:40.868827+00	
00000000-0000-0000-0000-000000000000	e6a118ca-8198-4514-b57d-60db1b3b6253	{"action":"login","actor_id":"755c0f15-990a-4e0d-9a1d-03d5de1be7ed","actor_username":"ahsantariq.ar@gmail.com","actor_via_sso":false,"log_type":"account","traits":{"provider":"email"}}	2025-12-03 10:35:25.585344+00	
00000000-0000-0000-0000-000000000000	9947b3b5-1530-4331-80fd-0d20a7d38b1b	{"action":"token_refreshed","actor_id":"f2055315-e56b-4927-bf6d-af94107a5527","actor_username":"ahsantariq1991@gmail.com","actor_via_sso":false,"log_type":"token"}	2025-12-03 12:48:06.726701+00	
00000000-0000-0000-0000-000000000000	0b057b18-df8b-4d4f-a1d5-d2fe5d4d37ed	{"action":"token_revoked","actor_id":"f2055315-e56b-4927-bf6d-af94107a5527","actor_username":"ahsantariq1991@gmail.com","actor_via_sso":false,"log_type":"token"}	2025-12-03 12:48:06.738981+00	
00000000-0000-0000-0000-000000000000	cb7f6df3-0d95-4f87-a90d-044b01df7e60	{"action":"login","actor_id":"f2055315-e56b-4927-bf6d-af94107a5527","actor_username":"ahsantariq1991@gmail.com","actor_via_sso":false,"log_type":"account","traits":{"provider":"email"}}	2025-12-03 13:00:01.539528+00	
00000000-0000-0000-0000-000000000000	6ba9e901-6923-4589-bf7c-d15d8602dbbe	{"action":"logout","actor_id":"f2055315-e56b-4927-bf6d-af94107a5527","actor_username":"ahsantariq1991@gmail.com","actor_via_sso":false,"log_type":"account"}	2025-12-03 13:44:56.194424+00	
00000000-0000-0000-0000-000000000000	67a01728-4f6f-4b4a-932b-a6ff807a0e35	{"action":"login","actor_id":"f2055315-e56b-4927-bf6d-af94107a5527","actor_username":"ahsantariq1991@gmail.com","actor_via_sso":false,"log_type":"account","traits":{"provider":"email"}}	2025-12-03 13:45:20.129949+00	
00000000-0000-0000-0000-000000000000	d4a805b2-5e5f-4ce0-b40d-eb4893793c99	{"action":"token_refreshed","actor_id":"f2055315-e56b-4927-bf6d-af94107a5527","actor_username":"ahsantariq1991@gmail.com","actor_via_sso":false,"log_type":"token"}	2025-12-03 14:56:43.59308+00	
00000000-0000-0000-0000-000000000000	e587a013-4a8d-4b58-8e3b-50395ac2bac0	{"action":"token_revoked","actor_id":"f2055315-e56b-4927-bf6d-af94107a5527","actor_username":"ahsantariq1991@gmail.com","actor_via_sso":false,"log_type":"token"}	2025-12-03 14:56:43.619674+00	
00000000-0000-0000-0000-000000000000	d5021ba0-c2f6-4753-b197-ebdd1e8e39e5	{"action":"login","actor_id":"f2055315-e56b-4927-bf6d-af94107a5527","actor_username":"ahsantariq1991@gmail.com","actor_via_sso":false,"log_type":"account","traits":{"provider":"email"}}	2025-12-03 15:01:23.845064+00	
00000000-0000-0000-0000-000000000000	7db3dcab-ce13-4596-bb78-145aa904f542	{"action":"login","actor_id":"755c0f15-990a-4e0d-9a1d-03d5de1be7ed","actor_username":"ahsantariq.ar@gmail.com","actor_via_sso":false,"log_type":"account","traits":{"provider":"email"}}	2025-12-03 15:17:43.506027+00	
00000000-0000-0000-0000-000000000000	c4fe0f9d-9887-4633-a5a6-73f6c53ae939	{"action":"token_refreshed","actor_id":"f2055315-e56b-4927-bf6d-af94107a5527","actor_username":"ahsantariq1991@gmail.com","actor_via_sso":false,"log_type":"token"}	2025-12-03 15:54:44.446654+00	
00000000-0000-0000-0000-000000000000	37bbc372-87dc-40ec-880a-1c05d468fc0a	{"action":"token_revoked","actor_id":"f2055315-e56b-4927-bf6d-af94107a5527","actor_username":"ahsantariq1991@gmail.com","actor_via_sso":false,"log_type":"token"}	2025-12-03 15:54:44.470402+00	
00000000-0000-0000-0000-000000000000	23c264e9-00d1-4612-a016-c111a7239eb2	{"action":"login","actor_id":"f2055315-e56b-4927-bf6d-af94107a5527","actor_username":"ahsantariq1991@gmail.com","actor_via_sso":false,"log_type":"account","traits":{"provider":"email"}}	2025-12-03 15:58:49.121275+00	
00000000-0000-0000-0000-000000000000	040dac80-f962-4114-9b50-2ddf7d188939	{"action":"logout","actor_id":"f2055315-e56b-4927-bf6d-af94107a5527","actor_username":"ahsantariq1991@gmail.com","actor_via_sso":false,"log_type":"account"}	2025-12-03 16:30:03.870098+00	
00000000-0000-0000-0000-000000000000	730e6e49-9794-4601-b228-616562ceddac	{"action":"login","actor_id":"f2055315-e56b-4927-bf6d-af94107a5527","actor_username":"ahsantariq1991@gmail.com","actor_via_sso":false,"log_type":"account","traits":{"provider":"email"}}	2025-12-03 16:32:31.00282+00	
00000000-0000-0000-0000-000000000000	1df40c15-18d2-4a9b-8bf3-d4df932b70a0	{"action":"login","actor_id":"f2055315-e56b-4927-bf6d-af94107a5527","actor_username":"ahsantariq1991@gmail.com","actor_via_sso":false,"log_type":"account","traits":{"provider":"email"}}	2025-12-03 16:48:37.648971+00	
00000000-0000-0000-0000-000000000000	dc0674ee-01f7-47e8-a0b2-6ebc3ea8459d	{"action":"login","actor_id":"f2055315-e56b-4927-bf6d-af94107a5527","actor_username":"ahsantariq1991@gmail.com","actor_via_sso":false,"log_type":"account","traits":{"provider":"email"}}	2025-12-03 17:24:08.238661+00	
00000000-0000-0000-0000-000000000000	f5a5df87-473d-47d9-a1a3-44a75e737ffa	{"action":"login","actor_id":"755c0f15-990a-4e0d-9a1d-03d5de1be7ed","actor_username":"ahsantariq.ar@gmail.com","actor_via_sso":false,"log_type":"account","traits":{"provider":"email"}}	2025-12-03 17:34:24.149919+00	
00000000-0000-0000-0000-000000000000	09361370-63f8-40b0-8c42-59e49a4c26fe	{"action":"token_refreshed","actor_id":"f2055315-e56b-4927-bf6d-af94107a5527","actor_username":"ahsantariq1991@gmail.com","actor_via_sso":false,"log_type":"token"}	2025-12-03 18:35:41.43249+00	
00000000-0000-0000-0000-000000000000	a5b477f2-d1ba-4dd1-b6dc-14b25a5182b0	{"action":"token_revoked","actor_id":"f2055315-e56b-4927-bf6d-af94107a5527","actor_username":"ahsantariq1991@gmail.com","actor_via_sso":false,"log_type":"token"}	2025-12-03 18:35:41.461109+00	
00000000-0000-0000-0000-000000000000	e70d90ed-123f-43e8-bab9-93df6e254678	{"action":"token_refreshed","actor_id":"755c0f15-990a-4e0d-9a1d-03d5de1be7ed","actor_username":"ahsantariq.ar@gmail.com","actor_via_sso":false,"log_type":"token"}	2025-12-03 18:40:42.229774+00	
00000000-0000-0000-0000-000000000000	5f6efc38-a936-44c0-bc8d-e9361fd52598	{"action":"token_revoked","actor_id":"755c0f15-990a-4e0d-9a1d-03d5de1be7ed","actor_username":"ahsantariq.ar@gmail.com","actor_via_sso":false,"log_type":"token"}	2025-12-03 18:40:42.234737+00	
00000000-0000-0000-0000-000000000000	390320e7-dc7d-453c-a0ab-4c4efe82939f	{"action":"token_refreshed","actor_id":"f2055315-e56b-4927-bf6d-af94107a5527","actor_username":"ahsantariq1991@gmail.com","actor_via_sso":false,"log_type":"token"}	2025-12-03 20:57:54.458867+00	
00000000-0000-0000-0000-000000000000	e7e4a692-5871-4d56-8c75-35e52d51793f	{"action":"token_revoked","actor_id":"f2055315-e56b-4927-bf6d-af94107a5527","actor_username":"ahsantariq1991@gmail.com","actor_via_sso":false,"log_type":"token"}	2025-12-03 20:57:54.469864+00	
00000000-0000-0000-0000-000000000000	a41967aa-ae66-49b7-99d9-96ecafdfef13	{"action":"token_refreshed","actor_id":"f2055315-e56b-4927-bf6d-af94107a5527","actor_username":"ahsantariq1991@gmail.com","actor_via_sso":false,"log_type":"token"}	2025-12-03 21:07:58.610432+00	
00000000-0000-0000-0000-000000000000	44697a05-c25b-47dd-aea3-5fa10a3378c3	{"action":"token_revoked","actor_id":"f2055315-e56b-4927-bf6d-af94107a5527","actor_username":"ahsantariq1991@gmail.com","actor_via_sso":false,"log_type":"token"}	2025-12-03 21:07:58.62225+00	
00000000-0000-0000-0000-000000000000	dd0b6962-7f02-49dd-bd4b-4a4fe326fb60	{"action":"token_refreshed","actor_id":"f2055315-e56b-4927-bf6d-af94107a5527","actor_username":"ahsantariq1991@gmail.com","actor_via_sso":false,"log_type":"token"}	2025-12-03 21:38:38.170773+00	
00000000-0000-0000-0000-000000000000	e834c9d4-c397-411e-b5cb-798144e57016	{"action":"token_revoked","actor_id":"f2055315-e56b-4927-bf6d-af94107a5527","actor_username":"ahsantariq1991@gmail.com","actor_via_sso":false,"log_type":"token"}	2025-12-03 21:38:38.181228+00	
00000000-0000-0000-0000-000000000000	ce0ecf46-0216-4dad-b0b2-3ea762e47d55	{"action":"token_refreshed","actor_id":"f2055315-e56b-4927-bf6d-af94107a5527","actor_username":"ahsantariq1991@gmail.com","actor_via_sso":false,"log_type":"token"}	2025-12-03 22:26:09.917589+00	
00000000-0000-0000-0000-000000000000	dfaf0463-2473-4c1f-96fb-1bdaa58c953a	{"action":"token_revoked","actor_id":"f2055315-e56b-4927-bf6d-af94107a5527","actor_username":"ahsantariq1991@gmail.com","actor_via_sso":false,"log_type":"token"}	2025-12-03 22:26:09.925353+00	
00000000-0000-0000-0000-000000000000	3bd04410-e3c6-4b93-90c7-058b9d400d56	{"action":"token_refreshed","actor_id":"f2055315-e56b-4927-bf6d-af94107a5527","actor_username":"ahsantariq1991@gmail.com","actor_via_sso":false,"log_type":"token"}	2025-12-03 22:26:18.236929+00	
00000000-0000-0000-0000-000000000000	e441e0ce-b70b-41f4-b375-70f0e60449fd	{"action":"token_revoked","actor_id":"f2055315-e56b-4927-bf6d-af94107a5527","actor_username":"ahsantariq1991@gmail.com","actor_via_sso":false,"log_type":"token"}	2025-12-03 22:26:18.238624+00	
00000000-0000-0000-0000-000000000000	f88068bc-7fc5-4b4d-bd1a-cb053e0d0d3a	{"action":"token_refreshed","actor_id":"f2055315-e56b-4927-bf6d-af94107a5527","actor_username":"ahsantariq1991@gmail.com","actor_via_sso":false,"log_type":"token"}	2025-12-03 22:36:45.397759+00	
00000000-0000-0000-0000-000000000000	83cad82b-cb06-48d5-a897-01419a9beae5	{"action":"token_revoked","actor_id":"f2055315-e56b-4927-bf6d-af94107a5527","actor_username":"ahsantariq1991@gmail.com","actor_via_sso":false,"log_type":"token"}	2025-12-03 22:36:45.400303+00	
00000000-0000-0000-0000-000000000000	b3e24d1e-afb8-42b9-852c-c74a1ba4f10c	{"action":"logout","actor_id":"f2055315-e56b-4927-bf6d-af94107a5527","actor_username":"ahsantariq1991@gmail.com","actor_via_sso":false,"log_type":"account"}	2025-12-03 23:00:04.596799+00	
00000000-0000-0000-0000-000000000000	6f7fc304-a9b3-47dd-8511-f3482d96e62b	{"action":"login","actor_id":"f2055315-e56b-4927-bf6d-af94107a5527","actor_username":"ahsantariq1991@gmail.com","actor_via_sso":false,"log_type":"account","traits":{"provider":"email"}}	2025-12-03 23:00:25.478359+00	
00000000-0000-0000-0000-000000000000	cca47e32-0210-4781-81a4-4db052ed5900	{"action":"login","actor_id":"f2055315-e56b-4927-bf6d-af94107a5527","actor_username":"ahsantariq1991@gmail.com","actor_via_sso":false,"log_type":"account","traits":{"provider":"email"}}	2025-12-03 23:13:33.944372+00	
00000000-0000-0000-0000-000000000000	8fdb7a89-3d3a-4ab2-9f5f-1b1fbfe8116c	{"action":"token_refreshed","actor_id":"755c0f15-990a-4e0d-9a1d-03d5de1be7ed","actor_username":"ahsantariq.ar@gmail.com","actor_via_sso":false,"log_type":"token"}	2025-12-04 00:50:13.276666+00	
00000000-0000-0000-0000-000000000000	6918275f-5899-4d16-930a-a1a335d15a06	{"action":"token_revoked","actor_id":"755c0f15-990a-4e0d-9a1d-03d5de1be7ed","actor_username":"ahsantariq.ar@gmail.com","actor_via_sso":false,"log_type":"token"}	2025-12-04 00:50:13.304223+00	
00000000-0000-0000-0000-000000000000	227804b7-1d08-4c59-b973-7702907e5be5	{"action":"token_refreshed","actor_id":"755c0f15-990a-4e0d-9a1d-03d5de1be7ed","actor_username":"ahsantariq.ar@gmail.com","actor_via_sso":false,"log_type":"token"}	2025-12-04 12:37:39.263655+00	
00000000-0000-0000-0000-000000000000	49679259-9327-425a-ae12-75e9dc3105d9	{"action":"token_revoked","actor_id":"755c0f15-990a-4e0d-9a1d-03d5de1be7ed","actor_username":"ahsantariq.ar@gmail.com","actor_via_sso":false,"log_type":"token"}	2025-12-04 12:37:39.292497+00	
00000000-0000-0000-0000-000000000000	0bde6777-e19b-4b60-9f65-24e687b8da4b	{"action":"login","actor_id":"f2055315-e56b-4927-bf6d-af94107a5527","actor_username":"ahsantariq1991@gmail.com","actor_via_sso":false,"log_type":"account","traits":{"provider":"email"}}	2025-12-04 13:04:19.598367+00	
00000000-0000-0000-0000-000000000000	2372827d-1795-4778-8492-faa1f8273acf	{"action":"token_refreshed","actor_id":"f2055315-e56b-4927-bf6d-af94107a5527","actor_username":"ahsantariq1991@gmail.com","actor_via_sso":false,"log_type":"token"}	2025-12-04 13:20:56.101123+00	
00000000-0000-0000-0000-000000000000	04d18060-5358-426c-b64d-1e29fdf3f927	{"action":"token_revoked","actor_id":"f2055315-e56b-4927-bf6d-af94107a5527","actor_username":"ahsantariq1991@gmail.com","actor_via_sso":false,"log_type":"token"}	2025-12-04 13:20:56.108092+00	
00000000-0000-0000-0000-000000000000	fe9d8676-049a-422c-b7af-e343e04c1e9e	{"action":"login","actor_id":"f2055315-e56b-4927-bf6d-af94107a5527","actor_username":"ahsantariq1991@gmail.com","actor_via_sso":false,"log_type":"account","traits":{"provider":"email"}}	2025-12-04 13:38:50.189289+00	
00000000-0000-0000-0000-000000000000	e461c09c-7a46-4f17-be75-520654fa03dd	{"action":"token_refreshed","actor_id":"f2055315-e56b-4927-bf6d-af94107a5527","actor_username":"ahsantariq1991@gmail.com","actor_via_sso":false,"log_type":"token"}	2025-12-04 14:07:18.865624+00	
00000000-0000-0000-0000-000000000000	7922e2e9-ed2a-49af-bbd7-4d6469b4b5bb	{"action":"token_revoked","actor_id":"f2055315-e56b-4927-bf6d-af94107a5527","actor_username":"ahsantariq1991@gmail.com","actor_via_sso":false,"log_type":"token"}	2025-12-04 14:07:18.878271+00	
00000000-0000-0000-0000-000000000000	55b3f0bd-d3e8-4c56-ab3f-41ac297fe29c	{"action":"token_refreshed","actor_id":"f2055315-e56b-4927-bf6d-af94107a5527","actor_username":"ahsantariq1991@gmail.com","actor_via_sso":false,"log_type":"token"}	2025-12-04 14:24:59.303346+00	
00000000-0000-0000-0000-000000000000	fcc1683f-aeb7-47e5-9702-59ce986eaa69	{"action":"token_revoked","actor_id":"f2055315-e56b-4927-bf6d-af94107a5527","actor_username":"ahsantariq1991@gmail.com","actor_via_sso":false,"log_type":"token"}	2025-12-04 14:24:59.318417+00	
00000000-0000-0000-0000-000000000000	e92c19ba-d5d6-46b2-b743-374fd963deef	{"action":"token_refreshed","actor_id":"f2055315-e56b-4927-bf6d-af94107a5527","actor_username":"ahsantariq1991@gmail.com","actor_via_sso":false,"log_type":"token"}	2025-12-04 14:36:56.912214+00	
00000000-0000-0000-0000-000000000000	4f663133-0ebc-4ebc-8446-4052c2af761b	{"action":"token_revoked","actor_id":"f2055315-e56b-4927-bf6d-af94107a5527","actor_username":"ahsantariq1991@gmail.com","actor_via_sso":false,"log_type":"token"}	2025-12-04 14:36:56.91885+00	
00000000-0000-0000-0000-000000000000	62e86764-0337-4246-a705-3c903c353182	{"action":"token_refreshed","actor_id":"f2055315-e56b-4927-bf6d-af94107a5527","actor_username":"ahsantariq1991@gmail.com","actor_via_sso":false,"log_type":"token"}	2025-12-04 15:35:46.099069+00	
00000000-0000-0000-0000-000000000000	7b5319f2-b6aa-427e-b6ff-385f989666bf	{"action":"token_revoked","actor_id":"f2055315-e56b-4927-bf6d-af94107a5527","actor_username":"ahsantariq1991@gmail.com","actor_via_sso":false,"log_type":"token"}	2025-12-04 15:35:46.125466+00	
00000000-0000-0000-0000-000000000000	fbe785c2-a7e6-4372-b760-8210c98161a8	{"action":"token_refreshed","actor_id":"f2055315-e56b-4927-bf6d-af94107a5527","actor_username":"ahsantariq1991@gmail.com","actor_via_sso":false,"log_type":"token"}	2025-12-04 17:19:49.046773+00	
00000000-0000-0000-0000-000000000000	8d2067fd-f715-4f91-ba82-051afa687c89	{"action":"token_revoked","actor_id":"f2055315-e56b-4927-bf6d-af94107a5527","actor_username":"ahsantariq1991@gmail.com","actor_via_sso":false,"log_type":"token"}	2025-12-04 17:19:49.071486+00	
00000000-0000-0000-0000-000000000000	141e0b57-f818-422e-90eb-d3099d258cb5	{"action":"token_refreshed","actor_id":"f2055315-e56b-4927-bf6d-af94107a5527","actor_username":"ahsantariq1991@gmail.com","actor_via_sso":false,"log_type":"token"}	2025-12-04 18:20:14.750067+00	
00000000-0000-0000-0000-000000000000	7bda98fd-5fd4-4f91-b6df-7d50a00ba335	{"action":"token_revoked","actor_id":"f2055315-e56b-4927-bf6d-af94107a5527","actor_username":"ahsantariq1991@gmail.com","actor_via_sso":false,"log_type":"token"}	2025-12-04 18:20:14.778042+00	
00000000-0000-0000-0000-000000000000	acd3b860-fbe0-4935-8e01-2a4df814e5f6	{"action":"token_refreshed","actor_id":"f2055315-e56b-4927-bf6d-af94107a5527","actor_username":"ahsantariq1991@gmail.com","actor_via_sso":false,"log_type":"token"}	2025-12-04 20:23:31.562009+00	
00000000-0000-0000-0000-000000000000	ad927d91-2533-4675-96e4-bcf962529b16	{"action":"token_revoked","actor_id":"f2055315-e56b-4927-bf6d-af94107a5527","actor_username":"ahsantariq1991@gmail.com","actor_via_sso":false,"log_type":"token"}	2025-12-04 20:23:31.590375+00	
00000000-0000-0000-0000-000000000000	e5803aa1-96a8-4d39-ab3e-b02c770f904f	{"action":"token_refreshed","actor_id":"f2055315-e56b-4927-bf6d-af94107a5527","actor_username":"ahsantariq1991@gmail.com","actor_via_sso":false,"log_type":"token"}	2025-12-04 20:24:04.857213+00	
00000000-0000-0000-0000-000000000000	998efff8-9967-4564-9af6-be67737004ba	{"action":"token_revoked","actor_id":"f2055315-e56b-4927-bf6d-af94107a5527","actor_username":"ahsantariq1991@gmail.com","actor_via_sso":false,"log_type":"token"}	2025-12-04 20:24:04.883617+00	
00000000-0000-0000-0000-000000000000	f656892c-fdb1-47fb-a8a1-4c098a68c026	{"action":"token_refreshed","actor_id":"f2055315-e56b-4927-bf6d-af94107a5527","actor_username":"ahsantariq1991@gmail.com","actor_via_sso":false,"log_type":"token"}	2025-12-04 20:32:23.918599+00	
00000000-0000-0000-0000-000000000000	8eef8357-4ef2-4566-a392-e97927279dc7	{"action":"token_revoked","actor_id":"f2055315-e56b-4927-bf6d-af94107a5527","actor_username":"ahsantariq1991@gmail.com","actor_via_sso":false,"log_type":"token"}	2025-12-04 20:32:23.935864+00	
00000000-0000-0000-0000-000000000000	dc0505aa-9ca2-46f4-be0a-e4e763f4ce3d	{"action":"token_refreshed","actor_id":"f2055315-e56b-4927-bf6d-af94107a5527","actor_username":"ahsantariq1991@gmail.com","actor_via_sso":false,"log_type":"token"}	2025-12-04 20:36:50.412584+00	
00000000-0000-0000-0000-000000000000	49fbe3a3-866b-43b5-993c-129fb1fd307e	{"action":"token_revoked","actor_id":"f2055315-e56b-4927-bf6d-af94107a5527","actor_username":"ahsantariq1991@gmail.com","actor_via_sso":false,"log_type":"token"}	2025-12-04 20:36:50.415101+00	
00000000-0000-0000-0000-000000000000	cca08ea9-cb9b-42ba-80fb-b6a104ea8d1e	{"action":"token_refreshed","actor_id":"f2055315-e56b-4927-bf6d-af94107a5527","actor_username":"ahsantariq1991@gmail.com","actor_via_sso":false,"log_type":"token"}	2025-12-04 23:02:22.616254+00	
00000000-0000-0000-0000-000000000000	d45ea135-7bdb-4fd2-98be-41aeeae7d206	{"action":"token_revoked","actor_id":"f2055315-e56b-4927-bf6d-af94107a5527","actor_username":"ahsantariq1991@gmail.com","actor_via_sso":false,"log_type":"token"}	2025-12-04 23:02:22.63083+00	
00000000-0000-0000-0000-000000000000	99b815ac-5a85-485d-a961-a66072ddfb5a	{"action":"token_refreshed","actor_id":"f2055315-e56b-4927-bf6d-af94107a5527","actor_username":"ahsantariq1991@gmail.com","actor_via_sso":false,"log_type":"token"}	2025-12-04 23:24:11.487755+00	
00000000-0000-0000-0000-000000000000	5b7b68c0-f9c6-4a0e-bc5a-ca85351f4039	{"action":"token_revoked","actor_id":"f2055315-e56b-4927-bf6d-af94107a5527","actor_username":"ahsantariq1991@gmail.com","actor_via_sso":false,"log_type":"token"}	2025-12-04 23:24:11.496836+00	
00000000-0000-0000-0000-000000000000	5369756e-96de-4da7-b91e-70c730767d0b	{"action":"token_refreshed","actor_id":"f2055315-e56b-4927-bf6d-af94107a5527","actor_username":"ahsantariq1991@gmail.com","actor_via_sso":false,"log_type":"token"}	2025-12-06 08:57:19.62505+00	
00000000-0000-0000-0000-000000000000	32adb22c-5061-461a-9c8a-78166553c41b	{"action":"token_revoked","actor_id":"f2055315-e56b-4927-bf6d-af94107a5527","actor_username":"ahsantariq1991@gmail.com","actor_via_sso":false,"log_type":"token"}	2025-12-06 08:57:19.659261+00	
00000000-0000-0000-0000-000000000000	f69e027b-c825-46bb-b638-587e55bbb5a5	{"action":"token_refreshed","actor_id":"f2055315-e56b-4927-bf6d-af94107a5527","actor_username":"ahsantariq1991@gmail.com","actor_via_sso":false,"log_type":"token"}	2025-12-06 10:59:55.27359+00	
00000000-0000-0000-0000-000000000000	fccc560a-f530-4bf7-b41f-8d155c62d54f	{"action":"token_revoked","actor_id":"f2055315-e56b-4927-bf6d-af94107a5527","actor_username":"ahsantariq1991@gmail.com","actor_via_sso":false,"log_type":"token"}	2025-12-06 10:59:55.295629+00	
00000000-0000-0000-0000-000000000000	dfe693ea-21d4-44c1-95d8-464716328f1e	{"action":"token_refreshed","actor_id":"f2055315-e56b-4927-bf6d-af94107a5527","actor_username":"ahsantariq1991@gmail.com","actor_via_sso":false,"log_type":"token"}	2025-12-06 13:25:40.772074+00	
00000000-0000-0000-0000-000000000000	4f7ab8af-71cb-40c6-8758-a701b03b0e8e	{"action":"token_revoked","actor_id":"f2055315-e56b-4927-bf6d-af94107a5527","actor_username":"ahsantariq1991@gmail.com","actor_via_sso":false,"log_type":"token"}	2025-12-06 13:25:40.792597+00	
00000000-0000-0000-0000-000000000000	86946249-77c6-4961-a9b7-9200fac0e9c2	{"action":"token_refreshed","actor_id":"f2055315-e56b-4927-bf6d-af94107a5527","actor_username":"ahsantariq1991@gmail.com","actor_via_sso":false,"log_type":"token"}	2025-12-06 15:19:54.276583+00	
00000000-0000-0000-0000-000000000000	efb9e97f-b7be-45dd-9507-0e5d71c0e00c	{"action":"token_revoked","actor_id":"f2055315-e56b-4927-bf6d-af94107a5527","actor_username":"ahsantariq1991@gmail.com","actor_via_sso":false,"log_type":"token"}	2025-12-06 15:19:54.294415+00	
00000000-0000-0000-0000-000000000000	b9d34ae1-bd34-44b3-be56-8eb389dc513e	{"action":"token_refreshed","actor_id":"f2055315-e56b-4927-bf6d-af94107a5527","actor_username":"ahsantariq1991@gmail.com","actor_via_sso":false,"log_type":"token"}	2025-12-07 12:49:31.135766+00	
00000000-0000-0000-0000-000000000000	9d011ff1-b828-4aa3-88d3-5e068c0dacee	{"action":"token_revoked","actor_id":"f2055315-e56b-4927-bf6d-af94107a5527","actor_username":"ahsantariq1991@gmail.com","actor_via_sso":false,"log_type":"token"}	2025-12-07 12:49:31.164395+00	
00000000-0000-0000-0000-000000000000	4c00fc0f-58a4-4f62-baf5-11bf2577556b	{"action":"token_refreshed","actor_id":"f2055315-e56b-4927-bf6d-af94107a5527","actor_username":"ahsantariq1991@gmail.com","actor_via_sso":false,"log_type":"token"}	2025-12-07 13:57:58.237598+00	
00000000-0000-0000-0000-000000000000	338f5258-d121-4892-9d16-12ee9d28089b	{"action":"token_revoked","actor_id":"f2055315-e56b-4927-bf6d-af94107a5527","actor_username":"ahsantariq1991@gmail.com","actor_via_sso":false,"log_type":"token"}	2025-12-07 13:57:58.253835+00	
00000000-0000-0000-0000-000000000000	d724a206-f812-4395-973d-a92a71322b33	{"action":"token_refreshed","actor_id":"f2055315-e56b-4927-bf6d-af94107a5527","actor_username":"ahsantariq1991@gmail.com","actor_via_sso":false,"log_type":"token"}	2025-12-07 15:10:09.082292+00	
00000000-0000-0000-0000-000000000000	e999273e-8202-45c8-846d-027fc2584dc0	{"action":"token_revoked","actor_id":"f2055315-e56b-4927-bf6d-af94107a5527","actor_username":"ahsantariq1991@gmail.com","actor_via_sso":false,"log_type":"token"}	2025-12-07 15:10:09.096264+00	
00000000-0000-0000-0000-000000000000	3ed5c777-35fc-4963-b9b3-8c6f2dcaaf39	{"action":"token_refreshed","actor_id":"f2055315-e56b-4927-bf6d-af94107a5527","actor_username":"ahsantariq1991@gmail.com","actor_via_sso":false,"log_type":"token"}	2025-12-08 12:30:08.918841+00	
00000000-0000-0000-0000-000000000000	afd6bb40-8c3c-4093-b943-21d856790d7f	{"action":"token_revoked","actor_id":"f2055315-e56b-4927-bf6d-af94107a5527","actor_username":"ahsantariq1991@gmail.com","actor_via_sso":false,"log_type":"token"}	2025-12-08 12:30:08.962362+00	
00000000-0000-0000-0000-000000000000	56241614-3ea0-4ead-af3b-bca63ea9e272	{"action":"token_refreshed","actor_id":"f2055315-e56b-4927-bf6d-af94107a5527","actor_username":"ahsantariq1991@gmail.com","actor_via_sso":false,"log_type":"token"}	2025-12-08 15:01:32.466843+00	
00000000-0000-0000-0000-000000000000	03bb222d-4b51-4020-8258-1c4c78331747	{"action":"token_revoked","actor_id":"f2055315-e56b-4927-bf6d-af94107a5527","actor_username":"ahsantariq1991@gmail.com","actor_via_sso":false,"log_type":"token"}	2025-12-08 15:01:32.479168+00	
00000000-0000-0000-0000-000000000000	d5d0c5a8-42d2-4c29-be2a-c536279a0bce	{"action":"token_refreshed","actor_id":"f2055315-e56b-4927-bf6d-af94107a5527","actor_username":"ahsantariq1991@gmail.com","actor_via_sso":false,"log_type":"token"}	2025-12-08 21:07:10.286092+00	
00000000-0000-0000-0000-000000000000	7d541dbe-729c-46b6-bddd-349d52a1d34f	{"action":"token_revoked","actor_id":"f2055315-e56b-4927-bf6d-af94107a5527","actor_username":"ahsantariq1991@gmail.com","actor_via_sso":false,"log_type":"token"}	2025-12-08 21:07:10.314593+00	
00000000-0000-0000-0000-000000000000	130e0f57-0e26-4c13-84b0-b2fa7c807493	{"action":"token_refreshed","actor_id":"755c0f15-990a-4e0d-9a1d-03d5de1be7ed","actor_username":"ahsantariq.ar@gmail.com","actor_via_sso":false,"log_type":"token"}	2025-12-08 22:04:35.503268+00	
00000000-0000-0000-0000-000000000000	e5870818-8743-49d3-b04e-daa464117f98	{"action":"token_revoked","actor_id":"755c0f15-990a-4e0d-9a1d-03d5de1be7ed","actor_username":"ahsantariq.ar@gmail.com","actor_via_sso":false,"log_type":"token"}	2025-12-08 22:04:35.521663+00	
00000000-0000-0000-0000-000000000000	1b149520-3df5-41b9-aa17-8567edc7ed70	{"action":"token_refreshed","actor_id":"f2055315-e56b-4927-bf6d-af94107a5527","actor_username":"ahsantariq1991@gmail.com","actor_via_sso":false,"log_type":"token"}	2025-12-08 22:07:42.319883+00	
00000000-0000-0000-0000-000000000000	da75a935-a547-4d9d-9a4e-9ebcb5508af4	{"action":"token_revoked","actor_id":"f2055315-e56b-4927-bf6d-af94107a5527","actor_username":"ahsantariq1991@gmail.com","actor_via_sso":false,"log_type":"token"}	2025-12-08 22:07:42.320975+00	
00000000-0000-0000-0000-000000000000	86321597-b6be-499e-949a-6f50bab8b9d4	{"action":"token_refreshed","actor_id":"f2055315-e56b-4927-bf6d-af94107a5527","actor_username":"ahsantariq1991@gmail.com","actor_via_sso":false,"log_type":"token"}	2025-12-09 01:38:00.62257+00	
\.


--
-- Data for Name: flow_state; Type: TABLE DATA; Schema: auth; Owner: supabase_auth_admin
--

COPY "auth"."flow_state" ("id", "user_id", "auth_code", "code_challenge_method", "code_challenge", "provider_type", "provider_access_token", "provider_refresh_token", "created_at", "updated_at", "authentication_method", "auth_code_issued_at") FROM stdin;
\.


--
-- Data for Name: users; Type: TABLE DATA; Schema: auth; Owner: supabase_auth_admin
--

COPY "auth"."users" ("instance_id", "id", "aud", "role", "email", "encrypted_password", "email_confirmed_at", "invited_at", "confirmation_token", "confirmation_sent_at", "recovery_token", "recovery_sent_at", "email_change_token_new", "email_change", "email_change_sent_at", "last_sign_in_at", "raw_app_meta_data", "raw_user_meta_data", "is_super_admin", "created_at", "updated_at", "phone", "phone_confirmed_at", "phone_change", "phone_change_token", "phone_change_sent_at", "email_change_token_current", "email_change_confirm_status", "banned_until", "reauthentication_token", "reauthentication_sent_at", "is_sso_user", "deleted_at", "is_anonymous") FROM stdin;
00000000-0000-0000-0000-000000000000	755c0f15-990a-4e0d-9a1d-03d5de1be7ed	authenticated	authenticated	ahsantariq.ar@gmail.com	$2a$10$3DpBPdcFmLkNWZci/zEWR.H.Ix5zP7oVx3xpELlREmYs/nZzCt8K6	2025-09-25 01:41:16.910245+00	\N		\N		\N			\N	2025-12-03 17:34:24.173064+00	{"provider": "email", "providers": ["email"]}	{"email_verified": true}	\N	2025-09-25 01:41:16.891607+00	2025-12-08 22:04:35.554543+00	\N	\N			\N		0	\N		\N	f	\N	f
00000000-0000-0000-0000-000000000000	f2055315-e56b-4927-bf6d-af94107a5527	authenticated	authenticated	ahsantariq1991@gmail.com	$2a$10$bhbi78dwWT3zhWCqXmTjTeWQaWoYGLeq2CrUcZFz3KjtLVuNUsyBK	2025-12-02 19:48:33.466079+00	\N		\N		\N			\N	2025-12-04 13:38:50.207015+00	{"provider": "email", "providers": ["email"]}	{"email_verified": true}	\N	2025-12-02 19:48:33.437278+00	2025-12-08 22:07:42.325509+00	\N	\N			\N		0	\N		\N	f	\N	f
\.


--
-- Data for Name: identities; Type: TABLE DATA; Schema: auth; Owner: supabase_auth_admin
--

COPY "auth"."identities" ("provider_id", "user_id", "identity_data", "provider", "last_sign_in_at", "created_at", "updated_at", "id") FROM stdin;
755c0f15-990a-4e0d-9a1d-03d5de1be7ed	755c0f15-990a-4e0d-9a1d-03d5de1be7ed	{"sub": "755c0f15-990a-4e0d-9a1d-03d5de1be7ed", "email": "ahsantariq.ar@gmail.com", "email_verified": false, "phone_verified": false}	email	2025-09-25 01:41:16.902915+00	2025-09-25 01:41:16.902965+00	2025-09-25 01:41:16.902965+00	501c84bd-f8a7-4d6c-a523-59fec4dfe401
f2055315-e56b-4927-bf6d-af94107a5527	f2055315-e56b-4927-bf6d-af94107a5527	{"sub": "f2055315-e56b-4927-bf6d-af94107a5527", "email": "ahsantariq1991@gmail.com", "email_verified": false, "phone_verified": false}	email	2025-12-02 19:48:33.457246+00	2025-12-02 19:48:33.457326+00	2025-12-02 19:48:33.457326+00	881dd7bf-3d08-41b2-b886-12abc67688bc
\.


--
-- Data for Name: instances; Type: TABLE DATA; Schema: auth; Owner: supabase_auth_admin
--

COPY "auth"."instances" ("id", "uuid", "raw_base_config", "created_at", "updated_at") FROM stdin;
\.


--
-- Data for Name: oauth_clients; Type: TABLE DATA; Schema: auth; Owner: supabase_auth_admin
--

COPY "auth"."oauth_clients" ("id", "client_secret_hash", "registration_type", "redirect_uris", "grant_types", "client_name", "client_uri", "logo_uri", "created_at", "updated_at", "deleted_at", "client_type") FROM stdin;
\.


--
-- Data for Name: sessions; Type: TABLE DATA; Schema: auth; Owner: supabase_auth_admin
--

COPY "auth"."sessions" ("id", "user_id", "created_at", "updated_at", "factor_id", "aal", "not_after", "refreshed_at", "user_agent", "ip", "tag", "oauth_client_id", "refresh_token_hmac_key", "refresh_token_counter", "scopes") FROM stdin;
fc8bf150-aa1c-4847-8a83-2a041d09402f	755c0f15-990a-4e0d-9a1d-03d5de1be7ed	2025-12-03 10:35:25.612968+00	2025-12-04 00:50:13.365819+00	\N	aal1	\N	2025-12-04 00:50:13.365691	Mozilla/5.0 (Windows NT 10.0; Win64; x64) AppleWebKit/537.36 (KHTML, like Gecko) Chrome/142.0.0.0 Safari/537.36	182.186.140.198	\N	\N	\N	\N	\N
146a6b2c-05ba-4020-8b36-e4fd5d692c73	755c0f15-990a-4e0d-9a1d-03d5de1be7ed	2025-12-03 17:34:24.173194+00	2025-12-04 12:37:39.35428+00	\N	aal1	\N	2025-12-04 12:37:39.352756	Mozilla/5.0 (Windows NT 10.0; Win64; x64) AppleWebKit/537.36 (KHTML, like Gecko) Chrome/142.0.0.0 Safari/537.36	154.192.169.239	\N	\N	\N	\N	\N
983b89b7-cc1e-4106-a772-76cbdeb2c479	755c0f15-990a-4e0d-9a1d-03d5de1be7ed	2025-12-03 15:17:43.51507+00	2025-12-08 22:04:35.562939+00	\N	aal1	\N	2025-12-08 22:04:35.562818	Mozilla/5.0 (Macintosh; Intel Mac OS X 10_15_7) AppleWebKit/537.36 (KHTML, like Gecko) Chrome/142.0.0.0 Safari/537.36	154.80.6.89	\N	\N	\N	\N	\N
29e14421-1c9e-4691-b6b6-e39a4a41c2bc	f2055315-e56b-4927-bf6d-af94107a5527	2025-12-04 13:38:50.207766+00	2025-12-08 22:07:42.327846+00	\N	aal1	\N	2025-12-08 22:07:42.327192	Mozilla/5.0 (Macintosh; Intel Mac OS X 10_15_7) AppleWebKit/537.36 (KHTML, like Gecko) Chrome/142.0.0.0 Safari/537.36	154.80.6.89	\N	\N	\N	\N	\N
21c1576b-8982-46ea-8726-d75d45075764	f2055315-e56b-4927-bf6d-af94107a5527	2025-12-03 23:00:25.48268+00	2025-12-09 01:38:00.643758+00	\N	aal1	\N	2025-12-09 01:38:00.642579	Mozilla/5.0 (Macintosh; Intel Mac OS X 10_15_7) AppleWebKit/537.36 (KHTML, like Gecko) Chrome/141.0.0.0 Safari/537.36	175.107.239.186	\N	\N	\N	\N	\N
f76935ad-04b8-430b-8e37-ccbe3953c199	f2055315-e56b-4927-bf6d-af94107a5527	2025-12-04 13:04:19.622213+00	2025-12-04 20:24:04.948501+00	\N	aal1	\N	2025-12-04 20:24:04.947538	Mozilla/5.0 (Macintosh; Intel Mac OS X 10_15_7) AppleWebKit/537.36 (KHTML, like Gecko) Chrome/141.0.0.0 Safari/537.36	175.107.239.186	\N	\N	\N	\N	\N
e91be352-ae00-4223-9e8a-946178e8310c	f2055315-e56b-4927-bf6d-af94107a5527	2025-12-03 23:13:33.953129+00	2025-12-04 23:24:11.521716+00	\N	aal1	\N	2025-12-04 23:24:11.520461	Mozilla/5.0 (iPhone; CPU iPhone OS 18_6 like Mac OS X) AppleWebKit/605.1.15 (KHTML, like Gecko) Version/26.0 Mobile/15E148 Safari/604.1	154.81.233.29	\N	\N	\N	\N	\N
\.


--
-- Data for Name: mfa_amr_claims; Type: TABLE DATA; Schema: auth; Owner: supabase_auth_admin
--

COPY "auth"."mfa_amr_claims" ("session_id", "created_at", "updated_at", "authentication_method", "id") FROM stdin;
fc8bf150-aa1c-4847-8a83-2a041d09402f	2025-12-03 10:35:25.693402+00	2025-12-03 10:35:25.693402+00	password	b94cba08-b2e3-481c-beeb-766fec997604
983b89b7-cc1e-4106-a772-76cbdeb2c479	2025-12-03 15:17:43.538669+00	2025-12-03 15:17:43.538669+00	password	e4b49739-e9fd-474d-99eb-1576c9642264
146a6b2c-05ba-4020-8b36-e4fd5d692c73	2025-12-03 17:34:24.217243+00	2025-12-03 17:34:24.217243+00	password	32e55841-b203-444e-9693-f5227ed841fb
21c1576b-8982-46ea-8726-d75d45075764	2025-12-03 23:00:25.510995+00	2025-12-03 23:00:25.510995+00	password	7cdc35c6-c50f-4925-a7eb-194f081d3b71
e91be352-ae00-4223-9e8a-946178e8310c	2025-12-03 23:13:33.967107+00	2025-12-03 23:13:33.967107+00	password	15c08ae2-4783-47a5-8849-31b7738b9a7e
f76935ad-04b8-430b-8e37-ccbe3953c199	2025-12-04 13:04:19.676472+00	2025-12-04 13:04:19.676472+00	password	433b1924-530d-43a9-8441-bf23e94162a7
29e14421-1c9e-4691-b6b6-e39a4a41c2bc	2025-12-04 13:38:50.266569+00	2025-12-04 13:38:50.266569+00	password	21cb5a8f-bb02-46b5-a8fb-866ab86e8d65
\.


--
-- Data for Name: mfa_factors; Type: TABLE DATA; Schema: auth; Owner: supabase_auth_admin
--

COPY "auth"."mfa_factors" ("id", "user_id", "friendly_name", "factor_type", "status", "created_at", "updated_at", "secret", "phone", "last_challenged_at", "web_authn_credential", "web_authn_aaguid", "last_webauthn_challenge_data") FROM stdin;
\.


--
-- Data for Name: mfa_challenges; Type: TABLE DATA; Schema: auth; Owner: supabase_auth_admin
--

COPY "auth"."mfa_challenges" ("id", "factor_id", "created_at", "verified_at", "ip_address", "otp_code", "web_authn_session_data") FROM stdin;
\.


--
-- Data for Name: oauth_authorizations; Type: TABLE DATA; Schema: auth; Owner: supabase_auth_admin
--

COPY "auth"."oauth_authorizations" ("id", "authorization_id", "client_id", "user_id", "redirect_uri", "scope", "state", "resource", "code_challenge", "code_challenge_method", "response_type", "status", "authorization_code", "created_at", "expires_at", "approved_at", "nonce") FROM stdin;
\.


--
-- Data for Name: oauth_consents; Type: TABLE DATA; Schema: auth; Owner: supabase_auth_admin
--

COPY "auth"."oauth_consents" ("id", "user_id", "client_id", "scopes", "granted_at", "revoked_at") FROM stdin;
\.


--
-- Data for Name: one_time_tokens; Type: TABLE DATA; Schema: auth; Owner: supabase_auth_admin
--

COPY "auth"."one_time_tokens" ("id", "user_id", "token_type", "token_hash", "relates_to", "created_at", "updated_at") FROM stdin;
\.


--
-- Data for Name: refresh_tokens; Type: TABLE DATA; Schema: auth; Owner: supabase_auth_admin
--

COPY "auth"."refresh_tokens" ("instance_id", "id", "token", "user_id", "revoked", "created_at", "updated_at", "parent", "session_id") FROM stdin;
00000000-0000-0000-0000-000000000000	367	y4k2vhek6iyt	f2055315-e56b-4927-bf6d-af94107a5527	t	2025-12-04 20:36:50.418385+00	2025-12-04 23:24:11.502653+00	xn3sjqmzvcxz	e91be352-ae00-4223-9e8a-946178e8310c
00000000-0000-0000-0000-000000000000	369	4yeqijjaphqf	f2055315-e56b-4927-bf6d-af94107a5527	f	2025-12-04 23:24:11.510827+00	2025-12-04 23:24:11.510827+00	y4k2vhek6iyt	e91be352-ae00-4223-9e8a-946178e8310c
00000000-0000-0000-0000-000000000000	368	jkyaru6xqvjg	f2055315-e56b-4927-bf6d-af94107a5527	t	2025-12-04 23:02:22.643581+00	2025-12-06 08:57:19.663754+00	r52kaesdx7fy	29e14421-1c9e-4691-b6b6-e39a4a41c2bc
00000000-0000-0000-0000-000000000000	370	7aaexmdj5crj	f2055315-e56b-4927-bf6d-af94107a5527	t	2025-12-06 08:57:19.692635+00	2025-12-06 10:59:55.297208+00	jkyaru6xqvjg	29e14421-1c9e-4691-b6b6-e39a4a41c2bc
00000000-0000-0000-0000-000000000000	371	5bt6v34loajh	f2055315-e56b-4927-bf6d-af94107a5527	t	2025-12-06 10:59:55.31104+00	2025-12-06 13:25:40.797223+00	7aaexmdj5crj	29e14421-1c9e-4691-b6b6-e39a4a41c2bc
00000000-0000-0000-0000-000000000000	372	t7qfyg2qraro	f2055315-e56b-4927-bf6d-af94107a5527	t	2025-12-06 13:25:40.813253+00	2025-12-06 15:19:54.297544+00	5bt6v34loajh	29e14421-1c9e-4691-b6b6-e39a4a41c2bc
00000000-0000-0000-0000-000000000000	373	qzvyoyumlthj	f2055315-e56b-4927-bf6d-af94107a5527	t	2025-12-06 15:19:54.319146+00	2025-12-07 12:49:31.168276+00	t7qfyg2qraro	29e14421-1c9e-4691-b6b6-e39a4a41c2bc
00000000-0000-0000-0000-000000000000	374	ouahv77ojnp4	f2055315-e56b-4927-bf6d-af94107a5527	t	2025-12-07 12:49:31.192105+00	2025-12-07 13:57:58.257614+00	qzvyoyumlthj	29e14421-1c9e-4691-b6b6-e39a4a41c2bc
00000000-0000-0000-0000-000000000000	375	44kbv2pcazon	f2055315-e56b-4927-bf6d-af94107a5527	t	2025-12-07 13:57:58.269723+00	2025-12-07 15:10:09.099441+00	ouahv77ojnp4	29e14421-1c9e-4691-b6b6-e39a4a41c2bc
00000000-0000-0000-0000-000000000000	376	h6bzb5uqplgy	f2055315-e56b-4927-bf6d-af94107a5527	t	2025-12-07 15:10:09.106488+00	2025-12-08 12:30:08.965359+00	44kbv2pcazon	29e14421-1c9e-4691-b6b6-e39a4a41c2bc
00000000-0000-0000-0000-000000000000	377	hl7ia43ogsjg	f2055315-e56b-4927-bf6d-af94107a5527	t	2025-12-08 12:30:09.00129+00	2025-12-08 15:01:32.482443+00	h6bzb5uqplgy	29e14421-1c9e-4691-b6b6-e39a4a41c2bc
00000000-0000-0000-0000-000000000000	378	yo6mktcvhdee	f2055315-e56b-4927-bf6d-af94107a5527	t	2025-12-08 15:01:32.496334+00	2025-12-08 21:07:10.317272+00	hl7ia43ogsjg	29e14421-1c9e-4691-b6b6-e39a4a41c2bc
00000000-0000-0000-0000-000000000000	336	prhesk5rhmhl	755c0f15-990a-4e0d-9a1d-03d5de1be7ed	t	2025-12-03 15:17:43.531162+00	2025-12-08 22:04:35.523154+00	\N	983b89b7-cc1e-4106-a772-76cbdeb2c479
00000000-0000-0000-0000-000000000000	380	pybevkajtzw7	755c0f15-990a-4e0d-9a1d-03d5de1be7ed	f	2025-12-08 22:04:35.544464+00	2025-12-08 22:04:35.544464+00	prhesk5rhmhl	983b89b7-cc1e-4106-a772-76cbdeb2c479
00000000-0000-0000-0000-000000000000	379	4rlkaq5jwrqz	f2055315-e56b-4927-bf6d-af94107a5527	t	2025-12-08 21:07:10.33697+00	2025-12-08 22:07:42.322251+00	yo6mktcvhdee	29e14421-1c9e-4691-b6b6-e39a4a41c2bc
00000000-0000-0000-0000-000000000000	381	icjuwvd5obvn	f2055315-e56b-4927-bf6d-af94107a5527	f	2025-12-08 22:07:42.32303+00	2025-12-08 22:07:42.32303+00	4rlkaq5jwrqz	29e14421-1c9e-4691-b6b6-e39a4a41c2bc
00000000-0000-0000-0000-000000000000	342	dmym6v76eah3	755c0f15-990a-4e0d-9a1d-03d5de1be7ed	t	2025-12-03 17:34:24.197624+00	2025-12-03 18:40:42.236384+00	\N	146a6b2c-05ba-4020-8b36-e4fd5d692c73
00000000-0000-0000-0000-000000000000	330	4ttatcbceafg	755c0f15-990a-4e0d-9a1d-03d5de1be7ed	t	2025-12-03 10:35:25.653173+00	2025-12-04 00:50:13.307112+00	\N	fc8bf150-aa1c-4847-8a83-2a041d09402f
00000000-0000-0000-0000-000000000000	353	eluk7jfkyjtt	755c0f15-990a-4e0d-9a1d-03d5de1be7ed	f	2025-12-04 00:50:13.333648+00	2025-12-04 00:50:13.333648+00	4ttatcbceafg	fc8bf150-aa1c-4847-8a83-2a041d09402f
00000000-0000-0000-0000-000000000000	344	ycfv2nidghhs	755c0f15-990a-4e0d-9a1d-03d5de1be7ed	t	2025-12-03 18:40:42.237638+00	2025-12-04 12:37:39.295412+00	dmym6v76eah3	146a6b2c-05ba-4020-8b36-e4fd5d692c73
00000000-0000-0000-0000-000000000000	354	zmafrcxd3x24	755c0f15-990a-4e0d-9a1d-03d5de1be7ed	f	2025-12-04 12:37:39.324271+00	2025-12-04 12:37:39.324271+00	ycfv2nidghhs	146a6b2c-05ba-4020-8b36-e4fd5d692c73
00000000-0000-0000-0000-000000000000	351	6hwodjblo3uc	f2055315-e56b-4927-bf6d-af94107a5527	t	2025-12-03 23:00:25.498806+00	2025-12-04 13:20:56.109129+00	\N	21c1576b-8982-46ea-8726-d75d45075764
00000000-0000-0000-0000-000000000000	355	eyk24t2nk6eb	f2055315-e56b-4927-bf6d-af94107a5527	t	2025-12-04 13:04:19.65106+00	2025-12-04 14:07:18.881077+00	\N	f76935ad-04b8-430b-8e37-ccbe3953c199
00000000-0000-0000-0000-000000000000	356	5nwupk76ngyb	f2055315-e56b-4927-bf6d-af94107a5527	t	2025-12-04 13:20:56.116777+00	2025-12-04 14:24:59.324397+00	6hwodjblo3uc	21c1576b-8982-46ea-8726-d75d45075764
00000000-0000-0000-0000-000000000000	357	xlnctkam5pcv	f2055315-e56b-4927-bf6d-af94107a5527	t	2025-12-04 13:38:50.243184+00	2025-12-04 14:36:56.922847+00	\N	29e14421-1c9e-4691-b6b6-e39a4a41c2bc
00000000-0000-0000-0000-000000000000	360	avlamwjyyizc	f2055315-e56b-4927-bf6d-af94107a5527	t	2025-12-04 14:36:56.930148+00	2025-12-04 15:35:46.128726+00	xlnctkam5pcv	29e14421-1c9e-4691-b6b6-e39a4a41c2bc
00000000-0000-0000-0000-000000000000	352	c7vpehle3uyc	f2055315-e56b-4927-bf6d-af94107a5527	t	2025-12-03 23:13:33.961826+00	2025-12-04 17:19:49.081611+00	\N	e91be352-ae00-4223-9e8a-946178e8310c
00000000-0000-0000-0000-000000000000	361	2uioxzgt6nzd	f2055315-e56b-4927-bf6d-af94107a5527	t	2025-12-04 15:35:46.150197+00	2025-12-04 18:20:14.782256+00	avlamwjyyizc	29e14421-1c9e-4691-b6b6-e39a4a41c2bc
00000000-0000-0000-0000-000000000000	359	olgfvjfkdjif	f2055315-e56b-4927-bf6d-af94107a5527	t	2025-12-04 14:24:59.332201+00	2025-12-04 20:23:31.592191+00	5nwupk76ngyb	21c1576b-8982-46ea-8726-d75d45075764
00000000-0000-0000-0000-000000000000	364	5bnj3fvzetzp	f2055315-e56b-4927-bf6d-af94107a5527	f	2025-12-04 20:23:31.612604+00	2025-12-04 20:23:31.612604+00	olgfvjfkdjif	21c1576b-8982-46ea-8726-d75d45075764
00000000-0000-0000-0000-000000000000	358	mfdsotravpu6	f2055315-e56b-4927-bf6d-af94107a5527	t	2025-12-04 14:07:18.894501+00	2025-12-04 20:24:04.88923+00	eyk24t2nk6eb	f76935ad-04b8-430b-8e37-ccbe3953c199
00000000-0000-0000-0000-000000000000	365	rcj5nuqgz4sg	f2055315-e56b-4927-bf6d-af94107a5527	f	2025-12-04 20:24:04.917237+00	2025-12-04 20:24:04.917237+00	mfdsotravpu6	f76935ad-04b8-430b-8e37-ccbe3953c199
00000000-0000-0000-0000-000000000000	363	yppuriscox6i	f2055315-e56b-4927-bf6d-af94107a5527	t	2025-12-04 18:20:14.802849+00	2025-12-04 20:32:23.937228+00	2uioxzgt6nzd	29e14421-1c9e-4691-b6b6-e39a4a41c2bc
00000000-0000-0000-0000-000000000000	362	xn3sjqmzvcxz	f2055315-e56b-4927-bf6d-af94107a5527	t	2025-12-04 17:19:49.10302+00	2025-12-04 20:36:50.416722+00	c7vpehle3uyc	e91be352-ae00-4223-9e8a-946178e8310c
00000000-0000-0000-0000-000000000000	366	r52kaesdx7fy	f2055315-e56b-4927-bf6d-af94107a5527	t	2025-12-04 20:32:23.950518+00	2025-12-04 23:02:22.633299+00	yppuriscox6i	29e14421-1c9e-4691-b6b6-e39a4a41c2bc
\.


--
-- Data for Name: sso_providers; Type: TABLE DATA; Schema: auth; Owner: supabase_auth_admin
--

COPY "auth"."sso_providers" ("id", "resource_id", "created_at", "updated_at", "disabled") FROM stdin;
\.


--
-- Data for Name: saml_providers; Type: TABLE DATA; Schema: auth; Owner: supabase_auth_admin
--

COPY "auth"."saml_providers" ("id", "sso_provider_id", "entity_id", "metadata_xml", "metadata_url", "attribute_mapping", "created_at", "updated_at", "name_id_format") FROM stdin;
\.


--
-- Data for Name: saml_relay_states; Type: TABLE DATA; Schema: auth; Owner: supabase_auth_admin
--

COPY "auth"."saml_relay_states" ("id", "sso_provider_id", "request_id", "for_email", "redirect_to", "created_at", "updated_at", "flow_state_id") FROM stdin;
\.


--
-- Data for Name: sso_domains; Type: TABLE DATA; Schema: auth; Owner: supabase_auth_admin
--

COPY "auth"."sso_domains" ("id", "sso_provider_id", "domain", "created_at", "updated_at") FROM stdin;
\.


--
-- Data for Name: customers; Type: TABLE DATA; Schema: public; Owner: postgres
--

COPY "public"."customers" ("id", "name", "phone", "address", "created_at", "updated_at") FROM stdin;
8d21ce19-0b96-4a14-874f-2216e6970bad	MOBEEN KHALIL	+923080655148	\N	2025-11-03 14:48:45.313175+00	2025-11-03 14:48:45.313175+00
7c51e230-0a0d-4067-a8d7-25517da16653	BASIT FAMILY	+923207650400	\N	2025-11-03 14:51:23.118154+00	2025-11-03 14:51:23.118154+00
73b007bd-c3e2-40b5-8d20-e5e48f9b050e	SADAQAT ISRA	+923177289737	\N	2025-11-03 14:52:45.182372+00	2025-11-03 14:52:45.182372+00
3c346072-215d-4db3-8e5f-43edd6f378c9	UMAIR CHEEMA	+923040681010	\N	2025-11-03 14:54:21.590838+00	2025-11-03 14:54:21.590838+00
7cdddbc8-f777-4756-803e-674cf68e7ede	DANISH	+923226516291	\N	2025-11-05 12:09:34.518195+00	2025-11-05 12:09:34.518195+00
08f21194-3bcc-4820-b3f2-e4d1ec2605bd	SUNNY BHAI	+923219999875	\N	2025-11-08 14:29:15.219784+00	2025-11-08 14:29:15.219784+00
3259c031-5d4c-4b8f-b43c-9f637e8b3837	ABDUL-HANAN (ZAIN REF)	+923206089281	\N	2025-11-10 12:09:46.268834+00	2025-11-10 12:09:46.268834+00
d6568454-70f5-4d3f-b83e-4c5d487ca77e	SOHAIB RASHID	+923211169595	\N	2025-10-29 11:04:43.872702+00	2025-10-29 11:04:43.872702+00
127d3fec-45cc-48b9-92b4-42e29d61fb47	MRS AMIR	+923004507672	\N	2025-10-29 14:28:59.10091+00	2025-10-29 14:28:59.10091+00
1dddfc2f-d913-4909-bf79-f49ee20e3101	M BASIT 	+923106964807	\N	2025-10-30 14:51:26.09341+00	2025-10-30 14:51:26.09341+00
bbe5e066-6810-46f1-9f20-be8c1e9898ef	HAMMAD SANI	+923216162347	\N	2025-10-30 18:25:58.513781+00	2025-10-30 18:25:58.513781+00
61078746-da16-4e30-b00a-1ca4e8c415d5	SH ASIM	+923018111112	\N	2025-10-30 18:32:58.894199+00	2025-10-30 18:32:58.894199+00
2422dddc-c24c-486b-a4f5-a4670a64ba0d	HASSAN SIALKOT	+923350000445	\N	2025-10-30 18:36:40.32987+00	2025-10-30 18:36:40.32987+00
a95ee68e-f297-4974-8ee7-e181396919fa	NAVEED SIALKOT 	+923272176000	\N	2025-10-30 18:51:53.762745+00	2025-10-30 18:51:53.762745+00
9b57097a-22e9-49f1-b429-be3071d8ef6b	HASSAN AMIR	+923160405145	\N	2025-10-30 18:55:34.391237+00	2025-10-30 18:55:34.391237+00
fa078972-be35-4a96-98a1-398f05f13276	AHSAN ASIF	+923252400000	\N	2025-10-30 18:59:16.588458+00	2025-10-30 18:59:16.588458+00
f8aee391-dc32-4b43-886c-4d04e186fcc7	HAMZA GROOM	+923037337331	\N	2025-10-30 19:04:00.375901+00	2025-10-30 19:04:00.375901+00
a982f98f-1dc6-4b56-842e-99f675500004	ZOHAIB ZAHID 	+923016746105	\N	2025-10-30 19:06:23.08199+00	2025-10-30 19:06:23.08199+00
7f366cb6-131c-49f6-89a8-b79c06d077e7	HAJI ADEEL 	+923229702222	\N	2025-10-30 19:12:02.67528+00	2025-10-30 19:12:02.67528+00
3d2940c1-696f-49e6-a7e4-243a67b197aa	ADEEL	+923051125000	\N	2025-10-30 19:15:09.771144+00	2025-10-30 19:15:09.771144+00
7588c28b-2933-4223-91ea-91ef6c07da06	ABDUL TAUHEED 	+923246040983	\N	2025-10-30 19:19:04.200279+00	2025-10-30 19:19:04.200279+00
2585665c-d342-42e2-8add-bb4d0397ce5e	AUZAN NAEEM	+923053110055	\N	2025-10-30 19:26:04.272867+00	2025-10-30 19:26:04.272867+00
835ffb68-c3c0-4ec5-8dfc-bc8f6667faea	SH HASSAN QASIM	+923010041842	\N	2025-10-30 19:30:45.189355+00	2025-10-30 19:30:45.189355+00
4cc8ce47-3421-4120-9778-d1b10a527d49	HASEEB SALMAN	+923368189000	\N	2025-10-30 19:33:50.813264+00	2025-10-30 19:33:50.813264+00
6c9502f3-3c39-44d3-b321-f0fa14d9289d	ADEEL & FARAZ	+923112936000	\N	2025-10-30 19:36:29.209101+00	2025-10-30 19:36:29.209101+00
4dd042e3-0ac4-4ffb-9799-78101cd64956	ANS MAHAD	+923000699362	\N	2025-10-30 19:39:13.842133+00	2025-10-30 19:39:13.842133+00
261ee7b1-9fee-4670-821f-d07e5e943cd1	SAFEER REHMAN	+923157957721	\N	2025-10-30 19:42:03.735228+00	2025-10-30 19:42:03.735228+00
d4cb76cd-9a34-484b-be96-4dce61fbdd5d	HARIS AMIN	+923205886108	\N	2025-10-30 19:44:42.277419+00	2025-10-30 19:44:42.277419+00
9b98f8d6-6138-4e25-a4c0-4f2f6fa14eee	ABDUL MOEEZ	+923006285056	\N	2025-10-30 19:46:54.669096+00	2025-10-30 19:46:54.669096+00
0c447be9-7e8f-4ca3-b446-4ec8486fef6a	ZAHID FAMILY 	+923217426849	\N	2025-10-30 19:56:02.471111+00	2025-10-30 19:56:02.471111+00
deea44ad-832c-44e0-9d74-989d023c594e	SHERAZ	+923157883436	\N	2025-10-30 20:01:55.764674+00	2025-10-30 20:01:55.764674+00
907962a8-1308-4e8d-b2b0-1d92aea9178e	SHAHEER	+923644666667	\N	2025-10-30 20:06:22.980573+00	2025-10-30 20:06:22.980573+00
7e2ea9c6-31c8-4986-b5c5-b78db831168a	DANIYAL	+923289117722	\N	2025-10-30 20:09:26.579738+00	2025-10-30 20:09:26.579738+00
337c5060-0c5d-497d-96d4-332fe2b8f4cd	IMRAN ASLAM	+923217429404	\N	2025-10-30 20:14:00.587368+00	2025-10-30 20:14:00.587368+00
23362277-ec69-4efd-9a94-a65c1254a83c	ARHAM	+923217009989	\N	2025-10-31 15:52:38.030309+00	2025-10-31 15:52:38.030309+00
a940430b-ecdf-41b1-a2a9-0c98dd8523d8	UZAIR ALI 	+923101791792	\N	2025-10-31 15:55:01.830117+00	2025-10-31 15:55:01.830117+00
14aee844-f930-42a4-945b-a42c41741dba	MR IMRAN 	+923134440088	\N	2025-10-31 15:58:50.079739+00	2025-10-31 15:58:50.079739+00
f42ddc39-94e5-4e3c-ab6b-8d3e87e929ab	BILAL FAMILY 	+923247335000	\N	2025-10-31 16:00:54.398662+00	2025-10-31 16:00:54.398662+00
0f698fff-72e1-4c09-8456-fbf96a1650a5	AMMAR YOUSAF	+923123593100	\N	2025-10-31 16:05:38.281527+00	2025-10-31 16:05:38.281527+00
6acf65f1-7c75-4170-a488-a0f969a34327	UMAIR IMRAN	+923238645000	\N	2025-10-31 16:07:53.376265+00	2025-10-31 16:07:53.376265+00
8fb63f9c-1892-4eb6-8d80-919ea6b8ce20	ALI ( HARIS )	+923206434612	\N	2025-10-31 16:11:03.826154+00	2025-10-31 16:11:03.826154+00
53f8721f-2809-4827-9ede-a40cfb97d7a5	NABEEL KHAWAR 	+924695796417	\N	2025-10-31 16:16:47.6173+00	2025-10-31 16:16:47.6173+00
465f6c6c-98d0-4a42-86c5-b80687670e07	HANZALA	+923216465541	\N	2025-10-31 16:25:07.971797+00	2025-10-31 16:25:07.971797+00
df0cc1d0-0526-4ec3-bd60-e7785d094ee0	SHERYAR MOHID 	+923094864144	\N	2025-10-31 16:27:48.648037+00	2025-10-31 16:27:48.648037+00
0f342446-b200-4941-a9bd-3db4e5e1ed47	HASHAM	+923006475566	\N	2025-10-31 16:30:01.810596+00	2025-10-31 16:30:01.810596+00
c25a8fd7-6399-4b41-ada4-b4538ba70a14	UMAIR ALI	+923000729272	\N	2025-10-31 16:34:00.402243+00	2025-10-31 16:34:00.402243+00
c7654bce-acbc-4df7-9045-cf6872b6a6e7	EHTASHAM	+923211435040	\N	2025-11-01 08:06:53.876565+00	2025-11-01 08:06:53.876565+00
e26a596c-a841-4fb2-9f73-b05362e42436	BILAL ( MRS NAVEED )	+923246467225	\N	2025-11-03 14:43:45.287504+00	2025-11-03 14:43:45.287504+00
d76e4219-ef14-4a6f-b930-8db9de7317af	HAMZA KAYANI	+923232000122	\N	2025-11-03 14:45:34.134048+00	2025-11-03 14:45:34.134048+00
7d249a83-b62d-4d44-953e-0315ad567b2d	AMEER AFRICA	+923211111111	\N	2025-11-03 14:46:48.811046+00	2025-11-03 14:46:48.811046+00
4ec666d6-deca-40da-beda-256b51234ce7	EHTHASHAM	+923060608993	\N	2025-11-12 09:44:18.056277+00	2025-11-12 09:44:18.056277+00
af1b6ca0-a41a-4d4b-a851-b7f481c566e2	VICKY SALEEM	+923212220324		2025-11-13 18:42:49.438406+00	2025-11-13 18:48:02.872826+00
faa983e2-773e-46b2-8bec-8d5e88b0e3c2	HAMZA SALEEM	+923336979700	\N	2025-11-13 19:01:12.308444+00	2025-11-13 19:01:12.308444+00
89941f9a-8a61-4a43-a823-b1824109958a	MOHID SALEEM	+923022220409	\N	2025-11-13 19:10:34.893127+00	2025-11-13 19:10:34.893127+00
9257489f-0419-4df0-88c3-cf1218530d72	NUMAN IJAZ	+923217440434	\N	2025-11-14 12:33:21.099196+00	2025-11-14 12:33:21.099196+00
4070907e-979f-4687-8706-1ed5aa5c59cd	MR SALMAN NAEEM	+923226465664	\N	2025-11-15 10:23:32.342815+00	2025-11-15 10:23:32.342815+00
70b5ed5b-3d7e-48f1-943b-edb9db8df689	Ammar Ilyas	+923328118720	\N	2025-11-17 10:40:52.083847+00	2025-11-17 10:40:52.083847+00
875e833f-42a4-466f-91c0-f2fee9a9fdee	SHEHZAD ALI	+923207421850	\N	2025-11-17 11:22:34.501618+00	2025-11-17 11:22:34.501618+00
0278f7d7-41c8-4dbf-8ed1-27990e088738	EEMAN HAMZA	+923000699797	\N	2025-11-17 20:47:21.296946+00	2025-11-17 20:47:21.296946+00
a49ce56f-9b98-411e-9896-68dbbb20f202	NEELAM PHUPHO	+923337370793	\N	2025-11-17 20:53:01.444041+00	2025-11-17 20:53:01.444041+00
5889d0c8-7461-47af-a658-3640e1a7f79a	SARIM SONICA	+923151809000	\N	2025-11-19 11:56:10.063402+00	2025-11-19 11:56:10.063402+00
f924fe26-327c-46ec-8853-da8ef94269ba	BURHAN ARSHAD	+923338171691	\N	2025-12-03 18:45:31.610591+00	2025-12-03 18:45:31.610591+00
6b130ad9-cc01-40d6-8a88-4400a6c01cd1	RASHID ALI	+923216424465	\N	2025-11-22 11:52:13.381279+00	2025-11-22 11:52:13.381279+00
637713d8-51d5-4bf2-8ca4-fcd7408f9d5c	AHMAD ILLYAS	+923414492001	\N	2025-11-22 12:14:40.873801+00	2025-11-22 12:14:40.873801+00
89434fe1-94c2-42d2-9cfd-26b68300b133	ABDUL-HADI	+923463306020	\N	2025-11-23 09:45:45.854271+00	2025-11-23 09:45:45.854271+00
e4fadd96-46ea-4546-a823-1c882e919aec	TALHA REHMAN	+923044167690		2025-11-24 13:24:23.97588+00	2025-11-24 13:30:34.07684+00
384db058-032e-447e-9b1d-d3dff82ce7da	ABIS	+923104837944	\N	2025-11-26 19:32:07.67234+00	2025-11-26 19:32:07.67234+00
64516557-ea7d-4982-b222-0bcaecb81c8a	AMEER HAMZA	+923467070011	\N	2025-11-29 08:16:15.778644+00	2025-11-29 08:16:15.778644+00
0929cf57-d9c2-45ff-95f8-07e721ded418	FARHAN & AHMAD	+923008716774	\N	2025-11-29 09:03:51.564397+00	2025-11-29 09:03:51.564397+00
8085b51d-d708-46f2-818b-ffce51ed6e13	ARSLAN SARFRAZ	+923454543442	\N	2025-11-29 13:51:22.13528+00	2025-11-29 13:51:22.13528+00
e42c8a97-672e-4603-9a9a-9c00cbe9eef1	MAAZ MEER	+923212859008	\N	2025-12-01 15:38:34.888339+00	2025-12-01 15:38:34.888339+00
eb1de0bc-c1fe-442d-9979-6d28d8d66ab3	SUBHAN BASIT SUSRAL	+923243246369	\N	2025-12-06 09:45:43.64882+00	2025-12-06 09:45:43.64882+00
\.


--
-- Data for Name: measurements; Type: TABLE DATA; Schema: public; Owner: postgres
--

COPY "public"."measurements" ("id", "customer_id", "name", "chest", "waist", "hip", "neck", "wrist", "thigh", "knee", "is_default", "notes", "created_at", "updated_at", "sleeves", "biceps", "shoulder", "cross_back", "open_coat_length", "coat_length", "sherwani_length", "kameez_length", "three_piece_waistcoat_length", "waistcoat_length", "pent_waist", "pent_length", "bottom", "shoe_size", "turban_size") FROM stdin;
b7c33114-aeb7-4555-b898-6744fafda847	8085b51d-d708-46f2-818b-ffce51ed6e13	ARSLAN SARFRAZ	40.50	40.00	44.00	16.50	\N	26.50	16.75	t	\N	2025-11-29 13:59:29.312816+00	2025-11-29 13:59:29.312816+00	23.50	\N	18.50	17.50	29.50	\N	\N	39.50	\N	\N	38.00	37.50	13.50	\N	\N
8ecf9298-69e1-4402-b3b1-161569783d91	e42c8a97-672e-4603-9a9a-9c00cbe9eef1	New Measurements	40.00	37.00	40.00	16.00	\N	\N	\N	t	\N	2025-12-01 15:44:54.052647+00	2025-12-01 15:44:54.052647+00	23.50	\N	17.75	15.00	\N	28.50	\N	\N	\N	\N	34.50	37.00	13.00	\N	\N
acd317a4-6bcc-48c1-b67f-8ca1b4bb96c8	3c346072-215d-4db3-8e5f-43edd6f378c9	New Measurements	51.50	52.00	52.00	17.25	\N	31.00	19.00	t	PAO CHORA\nCROSS ZIADA GOL\nSHOULDER PICTURE	2025-11-03 15:12:02.21709+00	2025-11-03 15:12:02.21709+00	25.50	\N	19.50	19.00	30.50	\N	42.00	44.00	\N	\N	48.00	40.00	15.50	11.50	\N
1d4f531b-d685-4cd9-9c87-266be100ab2f	7cdddbc8-f777-4756-803e-674cf68e7ede	DANISH	48.50	37.00	40.00	15.50	\N	\N	\N	t	CROSSBACK 16G\nSHOULDER VIDEO	2025-11-05 12:23:21.958445+00	2025-11-05 12:23:21.958445+00	25.00	\N	18.00	16.00	\N	30.00	\N	\N	25.00	\N	35.00	38.50	13.00	\N	\N
dcb32b0c-c829-44ce-842f-8468ef0a99a1	08f21194-3bcc-4820-b3f2-e4d1ec2605bd	SUNNY BHAI - Standard Measurements	39.00	37.00	38.50	15.50	\N	\N	\N	f		2025-11-08 14:35:12.513868+00	2025-11-08 14:35:12.513868+00	25.00	\N	18.00	\N	\N	\N	\N	41.00	\N	\N	35.00	39.00	14.00	\N	\N
9c36ed29-59d1-45c4-85f7-ab191a7e05e3	c25a8fd7-6399-4b41-ada4-b4538ba70a14	UMAIR ALI	41.00	38.00	41.00	16.50	\N	\N	\N	t	\N	2025-11-08 14:52:54.080186+00	2025-11-08 14:52:54.080186+00	24.75	\N	18.50	15.50	\N	\N	\N	44.00	\N	30.00	\N	41.50	16.50	\N	\N
9c8872eb-2c44-4f5a-ba61-130c708f6e7a	3259c031-5d4c-4b8f-b43c-9f637e8b3837	ABDUL-HANAN	39.50	38.00	41.50	16.00	\N	\N	\N	t	\N	2025-11-10 12:12:25.867384+00	2025-11-10 12:12:25.867384+00	24.00	\N	18.00	15.50	\N	29.00	\N	\N	\N	\N	36.50	37.50	14.00	\N	\N
0f486a4d-14fa-4837-974e-ff72df408cdb	af1b6ca0-a41a-4d4b-a851-b7f481c566e2	VICKY SALEEM - Standard Measurements	53.00	54.00	49.50	19.00	\N	26.00	20.50	f	BACK CHOTI\nTHAI TYAR 26\nKNEE TYAR\nINSIDE 26	2025-11-13 18:59:28.456628+00	2025-11-13 18:59:28.456628+00	24.00	\N	20.00	19.00	\N	32.50	\N	\N	\N	\N	45.50	38.00	14.00	\N	\N
368c7362-1a40-4303-9e61-85045740b2d4	faa983e2-773e-46b2-8bec-8d5e88b0e3c2	New Measurements	48.00	49.00	46.50	17.00	\N	27.50	19.50	t	THIGH AND KNEE TYAR	2025-11-13 19:06:36.460174+00	2025-11-13 19:06:36.460174+00	22.50	\N	18.50	17.50	\N	30.00	\N	\N	\N	\N	43.50	35.50	13.50	\N	\N
8c3a5c5e-e093-4b49-9541-718fb8e6e159	89941f9a-8a61-4a43-a823-b1824109958a	New Measurements	44.00	43.00	43.50	16.50	\N	24.00	18.00	t	RYT SIDE DOWN\nPANT INSIDE 24.5	2025-11-13 19:18:48.102108+00	2025-11-13 19:18:48.102108+00	21.50	\N	19.00	18.00	\N	29.00	\N	38.00	\N	\N	39.00	35.50	13.50	\N	\N
79fea8c3-bec9-4a6b-997f-1a32c79fb8c6	9257489f-0419-4df0-88c3-cf1218530d72	New Measurements	44.00	43.00	43.00	17.50	\N	\N	\N	t	SHOLDER NORMAL\nPAD PICHE RAKHNE HA	2025-11-14 13:03:11.390743+00	2025-11-14 13:03:11.390743+00	25.00	\N	19.25	18.50	\N	31.50	45.00	\N	\N	\N	40.00	41.00	15.00	\N	\N
3be0567e-59f0-42d0-9944-ee9aae4a51e2	4070907e-979f-4687-8706-1ed5aa5c59cd	MR SALMAN NAEEM	40.50	39.00	43.50	\N	\N	\N	\N	t	SHIRT SLEEVES 24	2025-11-15 10:30:54.529876+00	2025-11-15 10:30:54.529876+00	23.50	\N	18.50	15.50	\N	29.00	\N	\N	\N	\N	38.00	39.00	\N	\N	\N
aa9bca57-ccff-47a3-9e42-c93cbe855f67	875e833f-42a4-466f-91c0-f2fee9a9fdee	SHEHZAD ALI	40.00	40.00	40.00	16.00	\N	\N	\N	t	PANT LENGTH RELAX FITTING\nTURBAN 21.5	2025-11-17 11:45:28.4608+00	2025-11-17 11:45:28.4608+00	25.00	\N	18.50	16.00	29.50	30.50	40.00	41.00	\N	\N	37.00	39.00	14.00	9.50	\N
aa436794-139d-497e-b550-09a79db1909e	6b130ad9-cc01-40d6-8a88-4400a6c01cd1	RASHID ALI	44.50	46.50	46.00	17.50	\N	29.00	16.00	t	\N	2025-11-22 12:02:04.058169+00	2025-11-22 12:02:04.058169+00	25.50	\N	18.50	16.50	\N	32.00	\N	\N	\N	\N	43.00	40.50	14.50	\N	\N
d88215e0-a589-4158-b5ef-0bd9260480cb	637713d8-51d5-4bf2-8ca4-fcd7408f9d5c	AHMAD ILLYAS	36.00	34.25	38.50	15.00	\N	\N	\N	t	RIGHT SHOULDER DOWN\nTURBAN 21.75	2025-11-22 12:21:36.76427+00	2025-11-22 12:21:36.76427+00	24.00	\N	19.50	15.50	29.00	\N	\N	40.00	\N	\N	34.50	37.50	13.50	8.50	\N
1c2d5544-fc0a-4804-ad28-a1259420f5cc	89434fe1-94c2-42d2-9cfd-26b68300b133	ABDUL-HADI	39.00	34.50	37.00	15.00	\N	\N	\N	t	TURBAN 22	2025-11-23 09:55:31.991929+00	2025-11-23 09:55:31.991929+00	22.75	\N	18.50	15.00	\N	\N	36.00	\N	\N	\N	34.00	34.50	13.00	7.50	\N
89f8302e-04a5-44b2-b2e6-a83f31a87aaf	e4fadd96-46ea-4546-a823-1c882e919aec	TALHA REHMAN	42.00	40.00	41.00	16.00	\N	\N	\N	t	\N	2025-11-24 13:28:22.850742+00	2025-11-24 13:28:22.850742+00	21.50	\N	18.25	17.00	\N	27.50	\N	\N	\N	\N	37.50	34.00	13.00	\N	\N
498b4991-2711-43ce-ab82-86a93e1d7477	0929cf57-d9c2-45ff-95f8-07e721ded418	FARHAN	35.00	34.00	37.50	14.74	\N	\N	\N	t	\N	2025-11-29 09:06:33.633141+00	2025-11-29 09:06:33.633141+00	23.00	\N	16.00	14.50	\N	27.50	\N	\N	\N	\N	35.50	38.00	13.00	\N	\N
f6732f40-3e1e-466c-b1ca-0eadd07a4f84	0929cf57-d9c2-45ff-95f8-07e721ded418	AHMAD	30.00	31.00	32.50	13.50	\N	\N	\N	f	SHOULDER ZD	2025-11-29 09:11:17.094924+00	2025-11-29 09:11:17.094924+00	20.50	\N	15.50	14.00	\N	25.00	\N	\N	\N	\N	30.00	35.00	13.25	\N	\N
daa56c40-22cb-46c4-b2da-006d2a4cbb05	64516557-ea7d-4982-b222-0bcaecb81c8a	New Measurements	41.50	41.50	43.50	17.00	\N	\N	\N	t	TURBAN 22.25	2025-11-29 08:32:26.276278+00	2025-11-29 11:00:36.98819+00	23.50	\N	17.50	16.00	30.00	30.00	40.00	41.50	\N	\N	40.50	47.50	13.50	10.00	\N
19b948ed-0a37-4842-903c-9874cbd75ff2	7c51e230-0a0d-4067-a8d7-25517da16653	UMAR AZEEM	33.50	30.50	37.50	15.25	\N	\N	\N	t	SHOULDER DOWN 	2025-12-06 09:14:36.870016+00	2025-12-06 09:14:36.870016+00	22.00	\N	17.00	14.50	27.00	28.00	37.50	40.00	\N	27.00	31.50	37.50	13.00	\N	\N
4e38b7f1-44ac-4d5f-a140-83098c035b92	7c51e230-0a0d-4067-a8d7-25517da16653	UMER TARIQ 	47.00	48.00	50.50	17.50	\N	30.00	18.00	f	SHOULDER NORMAL 	2025-12-06 09:17:37.789011+00	2025-12-06 09:17:37.789011+00	24.50	\N	19.25	16.50	29.50	30.50	40.50	42.50	\N	28.50	44.50	39.50	15.00	\N	\N
\.


--
-- Data for Name: orders; Type: TABLE DATA; Schema: public; Owner: postgres
--

COPY "public"."orders" ("id", "order_number", "customer_id", "booking_date", "delivery_date", "comments", "fitting_preferences", "created_at", "updated_at", "total_amount", "advance_paid", "balance", "payment_method", "measurement_id", "status") FROM stdin;
14d33165-0e80-45b0-9234-1f55931bc7e9	AR-00075	eb1de0bc-c1fe-442d-9979-6d28d8d66ab3	2025-12-06	2025-12-13			2025-12-06 09:49:19.516277+00	2025-12-06 09:49:19.516277+00	250000.00	\N	\N	other	\N	In Process
15f5c2b5-fd18-4c1a-adad-2bf1cc627fc3	AR-00001	d6568454-70f5-4d3f-b83e-4c5d487ca77e	2025-07-17	2025-12-02			2025-10-29 11:13:31.371105+00	2025-11-17 20:37:10.272064+00	115000.00	115000.00	1.00	bank	\N	In Process
72974b6f-fc69-49af-b02c-dde30673e0f2	AR-00007	2422dddc-c24c-486b-a4f5-a4670a64ba0d	2025-08-11	2025-12-20			2025-10-30 18:38:50.697997+00	2025-11-17 21:07:56.712915+00	400000.00	400000.00	200000.00	other	\N	In Process
2c109569-cf67-49ce-b1eb-8f44c635d1c6	AR-00008	a95ee68e-f297-4974-8ee7-e181396919fa	2025-08-11	2025-12-20			2025-10-30 18:54:19.762844+00	2025-11-17 21:08:40.367321+00	140000.00	140000.00	140000.00	other	\N	In Process
7b5c58db-90b4-4a99-8bb6-60e04574f9de	AR-00009	9b57097a-22e9-49f1-b429-be3071d8ef6b	2025-08-16	2025-11-05			2025-10-30 18:57:50.71614+00	2025-11-17 20:58:36.125594+00	400000.00	300000.00	230000.00	other	\N	In Process
c6ced0b2-38cb-4955-959b-7411e32409b2	AR-00051	c25a8fd7-6399-4b41-ada4-b4538ba70a14	2025-11-08	2025-11-15			2025-11-08 14:53:17.686282+00	2025-11-17 20:59:57.291831+00	50000.00	30000.00	\N	other	9c36ed29-59d1-45c4-85f7-ab191a7e05e3	In Process
bafe46ef-6777-4b06-af1d-afd270354c0c	AR-00006	61078746-da16-4e30-b00a-1ca4e8c415d5	2025-08-06	2025-11-15			2025-10-30 18:34:21.882956+00	2025-11-17 21:01:21.133017+00	105000.00	105000.00	0.00	other	\N	Delivered
167bd157-7439-4112-b0b8-8075f3fd9de8	AR-00060	875e833f-42a4-466f-91c0-f2fee9a9fdee	2025-11-17	2025-12-02			2025-11-17 11:50:16.43424+00	2025-11-18 12:08:31.676386+00	210000.00	110000.00	\N	other	aa9bca57-ccff-47a3-9e42-c93cbe855f67	In Process
6f789bd2-215f-4e5a-8ddd-cac4d2df783a	AR-00029	23362277-ec69-4efd-9a94-a65c1254a83c	2025-10-06	2025-12-10			2025-10-31 15:54:31.123902+00	2025-11-18 12:18:29.445426+00	210000.00	100000.00	210000.00	other	\N	In Process
b573e9bc-d314-4e0a-8e34-216bea63cdfd	AR-00049	3c346072-215d-4db3-8e5f-43edd6f378c9	2025-11-03	2025-12-12			2025-11-03 14:54:50.663134+00	2025-11-18 12:35:45.571893+00	325000.00	125000.00	200000.00	other	acd317a4-6bcc-48c1-b67f-8ca1b4bb96c8	In Process
dc1e0ba9-98e1-40a2-b8e0-db64ea3c8604	AR-00053	4ec666d6-deca-40da-beda-256b51234ce7	2025-11-12	2025-12-15			2025-11-12 09:44:19.012376+00	2025-11-18 12:37:18.397603+00	55000.00	55000.00	\N	other	\N	In Process
0e6b0142-6ff4-4a7f-a816-b45030731631	AR-00041	c7654bce-acbc-4df7-9045-cf6872b6a6e7	2025-10-29	2025-12-15			2025-11-01 08:07:52.121937+00	2025-11-18 12:38:02.486976+00	155000.00	100000.00	55000.00	other	\N	In Process
805c0bf2-b436-48e9-bac4-cfbbfe60b6aa	AR-00012	a982f98f-1dc6-4b56-842e-99f675500004	2025-08-30	2025-12-20			2025-10-30 19:08:35.38308+00	2025-11-18 12:39:37.287531+00	350000.00	160000.00	350000.00	other	\N	In Process
ac4c0655-e060-4847-b4a4-29205da4707f	AR-00039	0f342446-b200-4941-a9bd-3db4e5e1ed47	2025-10-27	2025-12-31			2025-10-31 16:32:14.438009+00	2025-11-18 12:55:08.367637+00	72000.00	40000.00	32000.00	other	\N	In Process
9cc26631-0953-4ac2-9555-9d63b33fb987	AR-00055	faa983e2-773e-46b2-8bec-8d5e88b0e3c2	2025-11-13	2025-12-24			2025-11-13 19:06:42.028281+00	2025-11-18 13:08:17.584326+00	200000.00	50000.00	\N	other	368c7362-1a40-4303-9e61-85045740b2d4	In Process
0db71fcf-acc2-43c9-9480-701229ac8318	AR-00063	5889d0c8-7461-47af-a658-3640e1a7f79a	2025-11-19	2026-01-18			2025-11-19 12:08:50.489212+00	2025-11-19 12:08:50.489212+00	1000000.00	\N	\N	other	\N	In Process
84ec2eda-cce0-44a3-91eb-2e9e2eb8f72e	AR-00066	89434fe1-94c2-42d2-9cfd-26b68300b133	2025-11-23	2025-12-10			2025-11-23 10:00:46.612108+00	2025-11-23 10:00:46.612108+00	180000.00	120000.00	\N	other	1c2d5544-fc0a-4804-ad28-a1259420f5cc	In Process
ac05b210-81a0-4aaa-b947-504fd48c0754	AR-00036	53f8721f-2809-4827-9ede-a40cfb97d7a5	2025-10-16	2025-11-22			2025-10-31 16:17:40.050016+00	2025-11-25 14:11:03.308948+00	160000.00	128000.00	160000.00	other	\N	Delivered
38e728dd-b176-444a-9180-976b32b3c318	AR-00004	1dddfc2f-d913-4909-bf79-f49ee20e3101	2025-07-24	2025-11-20			2025-10-30 14:56:39.542474+00	2025-11-25 14:12:45.948032+00	347000.00	265000.00	195000.00	other	\N	Delivered
08bffa47-9ea5-44ee-8ea1-4cc71500503b	AR-00010	fa078972-be35-4a96-98a1-398f05f13276	2025-08-19	2025-11-09			2025-10-30 19:00:11.589065+00	2025-11-25 20:13:49.190999+00	290000.00	100000.00	240000.00	other	\N	Delivered
46e94509-ad3d-4d09-b3a0-85c2cd5b9bc5	AR-00069	0929cf57-d9c2-45ff-95f8-07e721ded418	2025-11-29	2025-12-06			2025-11-29 09:24:00.304657+00	2025-11-29 09:24:00.304657+00	145000.00	95000.00	\N	other	f6732f40-3e1e-466c-b1ca-0eadd07a4f84	In Process
00ee4988-2414-4b6a-8801-015896824c95	AR-00047	7c51e230-0a0d-4067-a8d7-25517da16653	2025-11-03	2025-11-24			2025-11-03 14:52:08.300749+00	2025-12-03 18:42:33.310694+00	1050000.00	800000.00	1050000.00	other	\N	Delivered
9752100d-0632-42f3-941c-f4d5b45b7ced	AR-00033	0f698fff-72e1-4c09-8456-fbf96a1650a5	2025-10-11	2025-11-25			2025-10-31 16:06:44.648299+00	2025-12-03 18:43:07.438032+00	135000.00	90000.00	135000.00	other	\N	Delivered
bf210973-19fa-49da-ae13-910cec709f76	AR-00057	9257489f-0419-4df0-88c3-cf1218530d72	2025-11-14	2025-11-21			2025-11-14 13:03:44.383717+00	2025-12-03 22:08:04.573668+00	\N	\N	\N	other	79fea8c3-bec9-4a6b-997f-1a32c79fb8c6	Delivered
1d7f1c09-a73d-4403-beb4-1d56ce3a8f92	AR-00011	f8aee391-dc32-4b43-886c-4d04e186fcc7	2025-08-30	2025-11-30			2025-10-30 19:05:09.366212+00	2025-12-03 22:12:18.409575+00	\N	\N	0.00	other	\N	Delivered
3881c0a5-45b1-488f-ba48-68c277b43163	AR-00072	f924fe26-327c-46ec-8853-da8ef94269ba	2025-12-03	2025-12-10			2025-12-03 18:45:57.636429+00	2025-12-04 23:03:24.073188+00	30000.00	10000.00	\N	other	\N	Delivered
0205e1e2-f5e2-4f1f-98f7-4049c677a6ab	AR-00017	835ffb68-c3c0-4ec5-8dfc-bc8f6667faea	2025-09-08	2025-11-15			2025-10-30 19:32:53.150034+00	2025-11-18 11:07:20.054457+00	290000.00	290000.00	190000.00	other	\N	Delivered
812c9c74-460b-4d18-912b-083c3aff3862	AR-00054	af1b6ca0-a41a-4d4b-a851-b7f481c566e2	2025-11-13	2025-12-24			2025-11-13 19:00:42.885256+00	2025-11-18 11:59:37.443428+00	\N	\N	\N	other	0f486a4d-14fa-4837-974e-ff72df408cdb	In Process
bb761892-1714-4007-a293-14e8b6cb38b2	AR-00056	89941f9a-8a61-4a43-a823-b1824109958a	2025-11-13	2025-12-24			2025-11-13 19:18:59.348128+00	2025-11-18 12:00:23.962903+00	\N	\N	\N	other	8c3a5c5e-e093-4b49-9541-718fb8e6e159	In Process
38852765-172b-47d0-a056-45916a80cebb	AR-00038	df0cc1d0-0526-4ec3-bd60-e7785d094ee0	2025-10-20	2025-11-30			2025-10-31 16:29:05.58093+00	2025-11-18 12:07:39.733475+00	360000.00	225000.00	0.00	other	\N	In Process
7f3f22a6-a7d5-443c-84cc-14dc1a8563bd	AR-00030	a940430b-ecdf-41b1-a2a9-0c98dd8523d8	2025-10-06	2025-12-10			2025-10-31 15:57:15.50019+00	2025-11-18 12:33:24.107581+00	215000.00	100000.00	215000.00	other	\N	In Process
be05b835-4149-4376-9eda-b197cbc31e62	AR-00035	8fb63f9c-1892-4eb6-8d80-919ea6b8ce20	2025-10-13	2025-12-15			2025-10-31 16:12:44.005012+00	2025-11-18 12:38:35.187917+00	300000.00	200000.00	200000.00	other	\N	In Process
8205d83a-576a-4eb4-b43c-224bfea1cde8	AR-00005	bbe5e066-6810-46f1-9f20-be8c1e9898ef	2025-08-02	2025-12-25			2025-10-30 18:28:50.256211+00	2025-11-18 12:53:50.906141+00	290000.00	150000.00	190000.00	other	\N	In Process
d3099450-4f50-45bc-b356-a82d84a78b71	AR-00064	6b130ad9-cc01-40d6-8a88-4400a6c01cd1	2025-11-22	2025-12-06			2025-11-22 12:13:05.485705+00	2025-11-22 12:13:05.485705+00	55000.00	40000.00	\N	other	aa436794-139d-497e-b550-09a79db1909e	In Process
50e84559-282c-4165-a575-c30fd1917962	AR-00022	d4cb76cd-9a34-484b-be96-4dce61fbdd5d	2025-09-14	2025-11-05			2025-10-30 19:45:46.177969+00	2025-11-22 20:58:38.46739+00	280000.00	200000.00	180000.00	other	\N	Delivered
c91056db-fdd4-4721-ab3b-026675e5e56b	AR-00067	e4fadd96-46ea-4546-a823-1c882e919aec	2025-11-24	2025-12-10			2025-11-24 13:28:49.877505+00	2025-11-24 13:31:16.038154+00	62000.00	40000.00	\N	other	89f8302e-04a5-44b2-b2e6-a83f31a87aaf	In Process
6438f658-8373-4f01-b87a-1282963e12be	AR-00058	4070907e-979f-4687-8706-1ed5aa5c59cd	2025-11-13	2025-11-20			2025-11-15 10:31:05.761403+00	2025-11-25 14:26:58.382296+00	\N	\N	\N	other	3be0567e-59f0-42d0-9944-ee9aae4a51e2	Delivered
061121a0-b6d4-4111-af68-5eccf0cbd500	AR-00070	8085b51d-d708-46f2-818b-ffce51ed6e13	2025-11-29	2025-12-25			2025-11-29 14:03:43.893579+00	2025-11-29 14:03:43.893579+00	55000.00	30000.00	\N	other	b7c33114-aeb7-4555-b898-6744fafda847	In Process
f8d8e863-72a1-4e0d-9625-8d2e4e715548	AR-00032	f42ddc39-94e5-4e3c-ab6b-8d3e87e929ab	2025-10-05	2025-12-01			2025-10-31 16:04:18.411193+00	2025-12-03 22:12:45.059179+00	\N	\N	0.00	other	\N	Delivered
e92e8ea5-92ae-4f9d-9356-7eb6d79766b8	AR-00052	3259c031-5d4c-4b8f-b43c-9f637e8b3837	2025-11-08	2025-11-27			2025-11-10 12:12:38.232611+00	2025-12-04 13:40:25.768631+00	55000.00	\N	\N	other	9c8872eb-2c44-4f5a-ba61-130c708f6e7a	Delivered
06bb4ed1-d071-4a72-9238-0b3f1a5c0375	AR-00073	c25a8fd7-6399-4b41-ada4-b4538ba70a14	2025-12-04	2025-12-20			2025-12-04 13:43:26.473117+00	2025-12-04 15:17:34.9193+00	145000.00	145000.00	\N	other	9c36ed29-59d1-45c4-85f7-ab191a7e05e3	In Process
894b09f5-ec22-4074-b799-5d51cf0dd544	AR-00037	465f6c6c-98d0-4a42-86c5-b80687670e07	2025-10-18	2025-12-07			2025-10-31 16:26:31.146381+00	2025-11-08 01:36:26.024122+00	\N	0.00	0.00	other	\N	In Process
d501a52e-d215-4d96-afcb-6e808d4c682b	AR-00050	7cdddbc8-f777-4756-803e-674cf68e7ede	2025-11-05	2025-12-05			2025-11-05 12:16:14.412574+00	2025-11-08 01:36:26.024122+00	42000.00	0.00	42000.00	other	1d4f531b-d685-4cd9-9c87-266be100ab2f	In Process
89436762-bc61-402f-817b-dd8291efb0d5	AR-00014	3d2940c1-696f-49e6-a7e4-243a67b197aa	2025-09-01	2025-10-15			2025-10-30 19:17:17.333474+00	2025-11-17 20:39:39.758604+00	295000.00	295000.00	145000.00	other	\N	Delivered
41d8104f-2e5b-4f1c-9ebc-6260cf6b65df	AR-00019	6c9502f3-3c39-44d3-b321-f0fa14d9289d	2025-09-10	2025-10-15			2025-10-30 19:37:50.471802+00	2025-11-17 20:40:15.043158+00	130000.00	130000.00	80000.00	other	\N	Delivered
40404163-9ad4-4994-a41f-6317ff41a08c	AR-00025	deea44ad-832c-44e0-9d74-989d023c594e	2025-09-21	2025-10-25			2025-10-30 20:05:24.329104+00	2025-11-17 20:40:36.500066+00	360000.00	360000.00	200000.00	other	\N	Delivered
a34dd14c-fffc-41dc-a032-c9d52c1cca36	AR-00023	9b98f8d6-6138-4e25-a4c0-4f2f6fa14eee	2025-09-16	2025-10-25			2025-10-30 19:54:58.960791+00	2025-11-17 20:40:55.908741+00	400000.00	400000.00	200000.00	other	\N	Delivered
997e880d-8c2b-44b3-93f9-5c6c5e5e7f50	AR-00013	7f366cb6-131c-49f6-89a8-b79c06d077e7	2025-09-15	2025-11-01			2025-10-30 19:13:23.292353+00	2025-11-17 20:41:26.007821+00	70000.00	70000.00	30000.00	other	\N	Delivered
77790ff1-a2f1-4e2f-a0ec-446d064b3a2b	AR-00031	14aee844-f930-42a4-945b-a42c41741dba	2025-10-11	2025-11-01			2025-10-31 15:59:58.367335+00	2025-11-17 20:41:52.886929+00	45000.00	45000.00	20000.00	other	\N	Delivered
53f6b83c-776f-401a-9f87-8c87ce26a4f9	AR-00040	c25a8fd7-6399-4b41-ada4-b4538ba70a14	2025-10-28	2025-12-20			2025-10-31 16:36:31.424661+00	2025-11-17 21:00:33.026131+00	950000.00	650000.00	500000.00	other	9c36ed29-59d1-45c4-85f7-ab191a7e05e3	In Process
85c7ee8e-0856-4e38-8478-9651a4aefcae	AR-00002	d6568454-70f5-4d3f-b83e-4c5d487ca77e	2025-07-17	2025-12-02			2025-10-29 14:02:14.217317+00	2025-11-17 20:37:49.934278+00	835000.00	635000.00	450000.00	other	\N	In Process
413e4b6e-5fc2-43a1-9013-e2df545f354e	AR-00028	337c5060-0c5d-497d-96d4-332fe2b8f4cd	2025-09-28	2025-11-02			2025-10-30 20:16:20.958364+00	2025-11-17 20:42:20.821298+00	80000.00	80000.00	40000.00	other	\N	Delivered
f357a7c4-919d-47d4-a046-abd7411bef1d	AR-00034	6acf65f1-7c75-4170-a488-a0f969a34327	2025-10-12	2025-11-02			2025-10-31 16:08:51.369968+00	2025-11-17 20:42:41.377368+00	105000.00	105000.00	105000.00	other	\N	Delivered
43ccc8ef-a034-46f5-ba89-7cc35f4fda0f	AR-00020	4dd042e3-0ac4-4ffb-9799-78101cd64956	2025-09-10	2025-11-05			2025-10-30 19:40:20.199601+00	2025-11-17 20:43:17.37991+00	275000.00	275000.00	275000.00	other	\N	Delivered
c84447b4-d0ea-44e6-a182-934c700e0dbe	AR-00062	a49ce56f-9b98-411e-9896-68dbbb20f202	2025-11-17	2025-12-24			2025-11-17 20:56:03.769938+00	2025-11-17 20:56:03.769938+00	125000.00	\N	\N	other	\N	In Process
5f5f7d80-b82a-46c2-afe4-c9a7cf6fd31a	AR-00003	127d3fec-45cc-48b9-92b4-42e29d61fb47	2025-07-21	2025-11-20			2025-10-30 14:40:07.951254+00	2025-11-17 21:05:32.430384+00	325000.00	325000.00	175001.00	other	\N	Delivered
9fc7dd4c-ea2b-4a1e-9ce3-c453344b6502	AR-00045	7d249a83-b62d-4d44-953e-0315ad567b2d	2025-11-03	2025-12-10			2025-11-03 14:47:10.626347+00	2025-11-17 21:07:22.69939+00	160000.00	100000.00	160000.00	other	\N	In Process
54b6e9e7-4e95-463f-992b-f334691b7a2a	AR-00046	8d21ce19-0b96-4a14-874f-2216e6970bad	2025-11-03	2025-11-18			2025-11-03 14:50:38.270982+00	2025-11-17 21:17:31.393662+00	266000.00	150000.00	270000.00	other	\N	In Process
9307894a-b229-4bf1-8963-54bd58d547d2	AR-00021	261ee7b1-9fee-4670-821f-d07e5e943cd1	2025-09-14	2025-11-20			2025-10-30 19:43:40.167447+00	2025-11-18 12:01:57.97201+00	340000.00	340000.00	140000.00	other	\N	Delivered
49974bee-454f-46c7-8c87-611e82b0eaab	AR-00048	73b007bd-c3e2-40b5-8d20-e5e48f9b050e	2025-11-03	2025-12-10			2025-11-03 14:53:36.272941+00	2025-11-18 12:34:31.228025+00	190000.00	100000.00	190000.00	other	\N	In Process
508f9460-e0f4-446f-9c4b-efe4417fa439	AR-00044	d76e4219-ef14-4a6f-b930-8db9de7317af	2025-11-03	2025-12-12			2025-11-03 14:46:05.219302+00	2025-11-18 12:36:10.777927+00	130000.00	65000.00	130000.00	other	\N	In Process
a239a178-44af-4d3f-ad86-91f20de0f2a7	AR-00042	e26a596c-a841-4fb2-9f73-b05362e42436	2025-11-03	2025-12-12			2025-11-03 14:44:36.835314+00	2025-11-18 12:36:51.131594+00	170000.00	170000.00	170000.00	other	\N	Delivered
69cae7bc-b329-4473-96ba-5ed12531b308	AR-00024	0c447be9-7e8f-4ca3-b446-4ec8486fef6a	2025-09-25	2025-12-20			2025-10-30 19:58:22.581395+00	2025-11-18 12:40:01.92158+00	400000.00	250000.00	400000.00	other	\N	In Process
d9f86d8e-3ddf-4504-b12d-2c5b3a43a785	AR-00026	907962a8-1308-4e8d-b2b0-1d92aea9178e	2025-09-25	2025-12-20			2025-10-30 20:07:47.771533+00	2025-11-18 12:41:25.584797+00	320000.00	170000.00	320000.00	other	\N	In Process
c397149f-9f92-4478-8b7f-28b394753e39	AR-00018	4cc8ce47-3421-4120-9778-d1b10a527d49	2025-09-10	2025-12-25			2025-10-30 19:35:22.035171+00	2025-11-18 12:54:24.891386+00	110000.00	60000.00	110000.00	other	\N	In Process
ae5c369b-6388-43f6-8c34-25bf72bd19b5	AR-00065	637713d8-51d5-4bf2-8ca4-fcd7408f9d5c	2025-11-21	2026-01-01			2025-11-22 12:22:18.393442+00	2025-11-22 12:22:18.393442+00	130000.00	65000.00	\N	other	d88215e0-a589-4158-b5ef-0bd9260480cb	In Process
e48a13a4-5286-4ab6-9f9b-854cbe6bd931	AR-00061	0278f7d7-41c8-4dbf-8ed1-27990e088738	2025-11-17	2025-11-24			2025-11-17 20:47:59.322784+00	2025-11-22 21:03:16.354292+00	56000.00	56000.00	\N	other	\N	Delivered
ba1b87ab-4c34-4966-9549-80784ed0bf00	AR-00016	2585665c-d342-42e2-8add-bb4d0397ce5e	2025-09-07	2025-12-01			2025-10-30 19:28:12.330181+00	2025-11-22 21:04:01.369655+00	505000.00	270000.00	335000.00	other	\N	In Process
8d0519bf-7dcb-4240-a514-2a05cc8614ab	AR-00015	7588c28b-2933-4223-91ea-91ef6c07da06	2025-09-02	2025-11-15			2025-10-30 19:22:50.711287+00	2025-11-25 14:13:28.788126+00	360000.00	260000.00	360000.00	other	\N	Delivered
999f5691-c5dc-4824-8b8a-abd7d19e8ff2	AR-00068	64516557-ea7d-4982-b222-0bcaecb81c8a	2025-11-29	2025-12-30			2025-11-29 08:28:44.849588+00	2025-11-29 11:01:23.226525+00	370000.00	200000.00	\N	other	daa56c40-22cb-46c4-b2da-006d2a4cbb05	In Process
7fa37438-b485-4292-b221-9ad2cb439f4f	AR-00071	e42c8a97-672e-4603-9a9a-9c00cbe9eef1	2025-12-01	2026-01-18			2025-12-01 15:46:46.364278+00	2025-12-01 15:46:46.364278+00	122000.00	122000.00	\N	other	8ecf9298-69e1-4402-b3b1-161569783d91	In Process
2d5a9a18-842e-41df-92e5-0b9b69e6aa64	AR-00074	7c51e230-0a0d-4067-a8d7-25517da16653	2025-12-06	2026-01-10			2025-12-06 09:18:49.587911+00	2025-12-06 09:18:49.587911+00	950000.00	800000.00	\N	other	19b948ed-0a37-4842-903c-9874cbd75ff2	In Process
43f8792f-1a4c-4cf4-b507-d08e96ce4171	AR-00027	7e2ea9c6-31c8-4986-b5c5-b78db831168a	2025-09-27	2025-12-05			2025-10-30 20:11:42.062294+00	2025-12-08 21:12:24.690874+00	300000.00	150000.00	300000.00	other	\N	Delivered
\.


--
-- Data for Name: vendors; Type: TABLE DATA; Schema: public; Owner: postgres
--

COPY "public"."vendors" ("id", "name", "contact_person", "phone", "email", "address", "notes", "created_at", "updated_at") FROM stdin;
9aa5c4d0-304f-410f-b686-c2f682a3d06e	ASSETS	\N	\N	\N	\N	ASSETS & OLD FIXTURES	2025-12-02 20:27:40.609674+00	2025-12-02 20:27:40.609674+00
ca601504-179b-4634-82e2-8dc07c4bf3ab	NADEEM	\N	\N	\N	\N	PANT COAT	2025-12-02 22:46:30.644481+00	2025-12-02 22:46:30.644481+00
19610bbb-be04-49fb-a640-d6520d5b3eac	AJMAL UNCLE	\N	\N	\N	\N	SHALWAR QAMEEZ	2025-12-02 22:46:57.891058+00	2025-12-02 22:46:57.891058+00
578d875b-28e6-4d89-8700-5512e91e4032	MASTER AMJAD	\N	\N	\N	\N	PANT COAT	2025-12-02 22:47:20.915811+00	2025-12-02 22:47:20.915811+00
239a1b8d-930a-4a82-88e3-f9a33b6f2389	IDREES SUPERVISOR	\N	\N	\N	\N	ADDA WORK	2025-12-02 22:48:09.230296+00	2025-12-02 22:48:09.230296+00
34c23231-d445-4bd6-af12-fd622353defb	JAFFAR	\N	\N	\N	\N	ADDA WORK	2025-12-02 22:48:30.029778+00	2025-12-02 22:48:30.029778+00
2f62665d-f8d3-4168-a12e-cc24688535dd	MOLVI NAZEER	\N	\N	\N	\N	MACHINE EMBROIDERY	2025-12-02 22:49:24.726963+00	2025-12-02 22:49:24.726963+00
fd678af2-a4c4-4370-8c3a-6864a4bd6da9	KIRAN SILK	\N	\N	\N	\N	LAHORE LIBERTY SHOP	2025-12-02 22:49:56.809979+00	2025-12-02 22:49:56.809979+00
95f06160-1d36-419b-a272-6f302c7210fa	IKRA STUDIO	\N	\N	\N	\N	PRODUCTION MANAGER	2025-12-03 15:22:09.235579+00	2025-12-03 15:22:09.235579+00
24c0a9f7-036e-46f0-8722-43ad18688410	PURCHASES	\N	\N	\N	\N	FABRIC	2025-12-03 18:46:53.64525+00	2025-12-03 18:46:53.64525+00
37d55bdf-ee3e-40d4-98fe-8632f396c87d	ALI VENDOR	\N	\N	\N	\N	RA SILK AND FUSING	2025-12-03 18:48:36.47683+00	2025-12-03 18:48:36.47683+00
99ada48a-7ca9-49ed-afaf-ad17ddadff13	USMAN VIDEOGRAPHER	\N	\N	\N	\N	CONTENT CREATOR	2025-12-03 18:54:44.638391+00	2025-12-03 18:54:44.638391+00
c8a5b3e2-a46f-4e37-85f5-287643c7c7a8	ZAIN SHAH	\N	\N	\N	\N	GENERAL MANAGER	2025-12-03 21:55:43.771369+00	2025-12-03 21:55:43.771369+00
e461d8e2-9302-4eef-84b6-bfe2b39f7c9d	ALI	\N	\N	\N	\N	PURCHASER	2025-12-03 21:56:15.994323+00	2025-12-03 21:56:15.994323+00
09681829-52ca-4ba8-ba58-f3f33c02134e	ANS	\N	\N	\N	\N	SALES MANAGER	2025-12-03 21:56:35.702003+00	2025-12-03 21:56:35.702003+00
a637d0da-3eb5-4211-9797-c752d133ab53	UMAIR	\N	\N	\N	\N	DEVELOPER	2025-12-03 21:56:50.177017+00	2025-12-03 21:56:50.177017+00
aa489f4f-b5fd-4a76-8e59-e01936420c8b	SALMA	\N	\N	\N	\N	CONTENT CREATOR	2025-12-03 21:57:09.918149+00	2025-12-03 21:57:09.918149+00
f56938f4-3866-4ccb-b728-240c8d24ec01	ALIHA	\N	\N	\N	\N	SALES MANAGER	2025-12-03 21:57:23.065089+00	2025-12-03 21:57:23.065089+00
b246af32-4fc3-4ddd-9238-3f51f6157e83	ANAM	\N	\N	\N	\N	GRAPHIC DESIGNER	2025-12-03 21:57:55.405029+00	2025-12-03 21:57:55.405029+00
4dd138a9-bf97-4443-b728-acaa107ecc23	GHAZANFAR	\N	\N	\N	\N	GUARD	2025-12-03 21:58:14.709207+00	2025-12-03 21:58:14.709207+00
58c8eb5e-f219-417a-be83-56c5057cc0bc	SHEHZAD	\N	\N	\N	\N	OFFICE BOY	2025-12-03 21:58:29.764332+00	2025-12-03 21:58:29.764332+00
54b7b1f5-dbd2-47c7-b9e1-db6c2a63cb5e	ASIF	\N	\N	\N	\N	COOK	2025-12-03 21:58:59.319174+00	2025-12-03 21:58:59.319174+00
2f76be41-30b3-48d1-8fea-e6f983741e3e	SHAHID	\N	\N	\N	\N	DRIVER	2025-12-03 21:59:10.44835+00	2025-12-03 21:59:10.44835+00
4e1b25c1-4567-4f34-b583-c0c796a2501c	MASTER NASIR	\N	\N	\N	\N	PANT.COAT OUT SOURCE	2025-12-03 22:31:27.328036+00	2025-12-03 22:31:27.328036+00
dd7f0405-a31e-4c89-9386-a28dc7084b8d	PETROL	\N	\N	\N	\N	BIKE AND GENERATOR PETROL	2025-12-03 22:32:49.512582+00	2025-12-03 22:32:49.512582+00
ff897faf-04ad-404d-9906-5c12c68ec1af	FOOD	\N	\N	\N	\N	STAFF , LABOUR AND CLIENT FOOD	2025-12-03 22:34:24.445773+00	2025-12-03 22:34:24.445773+00
59b22ce8-06ba-42bf-9264-24bf2598b96d	GROCERY	\N	\N	\N	\N	TEA , TISSUES , CLEANING AND WASHROOM	2025-12-03 22:36:10.287868+00	2025-12-03 22:36:10.287868+00
bac92c51-5dcf-4eda-8d06-c88a6321f09e	FIXED EXPENSES	\N	\N	\N	\N	RENT , ELECTRICITY ,GARDNER , ROAD SECURITY	2025-12-03 22:37:57.566105+00	2025-12-03 22:37:57.566105+00
a4ecd372-60cf-4a73-9eeb-c857543aed14	ZAIN TURBAN	\N	\N	\N	\N	TURBAN VENDOR	2025-12-03 22:39:14.044509+00	2025-12-03 22:39:14.044509+00
39e61659-5ccd-4675-90ff-2c9ccc423e56	SHOES	\N	\N	\N	\N	MATEEN DAR	2025-12-03 22:39:56.932778+00	2025-12-03 22:39:56.932778+00
be51375d-cedc-4f36-aa00-33ecd95875fd	ASIM QAYYUM JEWELLERS	\N	\N	\N	\N	TECHLINK	2025-12-03 22:41:57.576493+00	2025-12-03 22:41:57.576493+00
da648d83-8ef9-4546-b401-a627b062a99b	OWNER WITHDRAWL	\N	\N	\N	\N	AHSAN	2025-12-04 15:08:43.054871+00	2025-12-04 15:08:43.054871+00
b9b80a62-d24a-4149-82c5-519544ffb09e	LOAN REPAYMENT	\N	\N	\N	\N	OLD LOANS	2025-12-04 15:09:13.986593+00	2025-12-04 15:09:13.986593+00
65e301bb-2ca9-431f-bc77-c0e81fe1983b	MARKETING	\N	\N	\N	\N	SHOOTS , META ,SUBSCIPTIONS	2025-12-04 15:12:49.695995+00	2025-12-04 15:12:49.695995+00
\.


--
-- Data for Name: vendor_tags; Type: TABLE DATA; Schema: public; Owner: postgres
--

COPY "public"."vendor_tags" ("id", "vendor_id", "tag_name", "created_at", "updated_at") FROM stdin;
\.


--
-- Data for Name: general_ledger; Type: TABLE DATA; Schema: public; Owner: postgres
--

COPY "public"."general_ledger" ("id", "entry_date", "particulars", "debit", "credit", "balance", "entry_type", "notes", "order_id", "vendor_id", "created_at", "updated_at", "tag_id") FROM stdin;
1cdf6980-c74e-41f7-972c-0902dc0b14d7	2025-12-04	Payment to IDREES SUPERVISOR	\N	60000.00	223160.00	vendor_payment	\N	\N	239a1b8d-930a-4a82-88e3-f9a33b6f2389	2025-12-04 14:27:53.656747+00	2025-12-04 14:27:53.656747+00	\N
844d8b78-1dee-429d-9857-efd43ea594ad	2025-12-04	Payment to AJMAL UNCLE	\N	7500.00	172160.00	vendor_payment	\N	\N	19610bbb-be04-49fb-a640-d6520d5b3eac	2025-12-04 14:43:58.725036+00	2025-12-04 14:43:58.725036+00	\N
957bfd28-d4e4-4dd2-b460-9b4a7e8aa096	2025-12-04	Payment to SHAHID	\N	17000.00	128280.00	vendor_payment	15000 TO BE DIVIDE IN 3 MONTHS	\N	2f76be41-30b3-48d1-8fea-e6f983741e3e	2025-12-04 15:00:10.499231+00	2025-12-04 15:00:10.499231+00	\N
bfeab729-3452-47d9-a39d-ff9660a61383	2025-12-04	Payment to OWNER WITHDRAWL	\N	3000.00	82280.00	vendor_payment	AIWE	\N	da648d83-8ef9-4546-b401-a627b062a99b	2025-12-04 15:21:12.767163+00	2025-12-04 15:21:12.767163+00	\N
8f701d82-45b1-4775-b764-2983465f2690	2025-12-04	Payment to NADEEM	\N	118000.00	280.00	vendor_payment	\N	\N	ca601504-179b-4634-82e2-8dc07c4bf3ab	2025-12-04 18:27:07.775049+00	2025-12-04 18:27:07.775049+00	\N
456d1e64-f141-4ccb-be88-47fab2255169	2025-12-06	Payment to LOAN REPAYMENT	\N	470000.00	330280.00	vendor_payment	\N	\N	b9b80a62-d24a-4149-82c5-519544ffb09e	2025-12-06 13:26:29.445326+00	2025-12-06 13:26:29.445326+00	\N
8cd24664-7713-4f42-8f71-eb3f7266f832	2025-12-08	Payment for Order #AR-00027	150000.00	\N	151680.00	order_payment	Payment via other	43f8792f-1a4c-4cf4-b507-d08e96ce4171	\N	2025-12-08 15:02:42.396147+00	2025-12-08 15:02:42.396147+00	\N
766b9897-554f-40af-8bbc-6ef4e79cfea0	2025-12-08	Payment to PETROL	\N	2300.00	134470.00	vendor_payment	2000 GENRATIR 300 ALI BIKE	\N	dd7f0405-a31e-4c89-9386-a28dc7084b8d	2025-12-08 15:05:52.92182+00	2025-12-08 15:05:52.92182+00	\N
e061510d-8ac8-4b0a-8c47-97d4203194e7	2025-12-08	PINS	\N	200.00	134270.00	miscellaneous	\N	\N	\N	2025-12-08 15:06:07.761465+00	2025-12-08 15:06:07.761465+00	\N
7f382d08-550f-4eb0-a18b-3160d37b610c	2025-12-08	Payment to MASTER AMJAD	\N	3000.00	131270.00	vendor_payment	\N	\N	578d875b-28e6-4d89-8700-5512e91e4032	2025-12-08 15:06:25.205349+00	2025-12-08 15:06:25.205349+00	\N
a4755a1d-aa49-4c35-844e-3db365cc6f6a	2025-12-08	Payment to IDREES SUPERVISOR	\N	800.00	130470.00	vendor_payment	\N	\N	239a1b8d-930a-4a82-88e3-f9a33b6f2389	2025-12-08 15:06:53.875601+00	2025-12-08 15:06:53.875601+00	\N
c781cf1b-7788-4b41-905e-a52ac1fafd66	2025-12-08	Payment to PURCHASES	\N	2900.00	127570.00	vendor_payment	\N	\N	24c0a9f7-036e-46f0-8722-43ad18688410	2025-12-08 15:07:22.227207+00	2025-12-08 15:07:22.227207+00	\N
1949f46c-a69e-43d7-8695-601330d240c9	2025-12-08	Payment to OWNER WITHDRAWL	\N	3000.00	21570.00	vendor_payment	\N	\N	da648d83-8ef9-4546-b401-a627b062a99b	2025-12-08 15:52:46.510381+00	2025-12-08 15:52:46.510381+00	\N
12a057a1-3361-406e-8245-77ed45589cf1	2025-12-08	Payment to ANS	\N	30000.00	-8430.00	vendor_payment	\N	\N	09681829-52ca-4ba8-ba58-f3f33c02134e	2025-12-08 15:53:06.014287+00	2025-12-08 15:53:06.014287+00	\N
c43f3fd3-7073-4624-a0c0-7391cb9a6618	2025-12-04	Payment to MOLVI NAZEER	\N	21000.00	202160.00	vendor_payment	\N	\N	2f62665d-f8d3-4168-a12e-cc24688535dd	2025-12-04 14:39:48.079842+00	2025-12-04 14:39:48.079842+00	\N
03fbfab4-c1e2-4a6e-abe9-caf380a303ec	2025-12-04	Payment to PETROL	\N	750.00	171410.00	vendor_payment	BIKE PETROL	\N	dd7f0405-a31e-4c89-9386-a28dc7084b8d	2025-12-04 14:51:16.16186+00	2025-12-04 14:51:16.16186+00	\N
4d3f3076-5389-40a6-b571-a8eaa8131b40	2025-12-04	Payment to UMAIR	\N	25000.00	103280.00	vendor_payment	NOVEMBER ADVANCE	\N	a637d0da-3eb5-4211-9797-c752d133ab53	2025-12-04 15:02:38.864231+00	2025-12-04 15:02:38.864231+00	\N
3b741e43-f13f-4212-90fe-7feb34fd642c	2025-12-04	Payment for Order #AR-00016	100000.00	\N	182280.00	order_payment	Payment via other	ba1b87ab-4c34-4966-9549-80784ed0bf00	\N	2025-12-04 15:36:22.852873+00	2025-12-04 15:36:22.852873+00	\N
edf72a7a-5dba-46b8-ac7d-c0c7df8e711b	2025-12-04	Payment for Order #AR-00072	20000.00	\N	20280.00	order_payment	Payment via other	3881c0a5-45b1-488f-ba48-68c277b43163	\N	2025-12-04 23:04:03.059792+00	2025-12-04 23:04:03.059792+00	\N
2a5d0da2-4126-4dda-9808-f909002cf473	2025-12-04	Payment to MASTER NASIR	\N	15000.00	280.00	vendor_payment	\N	\N	4e1b25c1-4567-4f34-b583-c0c796a2501c	2025-12-04 23:04:57.941391+00	2025-12-04 23:04:57.941391+00	\N
66bb7600-95d7-4e12-be63-f3a32d833680	2025-12-06	Payment to PURCHASES	\N	15000.00	315280.00	vendor_payment	BURHAN ZAIN WALA TO NADEEM	\N	24c0a9f7-036e-46f0-8722-43ad18688410	2025-12-06 13:27:37.248247+00	2025-12-06 13:27:37.248247+00	\N
0833741c-54b5-41cf-8e0f-3c895ddc2d9e	2025-12-06	Payment to OWNER WITHDRAWL	\N	301000.00	14280.00	vendor_payment	\N	\N	da648d83-8ef9-4546-b401-a627b062a99b	2025-12-06 13:27:58.18961+00	2025-12-06 13:27:58.18961+00	\N
17015c94-faf6-4a4b-bdc4-6090a08b04ad	2025-12-08	Payment to MARKETING	\N	2000.00	149680.00	vendor_payment	\N	\N	65e301bb-2ca9-431f-bc77-c0e81fe1983b	2025-12-08 15:03:31.699678+00	2025-12-08 15:03:31.699678+00	\N
69d7db3c-e209-4396-99bf-e2250ea7274a	2025-12-08	Payment to JAFFAR	\N	10000.00	139680.00	vendor_payment	\N	\N	34c23231-d445-4bd6-af12-fd622353defb	2025-12-08 15:03:51.000949+00	2025-12-08 15:03:51.000949+00	\N
620d153c-6322-40ef-9217-700732efe9c7	2025-12-08	Payment to OWNER WITHDRAWL	\N	5000.00	122570.00	vendor_payment	\N	\N	da648d83-8ef9-4546-b401-a627b062a99b	2025-12-08 15:21:58.195772+00	2025-12-08 15:21:58.195772+00	\N
71e9b721-2952-46f3-af93-09cab4e889b2	2025-12-08	Payment to IDREES SUPERVISOR	\N	10000.00	-18430.00	vendor_payment	\N	\N	239a1b8d-930a-4a82-88e3-f9a33b6f2389	2025-12-08 15:53:57.23228+00	2025-12-08 15:53:57.23228+00	\N
c1e4660e-65d4-46a2-b11f-0cb86ab88d78	2025-07-17	Advance payment for Order #AR-00001	115000.00	\N	115000.00	order_payment	Synced from order advance payment	15f5c2b5-fd18-4c1a-adad-2bf1cc627fc3	\N	2025-12-03 17:24:56.537845+00	2025-12-03 17:24:56.537845+00	\N
30076c5a-99e5-4264-a993-c72a90fc3f42	2025-07-17	Advance payment for Order #AR-00002	635000.00	\N	750000.00	order_payment	Synced from order advance payment	85c7ee8e-0856-4e38-8478-9651a4aefcae	\N	2025-12-03 17:24:56.537845+00	2025-12-03 17:24:56.537845+00	\N
dc421952-10b2-4c35-a976-2cc80388804b	2025-07-21	Advance payment for Order #AR-00003	325000.00	\N	1075000.00	order_payment	Synced from order advance payment	5f5f7d80-b82a-46c2-afe4-c9a7cf6fd31a	\N	2025-12-03 17:24:56.537845+00	2025-12-03 17:24:56.537845+00	\N
78b770b1-9263-42e0-90b3-c5cc26b8ce2e	2025-07-24	Advance payment for Order #AR-00004	265000.00	\N	1340000.00	order_payment	Synced from order advance payment	38e728dd-b176-444a-9180-976b32b3c318	\N	2025-12-03 17:24:56.537845+00	2025-12-03 17:24:56.537845+00	\N
bd1dc4f7-0691-4362-9f28-d845e4b7a431	2025-08-02	Advance payment for Order #AR-00005	150000.00	\N	1490000.00	order_payment	Synced from order advance payment	8205d83a-576a-4eb4-b43c-224bfea1cde8	\N	2025-12-03 17:24:56.537845+00	2025-12-03 17:24:56.537845+00	\N
54fa774c-21f4-4c8a-816d-6db3e85b4199	2025-08-06	Advance payment for Order #AR-00006	105000.00	\N	1595000.00	order_payment	Synced from order advance payment	bafe46ef-6777-4b06-af1d-afd270354c0c	\N	2025-12-03 17:24:56.537845+00	2025-12-03 17:24:56.537845+00	\N
94594af5-e8fc-4942-926c-7a5c643a13f4	2025-08-11	Advance payment for Order #AR-00007	400000.00	\N	1995000.00	order_payment	Synced from order advance payment	72974b6f-fc69-49af-b02c-dde30673e0f2	\N	2025-12-03 17:24:56.537845+00	2025-12-03 17:24:56.537845+00	\N
568ac67a-9b54-49ae-859b-b4eaa7034c59	2025-08-11	Advance payment for Order #AR-00008	140000.00	\N	2135000.00	order_payment	Synced from order advance payment	2c109569-cf67-49ce-b1eb-8f44c635d1c6	\N	2025-12-03 17:24:56.537845+00	2025-12-03 17:24:56.537845+00	\N
63c63df9-dab1-4bf7-b83e-3e8708132593	2025-08-16	Advance payment for Order #AR-00009	300000.00	\N	2435000.00	order_payment	Synced from order advance payment	7b5c58db-90b4-4a99-8bb6-60e04574f9de	\N	2025-12-03 17:24:56.537845+00	2025-12-03 17:24:56.537845+00	\N
06b03884-4194-4e50-99e0-3f28336cdb0c	2025-08-19	Advance payment for Order #AR-00010	100000.00	\N	2535000.00	order_payment	Synced from order advance payment	08bffa47-9ea5-44ee-8ea1-4cc71500503b	\N	2025-12-03 17:24:56.537845+00	2025-12-03 17:24:56.537845+00	\N
e6c5db3a-fd96-46d7-bdbf-c0186b0f8497	2025-08-30	Advance payment for Order #AR-00012	160000.00	\N	2695000.00	order_payment	Synced from order advance payment	805c0bf2-b436-48e9-bac4-cfbbfe60b6aa	\N	2025-12-03 17:24:56.537845+00	2025-12-03 17:24:56.537845+00	\N
cf351cce-4ca4-4663-ab5d-82ee9e678761	2025-09-01	Advance payment for Order #AR-00014	295000.00	\N	2990000.00	order_payment	Synced from order advance payment	89436762-bc61-402f-817b-dd8291efb0d5	\N	2025-12-03 17:24:56.537845+00	2025-12-03 17:24:56.537845+00	\N
c27b848e-0016-481a-bc12-35b9f0111135	2025-09-02	Advance payment for Order #AR-00015	260000.00	\N	3250000.00	order_payment	Synced from order advance payment	8d0519bf-7dcb-4240-a514-2a05cc8614ab	\N	2025-12-03 17:24:56.537845+00	2025-12-03 17:24:56.537845+00	\N
c4e19393-0dde-4a14-8c83-f1be9be745be	2025-09-07	Advance payment for Order #AR-00016	270000.00	\N	3520000.00	order_payment	Synced from order advance payment	ba1b87ab-4c34-4966-9549-80784ed0bf00	\N	2025-12-03 17:24:56.537845+00	2025-12-03 17:24:56.537845+00	\N
c86f5bfd-2af9-42b6-83c0-b173e4522af6	2025-09-08	Advance payment for Order #AR-00017	290000.00	\N	3810000.00	order_payment	Synced from order advance payment	0205e1e2-f5e2-4f1f-98f7-4049c677a6ab	\N	2025-12-03 17:24:56.537845+00	2025-12-03 17:24:56.537845+00	\N
e124ba42-9246-4795-bbd1-43407f7e2644	2025-11-19	Payment for Order #AR-00047	200000.00	\N	10089000.00	order_payment	Payment via other	00ee4988-2414-4b6a-8801-015896824c95	\N	2025-12-03 17:24:56.537845+00	2025-12-03 17:24:56.537845+00	\N
a4b6ef97-161e-4ead-95ba-688bb9ef8e09	2025-12-04	Payment to PURCHASES	\N	3500.00	198660.00	vendor_payment	MASTER ASAD	\N	24c0a9f7-036e-46f0-8722-43ad18688410	2025-12-04 14:40:32.886051+00	2025-12-04 14:40:51.466+00	\N
7111bcb7-86fe-467d-8805-ffb249d11073	2025-12-04	Payment to PURCHASES	\N	710.00	170700.00	vendor_payment	THREADS PAPER TAPE AND BROCH	\N	24c0a9f7-036e-46f0-8722-43ad18688410	2025-12-04 14:51:59.813807+00	2025-12-04 14:51:59.813807+00	\N
4d325af8-ffce-4aae-96b1-6836c0db6c97	2025-12-04	Payment to ZAIN SHAH	\N	5000.00	98280.00	vendor_payment	ADVANCE IN NOVEMBER	\N	c8a5b3e2-a46f-4e37-85f5-287643c7c7a8	2025-12-04 15:03:24.556605+00	2025-12-04 15:03:24.556605+00	\N
ad9825ee-bc19-44e4-89bd-cb997d450135	2025-09-10	Advance payment for Order #AR-00018	60000.00	\N	3870000.00	order_payment	Synced from order advance payment	c397149f-9f92-4478-8b7f-28b394753e39	\N	2025-12-03 17:24:56.537845+00	2025-12-03 17:24:56.537845+00	\N
d0681a86-20af-432c-bdee-ae76cd996308	2025-09-10	Advance payment for Order #AR-00020	275000.00	\N	4145000.00	order_payment	Synced from order advance payment	43ccc8ef-a034-46f5-ba89-7cc35f4fda0f	\N	2025-12-03 17:24:56.537845+00	2025-12-03 17:24:56.537845+00	\N
64e359ce-a389-4966-a06d-6c517bc81377	2025-09-10	Advance payment for Order #AR-00019	130000.00	\N	4275000.00	order_payment	Synced from order advance payment	41d8104f-2e5b-4f1c-9ebc-6260cf6b65df	\N	2025-12-03 17:24:56.537845+00	2025-12-03 17:24:56.537845+00	\N
b544a4f9-d173-41d5-8d5e-32a3438d063b	2025-09-14	Advance payment for Order #AR-00021	340000.00	\N	4615000.00	order_payment	Synced from order advance payment	9307894a-b229-4bf1-8963-54bd58d547d2	\N	2025-12-03 17:24:56.537845+00	2025-12-03 17:24:56.537845+00	\N
e202c1ce-3fc7-4994-87a2-b73a0f4ab674	2025-09-14	Advance payment for Order #AR-00022	200000.00	\N	4815000.00	order_payment	Synced from order advance payment	50e84559-282c-4165-a575-c30fd1917962	\N	2025-12-03 17:24:56.537845+00	2025-12-03 17:24:56.537845+00	\N
a7833928-bd97-4ae3-8d59-044a4d8c57a7	2025-09-15	Advance payment for Order #AR-00013	70000.00	\N	4885000.00	order_payment	Synced from order advance payment	997e880d-8c2b-44b3-93f9-5c6c5e5e7f50	\N	2025-12-03 17:24:56.537845+00	2025-12-03 17:24:56.537845+00	\N
221763bb-810c-4de6-ace5-7a6ec38b7a6c	2025-09-16	Advance payment for Order #AR-00023	400000.00	\N	5285000.00	order_payment	Synced from order advance payment	a34dd14c-fffc-41dc-a032-c9d52c1cca36	\N	2025-12-03 17:24:56.537845+00	2025-12-03 17:24:56.537845+00	\N
ebece5c9-3a55-4153-b602-5e6ac575be78	2025-09-21	Advance payment for Order #AR-00025	360000.00	\N	5645000.00	order_payment	Synced from order advance payment	40404163-9ad4-4994-a41f-6317ff41a08c	\N	2025-12-03 17:24:56.537845+00	2025-12-03 17:24:56.537845+00	\N
757e6059-01df-4959-a58c-6b6626f8abf2	2025-09-25	Advance payment for Order #AR-00024	250000.00	\N	5895000.00	order_payment	Synced from order advance payment	69cae7bc-b329-4473-96ba-5ed12531b308	\N	2025-12-03 17:24:56.537845+00	2025-12-03 17:24:56.537845+00	\N
6d69d3aa-b41f-4ceb-9d0a-918bf9d38d14	2025-09-25	Advance payment for Order #AR-00026	170000.00	\N	6065000.00	order_payment	Synced from order advance payment	d9f86d8e-3ddf-4504-b12d-2c5b3a43a785	\N	2025-12-03 17:24:56.537845+00	2025-12-03 17:24:56.537845+00	\N
066f6091-4bf5-472a-824f-637ccee1ed9d	2025-09-27	Advance payment for Order #AR-00027	150000.00	\N	6215000.00	order_payment	Synced from order advance payment	43f8792f-1a4c-4cf4-b507-d08e96ce4171	\N	2025-12-03 17:24:56.537845+00	2025-12-03 17:24:56.537845+00	\N
fb655a10-858b-40db-a183-9d8696a62221	2025-09-28	Advance payment for Order #AR-00028	80000.00	\N	6295000.00	order_payment	Synced from order advance payment	413e4b6e-5fc2-43a1-9013-e2df545f354e	\N	2025-12-03 17:24:56.537845+00	2025-12-03 17:24:56.537845+00	\N
a8a12f52-3aae-4512-8ddd-559e28b407af	2025-10-06	Advance payment for Order #AR-00029	100000.00	\N	6395000.00	order_payment	Synced from order advance payment	6f789bd2-215f-4e5a-8ddd-cac4d2df783a	\N	2025-12-03 17:24:56.537845+00	2025-12-03 17:24:56.537845+00	\N
507ccad8-5a86-4077-bf5a-c6d9aad804eb	2025-10-06	Advance payment for Order #AR-00030	100000.00	\N	6495000.00	order_payment	Synced from order advance payment	7f3f22a6-a7d5-443c-84cc-14dc1a8563bd	\N	2025-12-03 17:24:56.537845+00	2025-12-03 17:24:56.537845+00	\N
28244178-5034-4024-b577-636d8efa26a8	2025-10-11	Advance payment for Order #AR-00031	45000.00	\N	6540000.00	order_payment	Synced from order advance payment	77790ff1-a2f1-4e2f-a0ec-446d064b3a2b	\N	2025-12-03 17:24:56.537845+00	2025-12-03 17:24:56.537845+00	\N
f77d84dc-9ca0-4839-820f-1b7b4655b65f	2025-10-11	Advance payment for Order #AR-00033	90000.00	\N	6630000.00	order_payment	Synced from order advance payment	9752100d-0632-42f3-941c-f4d5b45b7ced	\N	2025-12-03 17:24:56.537845+00	2025-12-03 17:24:56.537845+00	\N
eba9218a-152b-4d96-a16a-6ae55775ab57	2025-10-12	Advance payment for Order #AR-00034	105000.00	\N	6735000.00	order_payment	Synced from order advance payment	f357a7c4-919d-47d4-a046-abd7411bef1d	\N	2025-12-03 17:24:56.537845+00	2025-12-03 17:24:56.537845+00	\N
0437da7e-90cf-4d49-bb04-9118a99331bc	2025-10-13	Advance payment for Order #AR-00035	200000.00	\N	6935000.00	order_payment	Synced from order advance payment	be05b835-4149-4376-9eda-b197cbc31e62	\N	2025-12-03 17:24:56.537845+00	2025-12-03 17:24:56.537845+00	\N
3dea1abe-6023-4985-91cd-83fdc908dc38	2025-10-16	Advance payment for Order #AR-00036	128000.00	\N	7063000.00	order_payment	Synced from order advance payment	ac05b210-81a0-4aaa-b947-504fd48c0754	\N	2025-12-03 17:24:56.537845+00	2025-12-03 17:24:56.537845+00	\N
b8893919-8929-42b4-9c04-6e5c5f0a8244	2025-10-20	Advance payment for Order #AR-00038	225000.00	\N	7288000.00	order_payment	Synced from order advance payment	38852765-172b-47d0-a056-45916a80cebb	\N	2025-12-03 17:24:56.537845+00	2025-12-03 17:24:56.537845+00	\N
73b78101-2399-4464-bd85-3a9d24cd5913	2025-10-27	Advance payment for Order #AR-00039	40000.00	\N	7328000.00	order_payment	Synced from order advance payment	ac4c0655-e060-4847-b4a4-29205da4707f	\N	2025-12-03 17:24:56.537845+00	2025-12-03 17:24:56.537845+00	\N
42e82bd9-52bc-4be5-a79c-251380ff998a	2025-10-28	Advance payment for Order #AR-00040	650000.00	\N	7978000.00	order_payment	Synced from order advance payment	53f6b83c-776f-401a-9f87-8c87ce26a4f9	\N	2025-12-03 17:24:56.537845+00	2025-12-03 17:24:56.537845+00	\N
e3857eee-1b8c-40f1-817e-4e3e205ce5a7	2025-10-29	Advance payment for Order #AR-00041	100000.00	\N	8078000.00	order_payment	Synced from order advance payment	0e6b0142-6ff4-4a7f-a816-b45030731631	\N	2025-12-03 17:24:56.537845+00	2025-12-03 17:24:56.537845+00	\N
0995baf0-cd6f-4d8f-b680-07e3802a80d8	2025-11-03	Advance payment for Order #AR-00049	125000.00	\N	8203000.00	order_payment	Synced from order advance payment	b573e9bc-d314-4e0a-8e34-216bea63cdfd	\N	2025-12-03 17:24:56.537845+00	2025-12-03 17:24:56.537845+00	\N
7bde1d4e-9b01-4387-a04c-9d32480ce6d1	2025-11-03	Advance payment for Order #AR-00047	800000.00	\N	9003000.00	order_payment	Synced from order advance payment	00ee4988-2414-4b6a-8801-015896824c95	\N	2025-12-03 17:24:56.537845+00	2025-12-03 17:24:56.537845+00	\N
810c36f1-6e6a-4eaf-a76c-2de8d187e5f5	2025-11-03	Advance payment for Order #AR-00042	170000.00	\N	9173000.00	order_payment	Synced from order advance payment	a239a178-44af-4d3f-ad86-91f20de0f2a7	\N	2025-12-03 17:24:56.537845+00	2025-12-03 17:24:56.537845+00	\N
963e439b-01ec-4e25-8de8-3410ecb3fbe8	2025-11-03	Advance payment for Order #AR-00044	65000.00	\N	9238000.00	order_payment	Synced from order advance payment	508f9460-e0f4-446f-9c4b-efe4417fa439	\N	2025-12-03 17:24:56.537845+00	2025-12-03 17:24:56.537845+00	\N
d3e64fbe-a00f-485d-a6d3-219807074717	2025-11-03	Advance payment for Order #AR-00046	150000.00	\N	9388000.00	order_payment	Synced from order advance payment	54b6e9e7-4e95-463f-992b-f334691b7a2a	\N	2025-12-03 17:24:56.537845+00	2025-12-03 17:24:56.537845+00	\N
c3fc5f48-d8b5-4083-8471-f94d2dc574e2	2025-11-03	Advance payment for Order #AR-00048	100000.00	\N	9488000.00	order_payment	Synced from order advance payment	49974bee-454f-46c7-8c87-611e82b0eaab	\N	2025-12-03 17:24:56.537845+00	2025-12-03 17:24:56.537845+00	\N
8208af75-6678-4452-bb78-5ea0efab6eb3	2025-11-03	Advance payment for Order #AR-00045	100000.00	\N	9588000.00	order_payment	Synced from order advance payment	9fc7dd4c-ea2b-4a1e-9ce3-c453344b6502	\N	2025-12-03 17:24:56.537845+00	2025-12-03 17:24:56.537845+00	\N
ab026dbb-0bfd-4fa9-933a-ad45bd025c83	2025-11-08	Advance payment for Order #AR-00051	30000.00	\N	9618000.00	order_payment	Synced from order advance payment	c6ced0b2-38cb-4955-959b-7411e32409b2	\N	2025-12-03 17:24:56.537845+00	2025-12-03 17:24:56.537845+00	\N
33fc75d8-d993-4633-b2c7-d4722ef773a0	2025-11-12	Advance payment for Order #AR-00053	55000.00	\N	9673000.00	order_payment	Synced from order advance payment	dc1e0ba9-98e1-40a2-b8e0-db64ea3c8604	\N	2025-12-03 17:24:56.537845+00	2025-12-03 17:24:56.537845+00	\N
fe99f66b-fea2-4f1c-aba7-8248b1877a54	2025-11-13	Advance payment for Order #AR-00055	50000.00	\N	9723000.00	order_payment	Synced from order advance payment	9cc26631-0953-4ac2-9555-9d63b33fb987	\N	2025-12-03 17:24:56.537845+00	2025-12-03 17:24:56.537845+00	\N
5214b37a-cf39-4add-8b82-6a4979c37915	2025-11-17	Advance payment for Order #AR-00060	110000.00	\N	9833000.00	order_payment	Synced from order advance payment	167bd157-7439-4112-b0b8-8075f3fd9de8	\N	2025-12-03 17:24:56.537845+00	2025-12-03 17:24:56.537845+00	\N
eda770c4-3bb5-47ce-9a96-3119a23bf808	2025-11-17	Advance payment for Order #AR-00061	56000.00	\N	9889000.00	order_payment	Synced from order advance payment	e48a13a4-5286-4ab6-9f9b-854cbe6bd931	\N	2025-12-03 17:24:56.537845+00	2025-12-03 17:24:56.537845+00	\N
57c67363-361c-404e-9fb3-e73ae36b8413	2025-11-19	Payment for Order #AR-00062	125000.00	\N	10214000.00	order_payment	Payment via other	c84447b4-d0ea-44e6-a182-934c700e0dbe	\N	2025-12-03 17:24:56.537845+00	2025-12-03 17:24:56.537845+00	\N
6c540f72-8bfc-464f-8f27-911468799e14	2025-11-20	Payment for Order #AR-00049	75000.00	\N	10289000.00	order_payment	Payment via other	b573e9bc-d314-4e0a-8e34-216bea63cdfd	\N	2025-12-03 17:24:56.537845+00	2025-12-03 17:24:56.537845+00	\N
19d6f837-1786-4518-ac60-a5c1eb9d01dc	2025-11-21	Advance payment for Order #AR-00065	65000.00	\N	10354000.00	order_payment	Synced from order advance payment	ae5c369b-6388-43f6-8c34-25bf72bd19b5	\N	2025-12-03 17:24:56.537845+00	2025-12-03 17:24:56.537845+00	\N
1d8fd32c-6ad3-4f64-a1f3-ea0a6ca73b9b	2025-11-22	Advance payment for Order #AR-00064	40000.00	\N	10394000.00	order_payment	Synced from order advance payment	d3099450-4f50-45bc-b356-a82d84a78b71	\N	2025-12-03 17:24:56.537845+00	2025-12-03 17:24:56.537845+00	\N
6513baca-5abf-48c7-a854-a6d6f83b15e3	2025-11-22	Payment for Order #AR-00004	50000.00	\N	10444000.00	order_payment	Payment via other	38e728dd-b176-444a-9180-976b32b3c318	\N	2025-12-03 17:24:56.537845+00	2025-12-03 17:24:56.537845+00	\N
e0650107-71fa-461e-bcf8-a9c4edd89d27	2025-12-04	Payment to ALI VENDOR	\N	50000.00	132280.00	vendor_payment	\N	\N	37d55bdf-ee3e-40d4-98fe-8632f396c87d	2025-12-04 15:38:18.822508+00	2025-12-04 15:38:18.822508+00	\N
bc053362-6461-49d7-a5d3-87e5caae11df	2025-11-22	Payment for Order #AR-00022	80000.00	\N	10524000.00	order_payment	Payment via other	50e84559-282c-4165-a575-c30fd1917962	\N	2025-12-03 17:24:56.537845+00	2025-12-03 17:24:56.537845+00	\N
4dc658cd-d43b-47b8-9958-8d0fb8592041	2025-11-23	Advance payment for Order #AR-00066	120000.00	\N	10644000.00	order_payment	Synced from order advance payment	84ec2eda-cce0-44a3-91eb-2e9e2eb8f72e	\N	2025-12-03 17:24:56.537845+00	2025-12-03 17:24:56.537845+00	\N
6a270c84-63e2-4df9-b437-1820628e4016	2025-11-24	Advance payment for Order #AR-00067	40000.00	\N	10684000.00	order_payment	Synced from order advance payment	c91056db-fdd4-4721-ab3b-026675e5e56b	\N	2025-12-03 17:24:56.537845+00	2025-12-03 17:24:56.537845+00	\N
05e59e17-2205-42b1-8809-07f6258be20e	2025-11-25	Payment for Order #AR-00015	100000.00	\N	10784000.00	order_payment	Payment via other	8d0519bf-7dcb-4240-a514-2a05cc8614ab	\N	2025-12-03 17:24:56.537845+00	2025-12-03 17:24:56.537845+00	\N
46605858-b0c6-46aa-af6c-8a1cf5fa52ad	2025-11-25	Payment for Order #AR-00010	100000.00	\N	10884000.00	order_payment	Payment via other	08bffa47-9ea5-44ee-8ea1-4cc71500503b	\N	2025-12-03 17:24:56.537845+00	2025-12-03 17:24:56.537845+00	\N
347644a7-b0ef-4063-9fba-245880da248e	2025-11-25	Payment for Order #AR-00010	90000.00	\N	10974000.00	order_payment	Payment via other	08bffa47-9ea5-44ee-8ea1-4cc71500503b	\N	2025-12-03 17:24:56.537845+00	2025-12-03 17:24:56.537845+00	\N
8fcfc251-b123-4e10-a1ee-133935d9fe3c	2025-11-25	Payment for Order #AR-00036	32000.00	\N	11006000.00	order_payment	Payment via other	ac05b210-81a0-4aaa-b947-504fd48c0754	\N	2025-12-03 17:24:56.537845+00	2025-12-03 17:24:56.537845+00	\N
eae8eff5-e387-48a6-885c-731cd867f8df	2025-11-25	Payment for Order #AR-00004	32000.00	\N	11038000.00	order_payment	Payment via other	38e728dd-b176-444a-9180-976b32b3c318	\N	2025-12-03 17:24:56.537845+00	2025-12-03 17:24:56.537845+00	\N
dcda1245-6e4c-41a6-8d7d-011a3b44c0d5	2025-11-29	Advance payment for Order #AR-00069	95000.00	\N	11133000.00	order_payment	Synced from order advance payment	46e94509-ad3d-4d09-b3a0-85c2cd5b9bc5	\N	2025-12-03 17:24:56.537845+00	2025-12-03 17:24:56.537845+00	\N
47c4e280-5250-4f6e-9bd6-9679ec35ce95	2025-11-29	Advance payment for Order #AR-00070	30000.00	\N	11163000.00	order_payment	Synced from order advance payment	061121a0-b6d4-4111-af68-5eccf0cbd500	\N	2025-12-03 17:24:56.537845+00	2025-12-03 17:24:56.537845+00	\N
8996e9d9-6246-40eb-b913-a750ec7a1c41	2025-11-29	Advance payment for Order #AR-00068	200000.00	\N	11363000.00	order_payment	Synced from order advance payment	999f5691-c5dc-4824-8b8a-abd7d19e8ff2	\N	2025-12-03 17:24:56.537845+00	2025-12-03 17:24:56.537845+00	\N
7a40c871-3018-4067-a699-5e36215f63ae	2025-12-01	Advance payment for Order #AR-00071	122000.00	\N	11485000.00	order_payment	Synced from order advance payment	7fa37438-b485-4292-b221-9ad2cb439f4f	\N	2025-12-03 17:24:56.537845+00	2025-12-03 17:24:56.537845+00	\N
f0c9fb23-0443-4968-9aee-56b6a4848528	2025-12-03	Payment to JAFFAR	\N	50000.00	5935000.00	vendor_payment	\N	\N	34c23231-d445-4bd6-af12-fd622353defb	2025-12-03 17:52:04.825257+00	2025-12-03 17:52:04.825257+00	\N
4754c8ff-c8f3-4f74-8605-e7ffda8e325d	2025-12-03	Payment to NADEEM	\N	725840.00	5209160.00	vendor_payment	\N	\N	ca601504-179b-4634-82e2-8dc07c4bf3ab	2025-12-03 18:00:10.854296+00	2025-12-03 18:00:10.854296+00	\N
0eba0a7f-7537-45b1-a9b6-098b74a6ea50	2025-12-03	Payment for Order #AR-00033	45000.00	\N	5254160.00	order_payment	Payment via other	9752100d-0632-42f3-941c-f4d5b45b7ced	\N	2025-12-03 18:41:15.801828+00	2025-12-03 18:41:15.801828+00	\N
9d1518ed-1900-4aaa-80ca-05a018df2473	2025-12-03	Payment for Order #AR-00047	50000.00	\N	5304160.00	order_payment	Payment via other	00ee4988-2414-4b6a-8801-015896824c95	\N	2025-12-03 18:41:48.900285+00	2025-12-03 18:41:48.900285+00	\N
e7cc3684-9616-40ed-8183-20eba8471567	2025-12-03	Payment for Order #AR-00046	75000.00	\N	5379160.00	order_payment	Payment via other	54b6e9e7-4e95-463f-992b-f334691b7a2a	\N	2025-12-03 18:43:59.283538+00	2025-12-03 18:43:59.283538+00	\N
9714c141-c9b4-40d8-8646-46dd3037d09d	2025-12-03	Advance payment for Order #AR-00072	10000.00	\N	5389160.00	order_payment	Initial advance payment during order creation	3881c0a5-45b1-488f-ba48-68c277b43163	\N	2025-12-03 18:45:58.240736+00	2025-12-03 18:45:58.240736+00	\N
b42288d3-6279-4310-8da3-dd04c80ca5ce	2025-12-03	Payment to PURCHASES	\N	4000000.00	1389160.00	vendor_payment	\N	\N	24c0a9f7-036e-46f0-8722-43ad18688410	2025-12-03 18:47:17.354016+00	2025-12-03 18:52:37.989+00	\N
58060fa4-26b2-47c3-97c1-9236b4184972	2025-12-03	AHSAN MOB BILL	\N	6000.00	83160.00	miscellaneous	\N	\N	\N	2025-12-03 18:50:48.185748+00	2025-12-03 18:50:48.185748+00	\N
1f0bda10-8809-44b5-a879-ff7f8f31add6	2025-12-04	Payment for Order #AR-00052	55000.00	\N	138160.00	order_payment	Payment via other	e92e8ea5-92ae-4f9d-9356-7eb6d79766b8	\N	2025-12-04 13:40:43.996824+00	2025-12-04 13:40:43.996824+00	\N
678726a8-651e-4fca-baff-23adbb651fad	2025-12-04	Advance payment for Order #AR-00073	145000.00	\N	283160.00	order_payment	Initial advance payment during order creation	06bb4ed1-d071-4a72-9238-0b3f1a5c0375	\N	2025-12-04 13:43:27.167718+00	2025-12-04 13:43:27.167718+00	\N
650dfb6a-5555-4de5-8cd5-ba5bb3505dad	2025-12-04	Payment to PETROL	\N	2000.00	196660.00	vendor_payment	GENERATOR PETROL	\N	dd7f0405-a31e-4c89-9386-a28dc7084b8d	2025-12-04 14:41:38.048184+00	2025-12-04 14:41:38.048184+00	\N
36c34d9d-a7b4-4836-9a86-4e4d5baef3eb	2025-12-04	Payment to PURCHASES	\N	19200.00	151500.00	vendor_payment	COOVERS TIE VELVET TR	\N	24c0a9f7-036e-46f0-8722-43ad18688410	2025-12-04 14:52:56.854803+00	2025-12-04 14:52:56.854803+00	\N
5314917e-b0ff-48b0-a9ec-a54c9a6c72ce	2025-12-04	Payment to FOOD	\N	680.00	150820.00	vendor_payment	STAFF FOOD	\N	ff897faf-04ad-404d-9906-5c12c68ec1af	2025-12-04 14:53:20.681+00	2025-12-04 14:53:20.681+00	\N
01c89d11-1aae-422e-a736-6221572f193d	2025-12-04	Payment to AJMAL UNCLE	\N	2550.00	148270.00	vendor_payment	\N	\N	19610bbb-be04-49fb-a640-d6520d5b3eac	2025-12-04 14:53:37.84998+00	2025-12-04 14:53:37.84998+00	\N
8085fd49-2c6d-4b2a-a18a-80445f714440	2025-12-04	Payment to SHEHZAD	\N	5000.00	93280.00	vendor_payment	NOVEMBER ADVANCE	\N	58c8eb5e-f219-417a-be83-56c5057cc0bc	2025-12-04 15:04:53.21861+00	2025-12-04 15:04:53.21861+00	\N
5c21e219-a76f-48b8-8235-94d232fc40ea	2025-12-04	Payment to JAFFAR	\N	9000.00	123280.00	vendor_payment	\N	\N	34c23231-d445-4bd6-af12-fd622353defb	2025-12-04 18:21:36.634477+00	2025-12-04 18:21:36.634477+00	\N
7f34a4a2-ad7a-410f-a864-723b594b7af7	2025-12-04	Payment to NADEEM	\N	5000.00	15280.00	vendor_payment	\N	\N	ca601504-179b-4634-82e2-8dc07c4bf3ab	2025-12-04 23:04:36.228957+00	2025-12-04 23:04:36.228957+00	\N
5d7cf164-5ca9-4c63-8101-c2167a648b78	2025-12-06	Payment to PETROL	\N	2000.00	12280.00	vendor_payment	\N	\N	dd7f0405-a31e-4c89-9386-a28dc7084b8d	2025-12-06 14:18:59.920757+00	2025-12-06 14:18:59.920757+00	\N
4d7da22c-0cbd-4bf7-9339-8fd7a523114b	2025-12-06	Payment to FOOD	\N	1500.00	10780.00	vendor_payment	LABOUR FOOD	\N	ff897faf-04ad-404d-9906-5c12c68ec1af	2025-12-06 14:19:26.0096+00	2025-12-06 14:19:26.0096+00	\N
76fdf47d-b048-4c95-893b-14067910e57b	2025-12-06	Payment to PETROL	\N	1300.00	9480.00	vendor_payment	BIKE PETROL	\N	dd7f0405-a31e-4c89-9386-a28dc7084b8d	2025-12-06 14:20:01.563011+00	2025-12-06 14:20:01.563011+00	\N
0ae817f4-cccb-47ec-9249-6981c6f35936	2025-12-06	SWEEPER	\N	400.00	9080.00	miscellaneous	\N	\N	\N	2025-12-06 14:20:16.834582+00	2025-12-06 14:20:16.834582+00	\N
fec7cdc6-3825-404a-92f1-3890ed9a31af	2025-12-06	Payment to FOOD	\N	5000.00	4080.00	vendor_payment	BREAKFAST AND ROTI	\N	ff897faf-04ad-404d-9906-5c12c68ec1af	2025-12-06 14:20:50.761634+00	2025-12-06 14:20:50.761634+00	\N
93a1f41e-ab96-4c54-9f5e-6c34f7f85ceb	2025-12-08	GENRATOR MOBIL OIL	\N	1180.00	138500.00	miscellaneous	\N	\N	\N	2025-12-08 15:04:26.283068+00	2025-12-08 15:04:26.283068+00	\N
e1978e91-837c-4bae-ba04-3367f5b84ba5	2025-12-08	SALAMI	\N	10000.00	112570.00	miscellaneous	\N	\N	\N	2025-12-08 15:22:38.706279+00	2025-12-08 15:22:38.706279+00	\N
f6f38f45-7756-4844-9b72-81c07e8f14f4	2025-12-04	Payment to SHOES	\N	17000.00	179660.00	vendor_payment	10 SHOES	\N	39e61659-5ccd-4675-90ff-2c9ccc423e56	2025-12-04 14:42:42.67679+00	2025-12-04 14:42:42.67679+00	\N
027d3413-108e-413f-9234-6f7314c535e7	2025-12-04	Payment to MASTER AMJAD	\N	2990.00	145280.00	vendor_payment	FUSINGB BILL	\N	578d875b-28e6-4d89-8700-5512e91e4032	2025-12-04 14:55:52.943494+00	2025-12-04 14:55:52.943494+00	\N
a158341b-da70-4d38-a13e-279cb4b1341b	2025-12-02	Payment to ASSETS	\N	5000000.00	6485000.00	vendor_payment	OLD ENTRIES JUSTIFIED	\N	9aa5c4d0-304f-410f-b686-c2f682a3d06e	2025-12-02 22:52:55.092603+00	2025-12-02 22:52:55.092603+00	\N
f9e6ec29-4cb5-4d4d-9a8b-ead733c45f13	2025-12-02	Payment to NADEEM	\N	500000.00	5985000.00	vendor_payment	OLD SETTLEMENT	\N	ca601504-179b-4634-82e2-8dc07c4bf3ab	2025-12-02 22:59:54.56926+00	2025-12-02 22:59:54.56926+00	\N
d21470ca-66b2-4b5d-80b8-92ee4ae9f6bf	2025-12-03	Payment to ALI VENDOR	\N	500000.00	889160.00	vendor_payment	\N	\N	37d55bdf-ee3e-40d4-98fe-8632f396c87d	2025-12-03 18:49:15.558135+00	2025-12-03 18:49:15.558135+00	\N
f1002e5e-00b6-4049-a5a2-be31d906e130	2025-12-03	Payment to IDREES SUPERVISOR	\N	800000.00	89160.00	vendor_payment	\N	\N	239a1b8d-930a-4a82-88e3-f9a33b6f2389	2025-12-03 18:49:36.769587+00	2025-12-03 18:52:54.707+00	\N
e5dea2cf-7fc9-42c4-9973-6a616afb72da	2025-12-04	Payment to GHAZANFAR	\N	8000.00	85280.00	vendor_payment	NOVEMBER ADVANCE	\N	4dd138a9-bf97-4443-b728-acaa107ecc23	2025-12-04 15:06:00.401717+00	2025-12-04 15:06:00.401717+00	\N
d9a74a6d-0d52-41f8-a166-a681c4458f64	2025-12-04	Payment to MASTER AMJAD	\N	5000.00	118280.00	vendor_payment	\N	\N	578d875b-28e6-4d89-8700-5512e91e4032	2025-12-04 18:22:41.043708+00	2025-12-04 18:22:41.043708+00	\N
b851fd19-ef46-4171-892c-7a6ec4d8de45	2025-12-06	Advance payment for Order #AR-00074	800000.00	\N	800280.00	order_payment	Initial advance payment during order creation	2d5a9a18-842e-41df-92e5-0b9b69e6aa64	\N	2025-12-06 09:18:50.229056+00	2025-12-06 09:18:50.229056+00	\N
f915ea54-a821-4642-9e5d-5c3a5cb7a9ad	2025-12-06	Payment to PURCHASES	\N	500.00	3580.00	vendor_payment	RESHAM FOR MOLVI	\N	24c0a9f7-036e-46f0-8722-43ad18688410	2025-12-06 14:21:47.443929+00	2025-12-06 14:21:47.443929+00	\N
2d546142-9d4f-46e9-9a71-16f2f7e08847	2025-12-06	Payment to OWNER WITHDRAWL	\N	1900.00	1680.00	vendor_payment	\N	\N	da648d83-8ef9-4546-b401-a627b062a99b	2025-12-06 14:22:10.128232+00	2025-12-06 14:22:10.128232+00	\N
eaf40bcb-ca95-4c2d-9ce7-29e6acc55832	2025-12-08	Payment to OWNER WITHDRAWL	\N	1730.00	136770.00	vendor_payment	\N	\N	da648d83-8ef9-4546-b401-a627b062a99b	2025-12-08 15:05:15.495363+00	2025-12-08 15:05:15.495363+00	\N
e0d8c0fb-e57a-4710-846f-3124dbb885f2	2025-12-08	Payment to IKRA STUDIO	\N	35000.00	77570.00	vendor_payment	\N	\N	95f06160-1d36-419b-a272-6f302c7210fa	2025-12-08 15:51:36.613508+00	2025-12-08 15:51:36.613508+00	\N
dd2fb6bc-a7ff-4509-be87-c2e6e5ecca9e	2025-12-08	Payment to SALMA	\N	28000.00	49570.00	vendor_payment	\N	\N	aa489f4f-b5fd-4a76-8e59-e01936420c8b	2025-12-08 15:51:56.420605+00	2025-12-08 15:51:56.420605+00	\N
ac56f0ee-7eff-4abc-9276-8e77b28aaa7e	2025-12-08	Payment to UMAIR	\N	25000.00	24570.00	vendor_payment	\N	\N	a637d0da-3eb5-4211-9797-c752d133ab53	2025-12-08 15:52:14.640442+00	2025-12-08 15:52:14.640442+00	\N
\.


--
-- Data for Name: order_items; Type: TABLE DATA; Schema: public; Owner: postgres
--

COPY "public"."order_items" ("id", "order_id", "order_type", "description", "created_at", "updated_at") FROM stdin;
4d960bc6-a112-409c-a4bc-f73de112bcae	a34dd14c-fffc-41dc-a032-c9d52c1cca36	mehndi	NEW POWDER PINK DSN ONLY MOTIF\t\t\nBORDER ON SLEEVES \t\t\nMOTIF ON SHOULDER \t\t\nWITH EMB SUIT \t\t\nIN HK COLOR\t\t	2025-11-17 20:40:56.579668+00	2025-11-17 20:40:56.579668+00
b7108ab3-be38-48f1-bafa-f1e77c0aad2f	a34dd14c-fffc-41dc-a032-c9d52c1cca36	other	MEHNDI 2\nNEW SKIN EMB SHERWANI DSN ON\t\t\t\nLONG OPEN PRINCE COAT \t\t\t\nIN SMALL MOTIFS \t\t\t\nWITH PLAIN SUIT\t\t\t\n\t\t\t\n\t\t\t	2025-11-17 20:40:56.579668+00	2025-11-17 20:40:56.579668+00
12aaa610-4b68-47c4-8eaa-c624cf30d25e	a34dd14c-fffc-41dc-a032-c9d52c1cca36	wallima	BROWN TR \t\t\t\nDOUBLE BREASTED COAT \t\t\t\nWITH PANT \t\t\t\nOFF WHITE PLAIN SHIRT\t\t\t\nPIC DSN\t\t\t	2025-11-17 20:40:56.579668+00	2025-11-17 20:40:56.579668+00
569dc474-7e28-4003-9342-a41315026eaf	a34dd14c-fffc-41dc-a032-c9d52c1cca36	barat	OTHER EVENT\n2PC IN ZINC COLOR \t\t\nSAME SPIDER DSN \t\t\nLT 038 LOT B CLR 4\t\t\nPLEATED SHIRT\t\t\n\t\t\nABDUL MOEEZ\t\t\nABDUL MANAN\t\t	2025-11-17 20:40:56.579668+00	2025-11-17 20:40:56.579668+00
c0dbda74-412d-4534-852e-9e5aac8e5b9e	999f5691-c5dc-4824-8b8a-abd7d19e8ff2	mehndi	BF DSN ON OPEN PRINCE COAT WITH EMB SUIT ON OLIVE GREEN CLR WITH SHOES	2025-11-29 11:01:24.306799+00	2025-11-29 11:01:24.306799+00
92a32c6e-0b5f-4cd6-a610-aa06a254fe52	999f5691-c5dc-4824-8b8a-abd7d19e8ff2	barat	BLACK ANTIQUE SHERWANI SAME AS IT IS WITH SUIT SHOES AND TURBAN	2025-11-29 11:01:24.306799+00	2025-11-29 11:01:24.306799+00
1d96db9a-aa41-409b-ac16-23100a53a60a	999f5691-c5dc-4824-8b8a-abd7d19e8ff2	wallima	WHITE NEW SAMPLE SAME AS IT IS WITH PLATED SHIRT AND BLACK PENT WITH BOW AND POCKET SQ 	2025-11-29 11:01:24.306799+00	2025-11-29 11:01:24.306799+00
6592fff7-74ce-40f4-a539-1886c9a22044	7b5c58db-90b4-4a99-8bb6-60e04574f9de	nikkah	Nikkah 5TH SEP\t\t\nZAIN DSN OPEN PRINCE COAT\t\t\nWITH SUIT\t\t\nON ZD CLR\t\t\nNO SHOES\t\t\nPKR-/ 110000\t\t	2025-11-17 20:58:36.868474+00	2025-11-17 20:58:36.868474+00
f0bb6c71-8822-43a4-a782-6626a11b8b71	7b5c58db-90b4-4a99-8bb6-60e04574f9de	mehndi	NEW POWDER PINK OPEN JACKET \t\t\t\nWITH EMB SUIT AND SHOES\t\t\t\nCLR SHERAWALA \t\t\t\n\t\t\t\nPKR-/ 130000\t\t\t	2025-11-17 20:58:36.868474+00	2025-11-17 20:58:36.868474+00
35968564-b095-4c6d-a7ce-f7b32b228daf	7b5c58db-90b4-4a99-8bb6-60e04574f9de	barat	ROSE GOLD SHERWANI \t\t\nWITH PLAIN BACK\t\t\nWITH SUIT, SHOES AND TURBAN\t\t\nTURBAN PENDING\t\t\n\t\t\nPKR-/ 250000\t\t	2025-11-17 20:58:36.868474+00	2025-11-17 20:58:36.868474+00
af6ee988-0678-4243-8759-9e48a1c1126c	7b5c58db-90b4-4a99-8bb6-60e04574f9de	wallima	OFF WHITE NEW STONE MOTIF DSN \t\t\t\n3PC \t\t\t\nWITH PLEATED SHIRT AND BOW\t\t\t\nCOAT LAPEL AMERICAN \t\t\t\nU DSN DOUBLE BREAST WAIST COAT\t\t\t\nPKR-/ 150000\t\t\t\n\t\t\t\nTOTAL AMOUNT # 640,000\t\t\t\nDISCOUNT # 210,000\t\t\t\nNET AMOUNT # 430,000\t\t\t	2025-11-17 20:58:36.868474+00	2025-11-17 20:58:36.868474+00
b6c69ac0-d1c8-49f7-8734-56a1da0f1374	e92e8ea5-92ae-4f9d-9356-7eb6d79766b8	other	BLACK TWO BUTTON COAT\nAMERICAN LAPAL\nWITH PANT	2025-12-04 13:40:26.434984+00	2025-12-04 13:40:26.434984+00
838a8301-ce87-411d-8677-582caccf5794	c6ced0b2-38cb-4955-959b-7411e32409b2	other	BLACK & GREY BAN WAISTCOAT WITH COLLAR CUFF SHALWAR QAMEEZ\nGREEN & BLUE BAN WAISTCOAT CHAMPA WITH BAN CUFF SHALWAR QAMEEZ\nQAMEEZ AND WAISTCOAT GHERA SEEDHA	2025-11-17 20:59:57.980074+00	2025-11-17 20:59:57.980074+00
22b8ecec-fdfb-45e0-ae1a-e379c9c08d2e	89436762-bc61-402f-817b-dd8291efb0d5	other	SHABALA SAME AS GROOM\t\t\nWITHOUT SHOES\t\t	2025-11-17 20:39:40.466707+00	2025-11-17 20:39:40.466707+00
8f459df6-56f9-437b-9560-4f73c986c331	89436762-bc61-402f-817b-dd8291efb0d5	mehndi	NEW SUKHA MEHNDI OPEN PRINCE COAT  \t\t\t\nWITH EMB SUIT AND COLOR SAME\t\t\t\nAS MUSTARD SWATCH SHADE\t\t\t\nWITH SHOES\t\t\t\n\t\t\t	2025-11-17 20:39:40.466707+00	2025-11-17 20:39:40.466707+00
5e364f1f-707f-4acf-aeb4-b3193f663ca3	89436762-bc61-402f-817b-dd8291efb0d5	wallima	LOT 038 LOT NO B CLR 4\t\t\t\nNEW NAVY BLUE DSN \t\t\t\nON ZINC COLOR \t\t\t\nWITH PLEATED SHIRT AND SEQ BOW\t\t\t\n\t\t\t\n100,000/PKR\t\t\t	2025-11-17 20:39:40.466707+00	2025-11-17 20:39:40.466707+00
1e34589a-0437-4e0b-aa5e-f0f3f12b3a33	53f6b83c-776f-401a-9f87-8c87ce26a4f9	mehndi	NEW SIGNATURE BLUE\t\t\t\nCOLOR NEW GREEN OPEN JACKET\t\t\t\nBAN OPEN PRINCE COAT \t\t\t\nSUIT AND SHOES\t\t\t\n\t\t\t	2025-11-17 21:00:33.867475+00	2025-11-17 21:00:33.867475+00
c38bd18f-5405-4a9d-94e9-414cb0302332	53f6b83c-776f-401a-9f87-8c87ce26a4f9	barat	NEW SIGNARURE ZC SHERWANI \t\t\nALI RAZA ON BLACK ON BLACK\t\t\nBACK AS FRONT SAME \t\t\nWITH SUIT SHOES\t\t\nTURBAN \t\t	2025-11-17 21:00:33.867475+00	2025-11-17 21:00:33.867475+00
458d1655-64f8-4a3a-b928-2fcd813d940e	53f6b83c-776f-401a-9f87-8c87ce26a4f9	wallima	ITALIAN OFF WHITE \t\t\t\nNEW SIGNATURE ALI RAZA\t\t\t\nWITH PLEATED SHIRT \t\t\t\nAND BLACK PANT\t\t\t	2025-11-17 21:00:33.867475+00	2025-11-17 21:00:33.867475+00
1844deb1-e1f8-4602-b088-18fbc7508c19	53f6b83c-776f-401a-9f87-8c87ce26a4f9	other	SHABALA\t\t\nSAME AS GROOM, BUT ONLY FRONT\t\t\nNO BACK \t\t\nSUIT AND TURBAN\t\t	2025-11-17 21:00:33.867475+00	2025-11-17 21:00:33.867475+00
a9a2d820-1651-46e7-84a2-aef1b49f3490	41d8104f-2e5b-4f1c-9ebc-6260cf6b65df	barat	WALIMA BROWN COAT DSN\t\t\nON BLACK CLOSE PRINCE COAT\t\t\nEMBELLISHMENT ON BAN \t\t\n& UPPER CHEST AND SHOULDERS\t\t\nWITH PANT	2025-11-17 20:40:15.709624+00	2025-11-17 20:40:15.709624+00
359d08d6-0457-46a1-a1c9-7af69dd78dea	40404163-9ad4-4994-a41f-6317ff41a08c	mehndi	NEW OLIVE GREEN OPEN JACKET \t\t\t\nSAME AS IT IS (CLR PENDING)\t\t\t\nWITH EMB SEQ SUIT AND SHOES\t\t\t\nCLR FROM CLIENT\t\t\t\n\t\t\t	2025-11-17 20:40:37.191147+00	2025-11-17 20:40:37.191147+00
eb82c351-22e1-4431-a0ca-6ca192a802f5	40404163-9ad4-4994-a41f-6317ff41a08c	barat	PEHLWANI POSHAK \t\t\nSAME AS IT IS \t\t\nWITH PLAIN SUIT AND SHOES\t\t\nTURBAN PENDING\t\t	2025-11-17 20:40:37.191147+00	2025-11-17 20:40:37.191147+00
b9056bbf-106f-44fa-9bc8-65e1b06646a8	b573e9bc-d314-4e0a-8e34-216bea63cdfd	other	MANUAL RECORD	2025-11-18 12:35:46.304899+00	2025-11-18 12:35:46.304899+00
8e5e5898-fabd-43cd-b94e-b5536edd41bf	bafe46ef-6777-4b06-af1d-afd270354c0c	barat	ITALIAN FABRIC BLACK CLR\t\t\n3PCS \t\t\nCOAT AMERICAN LAPEL\t\t\nWAISTCOAT DOUBLE BREST U DSN\t\t\nWITH OFFWHITE SHIRT AND TIE\t\t	2025-11-17 21:01:22.381745+00	2025-11-17 21:01:22.381745+00
e40c6546-51a9-468e-b07f-9ca97f2dadcf	bafe46ef-6777-4b06-af1d-afd270354c0c	wallima	ITALIAN FABRIC CHARCOAL GREY\t\t\t\n2PCS \t\t\t\nCOAT NORMAL LAPEL\t\t\t\nWITH OFFWHITE SHIRT AND TIE\t\t\t\nSHIRT HUGO BOSS\t\t\t\n\t\t\t	2025-11-17 21:01:22.381745+00	2025-11-17 21:01:22.381745+00
c2dbceb5-13c2-4941-ba48-7297735fa254	508f9460-e0f4-446f-9c4b-efe4417fa439	other	MANUAL	2025-11-18 12:36:11.857169+00	2025-11-18 12:36:11.857169+00
53462bd1-afe9-41fd-8d7c-eede89f54857	d9f86d8e-3ddf-4504-b12d-2c5b3a43a785	mehndi	MUSTARD DORI DSN\t\t\t\nSAME AS IT IS \t\t\t\nWITH PLAIN SUIT AND SHOES\t\t\t	2025-11-18 12:41:26.179118+00	2025-11-18 12:41:26.179118+00
716e4782-0f94-489b-9e8c-5da7f6cd6c16	d9f86d8e-3ddf-4504-b12d-2c5b3a43a785	barat	TAJDAR SHERWANI \t\t\nSAME AS IT IS \t\t\nWITH PLAIN SUIT AND SHOES\t\t\nTURBAN BLACK HSN\t\t\n\t\t	2025-11-18 12:41:26.179118+00	2025-11-18 12:41:26.179118+00
1cd82b6f-9aaf-4a32-a935-cadc60077793	d9f86d8e-3ddf-4504-b12d-2c5b3a43a785	wallima	SILVER NEW DSN \t\t\t\nON NAVY BLUE CLR \t\t\t\nAMERICAN LAPAL\t\t\t\nPLAIN SHIRT AND TIE \t\t	2025-11-18 12:41:26.179118+00	2025-11-18 12:41:26.179118+00
dd97401f-9358-4287-a25c-449297b57aad	0db71fcf-acc2-43c9-9480-701229ac8318	mehndi	SAME COLOR SAME DESIGN AS IT IS \nFARAZ MANAN\nCUTLINE SAME OR I HAVE OPTION TO CUSTOMISE IT ACCORDING TO BODY \nINNER SUIT PLAIN RA SILK\nAND EMBELLISHED SHOES\nEMBELLISHMENT FRONT BACK SLEEVES	2025-11-19 12:08:51.622213+00	2025-11-19 12:08:51.622213+00
313a25b5-f82a-4191-b15e-6be4033b374f	0db71fcf-acc2-43c9-9480-701229ac8318	barat	BARAT MIDNIGHT BLUE \nSAME AS PICTURE OF HSY \nEMBELLISHMENT FRONT BACK SLEEVES BAN\nTURBAN PLAIN  OPTION WE HAVE FOR SELF FABRIC\nAND EMBELLISHED SHOES	2025-11-19 12:08:51.622213+00	2025-11-19 12:08:51.622213+00
332bdbf3-ad74-4581-92e4-2fffe861159a	0db71fcf-acc2-43c9-9480-701229ac8318	wallima	AYUSHMAN COAT \nWALIMA BLACK COLOT \n2 PIECE \nPLEATED SHIRT AND BOW \n	2025-11-19 12:08:51.622213+00	2025-11-19 12:08:51.622213+00
8911af01-0b20-41d4-8652-1bd9b2770595	e48a13a4-5286-4ab6-9f9b-854cbe6bd931	other	EEMAN PANT COAT\nELAF COAT	2025-11-22 21:03:17.500369+00	2025-11-22 21:03:17.500369+00
ffcbd698-6383-4a65-83ef-590a28af1be5	ba1b87ab-4c34-4966-9549-80784ed0bf00	other	Mayon\t\t\nNEW GREEN DSN WAIST COAT\t\t\nWITH EMB SUIT AND SHOES\t\t\n\t\t	2025-11-22 21:04:02.079398+00	2025-11-22 21:04:02.079398+00
967d5787-f21a-486d-b2d4-c87346efac31	5f5f7d80-b82a-46c2-afe4-c9a7cf6fd31a	nikkah	IBRAHIM\t\t\nDESIGN SAME AS PINK NEW \t\t\nON SKIN Z COLOR \t\t\nWITH EMBROIDED SUIT \t\t\nWITHOUT SHOES \t\t	2025-11-17 21:05:33.095059+00	2025-11-17 21:05:33.095059+00
87042b44-06d1-429d-80f1-44d3d0e6ea56	40404163-9ad4-4994-a41f-6317ff41a08c	wallima	BLACK 2PC\t\t\t\nSAME AS HKC\t\t\t\nWITH PLEATED SHIRT AND BOW\t\t\t\nSILK LAPEL\t\t\t\nEMB 13 INCH\t\t\t	2025-11-17 20:40:37.191147+00	2025-11-17 20:40:37.191147+00
0ec94bee-e6dc-4d44-863a-cf02ace55f05	5f5f7d80-b82a-46c2-afe4-c9a7cf6fd31a	mehndi	PLUM COAT OPEN JACKET \t\t\t\nWITH BLACK INNER SUIT TR\t\t\t\nWITH EMBELLISHED SHOES \t\t\t	2025-11-17 21:05:33.095059+00	2025-11-17 21:05:33.095059+00
3d4ed27f-91da-4def-88dd-0fceda0b19cc	5f5f7d80-b82a-46c2-afe4-c9a7cf6fd31a	other	MAYON\nMUSTARD COLOR DORI\t\t\nDESIGN NEW MUNGIA DORI\t\t\nWITH MUSTARD INNER RA SILK SUIT\t\t\nEMBELLISHED SHOES\t\t	2025-11-17 21:05:33.095059+00	2025-11-17 21:05:33.095059+00
d6b386d0-8cca-4341-8c0c-2b38ec3b42dc	5f5f7d80-b82a-46c2-afe4-c9a7cf6fd31a	wallima	NAVY BLUE IMPORTED TR \t\t\t\nLT 10303 LOT A COLOR 7\t\t\t\nAMERICAN LAPEL \t\t\t\n2 PIECE \t\t\t\nWITH SHIRT AND ICE BLUE TIE\t\t\t	2025-11-17 21:05:33.095059+00	2025-11-17 21:05:33.095059+00
14a9919e-99a6-44c2-8cc1-48a94ab936f7	0205e1e2-f5e2-4f1f-98f7-4049c677a6ab	mehndi	SHERAWALA VELVET\t\t\t\nWITH EMB SAYYAM DSN SUIT \t\t\t\nAND SHOES ON NEW OLIVE GREEN \t\t\t\nWITHOUT GOTA \t\t\t	2025-11-18 11:07:21.207006+00	2025-11-18 11:07:21.207006+00
773db24c-8db9-4d6b-8474-dc87312efadd	0205e1e2-f5e2-4f1f-98f7-4049c677a6ab	barat	BLACK ANTIQUE DSN\t\t\nSAME AS IT IS\t\t\nWITH PLAIN SUIT AND SHOES\t\t\nTURBAN PENDING\t\t	2025-11-18 11:07:21.207006+00	2025-11-18 11:07:21.207006+00
b6170067-b3e3-4a34-81c3-13f33950f27a	0205e1e2-f5e2-4f1f-98f7-4049c677a6ab	wallima	PIC DSN EMBELLISHMENT\t\t\t\nON NAVY BLUE CLR ON INDIAN NAPEL\t\t\t\nWITH PLATED SHIRT BOW \t\t\t\nAND POCKET SQ\t\t\t\nEMBELLISHMENT 30% GREY 70% BLK\t\t\t	2025-11-18 11:07:21.207006+00	2025-11-18 11:07:21.207006+00
39bb60a0-c93e-4a22-9b27-105bef9e7965	997e880d-8c2b-44b3-93f9-5c6c5e5e7f50	mehndi	OPEN PRINCE COAT\t\t\t\nIN SEQ LINE DSN \t\t\t\nIN BLACK CLR \t\t\t\nWITH TR  SUIT \t\t\t\nNO SHOES\t\t\t	2025-11-17 20:41:26.652379+00	2025-11-17 20:41:26.652379+00
eaf8e06c-a037-42fd-bbdf-942f8f3e5bfb	997e880d-8c2b-44b3-93f9-5c6c5e5e7f50	barat	LT 038 LOT B CLR 6\t\t\n2 BUTTON COAT \t\t\nAMERICAN LAPEL \t\t	2025-11-17 20:41:26.652379+00	2025-11-17 20:41:26.652379+00
067e8059-8c45-4b80-a7e9-7bf00813d69b	061121a0-b6d4-4111-af68-5eccf0cbd500	nikkah	MK DSN IN OPEN BAN PRINCE COAT \nWITH OFF WHITE TR SUIT \nCOLOR REF FROM CLIENT	2025-11-29 14:03:44.278923+00	2025-11-29 14:03:44.278923+00
4a593bea-0e1e-464b-b2b8-af2de798aeb4	6f789bd2-215f-4e5a-8ddd-cac4d2df783a	barat	NEW ZC SHERWANI\t\t\nSAME AS IT IS \t\t\nWITH PLAIN SUIT, SHOES \t\t\nTURBAN PENDING\t\t\n\t\t\n\t\t	2025-11-18 12:18:30.696282+00	2025-11-18 12:18:30.696282+00
37fc61ad-9eeb-4264-bdd8-eb19a06215af	dc1e0ba9-98e1-40a2-b8e0-db64ea3c8604	wallima	BLACK 2PC \nAMERICAN LAPAL\nWITH PLAIN SHIRT AND TIE AND POCKET SQ	2025-11-18 12:37:18.969705+00	2025-11-18 12:37:18.969705+00
d1bccfd5-5cc5-4d07-8b57-eb9c41d38d80	8205d83a-576a-4eb4-b43c-224bfea1cde8	mehndi	SHERANWALA VELVET WITH PLAIN \t\t\t\nSUIT AND SHOES\t\t\t\nCOLOR NEW SUKHA MEHNDI \t\t\t\nWITHOUT VELVET PATCH ON \t\t\t\nOPEN PRINCE COAT\t\t\t\nLOOSE TROUSER ON MEHNDI\t\t\t	2025-11-18 12:53:51.543613+00	2025-11-18 12:53:51.543613+00
10d358f1-117d-4394-8dc8-641ce3ada3f2	bf210973-19fa-49da-ae13-910cec709f76	other	2 PANT COATS\n	2025-12-03 22:08:05.248874+00	2025-12-03 22:08:05.248874+00
8be6773c-1b07-47e1-bf48-ac62e84228fd	8205d83a-576a-4eb4-b43c-224bfea1cde8	barat	OFF WHITE SHERWANI ON ITALIAN FABRIC WITH \t\t\nITALIAN SUIT SHOES AND TURBAN\t\t\nBUTTONS ON TRIAL, TURBAN PENDING\t\t\nSHALWAR QAMEEZ ANTIQUE EMB ON BAN\t\t\nZOHAIB SHERWANI BAN DSN \t\t	2025-11-18 12:53:51.543613+00	2025-11-18 12:53:51.543613+00
f24207ab-f7c2-42dd-9375-e11f6e55c43c	8205d83a-576a-4eb4-b43c-224bfea1cde8	wallima	ITALIAN FABRIC 140S\t\t\t\nNAVY BLUE CLR \t\t\t\nDSN ON ZAIN WHATSAPP \t\t\t\nOFF WHITE SHIRT\t\t\t\nAND TIE \t\t\t	2025-11-18 12:53:51.543613+00	2025-11-18 12:53:51.543613+00
9257a961-15cf-4018-a876-82f24420eb79	d3099450-4f50-45bc-b356-a82d84a78b71	wallima	2PC BLACK IMP TR\nNOIR LUXE DSN \nAMERICAN LAPAL\nEMB ON UPPER CHEST & SLEEVES \nWITH OFF WHITE PLAIN SHIRT \nPANT RELAX FIT PIC ON WHATS APP	2025-11-22 12:13:05.868474+00	2025-11-22 12:13:05.868474+00
8ef0dc01-7e18-406c-9b04-c4fc7ed297e7	ba1b87ab-4c34-4966-9549-80784ed0bf00	mehndi	NEW BLUE OPEN PRINCE COAT \t\t\t\nWITH DIFF PATTERN \t\t\t\nWITH PLAIN SUIT AND SHOES\t\t\t	2025-11-22 21:04:02.079398+00	2025-11-22 21:04:02.079398+00
5c8b60a1-52a0-4e22-beba-5708e5cb7b34	ba1b87ab-4c34-4966-9549-80784ed0bf00	barat	NEW BESPOKE SHERWANI\t\t\nEMB FRONT, SLEEVES AND BAN\t\t\nWITH PLAIN SUIT AND EMB SHOES\t\t\nTURBAN HSN PLAIN\t\n\nEMBROIDERY SHAWL\n2 KIDS TURBAN\t\n\t\t\t\t	2025-11-22 21:04:02.079398+00	2025-11-22 21:04:02.079398+00
8718f184-204e-427e-96c5-f99270e77e9a	ba1b87ab-4c34-4966-9549-80784ed0bf00	wallima	2 PIECE COAT, AMERICAN LAPEL \nPICTURE DESIGN ON WATSAPP\n\t\t\t	2025-11-22 21:04:02.079398+00	2025-11-22 21:04:02.079398+00
ef6cc319-b7e8-40c1-a16b-49b7ab8e995a	c91056db-fdd4-4721-ab3b-026675e5e56b	wallima	HK DSN EMB ON UPPER CHEST AND SELEVES SILK ON INDIAN LAPEL WITH PLEATED SHIRT AND BOW 	2025-11-24 13:31:17.145603+00	2025-11-24 13:31:17.145603+00
831265a1-fbbc-4150-bef7-f3402358deb4	2d5a9a18-842e-41df-92e5-0b9b69e6aa64	nikkah	NIKKAH \nSKIN SUIT TR WITH BAN OPEN WAIST COAT \nEMBELLISHMENT PISTA WAIST COAT \nBOOTI REPLACED WITH SMALL BOOTI	2025-12-06 09:18:49.924865+00	2025-12-06 09:18:49.924865+00
4fe9915b-051f-44ba-ae97-2788522ecbde	2d5a9a18-842e-41df-92e5-0b9b69e6aa64	mehndi	MEHNDI \nMUSTARD GREEN NEW COLOR \nEMB BALMAIN SONICA CUSTOMISED IN LIGTH EMB \nSUIT RAW SILK 	2025-12-06 09:18:49.924865+00	2025-12-06 09:18:49.924865+00
b8d26f6b-d522-46b7-b4f2-b5e7d2e75dcb	2d5a9a18-842e-41df-92e5-0b9b69e6aa64	barat	BARAT \nNAVY BLUE SHERWANI TR \nEMB NEW BLACK COAT LAHORE SHOOT \nBAN AND SLEEVES ON CUFF AREA 	2025-12-06 09:18:49.924865+00	2025-12-06 09:18:49.924865+00
5ccfcd05-0657-4b4f-ade7-9743ed18e2cd	9fc7dd4c-ea2b-4a1e-9ce3-c453344b6502	other	MANUAL	2025-11-17 21:07:23.354427+00	2025-11-17 21:07:23.354427+00
81440d76-6334-4786-ac06-d69a8954aa79	2d5a9a18-842e-41df-92e5-0b9b69e6aa64	wallima	WALIMA \nGREEN COLOR NOMAN IJAZ \nSAME STITCHING STYLE \nOFF WHITE SHIRT AND TIE	2025-12-06 09:18:49.924865+00	2025-12-06 09:18:49.924865+00
964b6555-f7cc-427e-9f6f-aa3e4ef62dae	72974b6f-fc69-49af-b02c-dde30673e0f2	mehndi	SHERANWALA VELVET COLOR \t\t\t\nNEW BOTTLE GREEN F DSN\t\t\t\nWITH SEQ EMB SUIT AND SHOES\t\t\t	2025-11-17 21:07:57.371463+00	2025-11-17 21:07:57.371463+00
4a151d37-21d6-4a5f-a349-d37e253927b3	72974b6f-fc69-49af-b02c-dde30673e0f2	barat	NEW BLACK ANTIQUE\t\t\nSHERWANI WITH BLACK SUIT \t\t\nSHOES AND TURBAN\t\t\n\t\t	2025-11-17 21:07:57.371463+00	2025-11-17 21:07:57.371463+00
b781a420-379d-4531-a083-8a44244df55a	72974b6f-fc69-49af-b02c-dde30673e0f2	wallima	NAVY BLUE 2 PIECE TUXEDO\t\t\t\nEMB DSN WHATSAPP PIC\t\t\t\nWITH PLEATED SHIRT AND BOW\t\t\t	2025-11-17 21:07:57.371463+00	2025-11-17 21:07:57.371463+00
e2984869-b191-436b-b855-480bd75e7b50	38e728dd-b176-444a-9180-976b32b3c318	nikkah	Nikkah 5TH AUG\t\t\nPOWDER PINK DSN ON OPEN JACKET\t\t\nWAISTCOAT OFFWHITE CLR\t\t\nEMB 50% OFFWHITE 50% GOLD\t\t\n EMBROIDERED SUIT OFFWHITE \t\t\nKURTA VERSACE DSN\t\t\nANOTHER MEHNDI SUIT ADDED	2025-11-25 14:12:46.569532+00	2025-11-25 14:12:46.569532+00
a658c2c8-af47-4c53-ba07-1878e6655e19	38e728dd-b176-444a-9180-976b32b3c318	mehndi	NEW WAISTCOAT DSN \t\t\t\nON OPEN JACKET \t\t\t\nWITH SUIT AND SHOES\t\t\t	2025-11-25 14:12:46.569532+00	2025-11-25 14:12:46.569532+00
1d54765b-187e-40f3-b765-19d06600d9e1	38e728dd-b176-444a-9180-976b32b3c318	barat	NEW OFFWHITE SHERWANI \t\t\nON ZD CLR \t\t\nWITH SUIT SHOES AND \t\t\nTURBAN \t\t	2025-11-25 14:12:46.569532+00	2025-11-25 14:12:46.569532+00
010cab5d-b8d7-4949-99eb-69a7ac93709a	38e728dd-b176-444a-9180-976b32b3c318	wallima	BLACK TEXIDO \t\t\t\nHJ DSN EMB ON LEPEL \t\t\t\nPLATED SHIRT AND SQ BOW\t\t\t	2025-11-25 14:12:46.569532+00	2025-11-25 14:12:46.569532+00
24b73a19-2e5e-4901-bc8d-21aa0be8592e	8d0519bf-7dcb-4240-a514-2a05cc8614ab	nikkah	NIKKAH 25 OCT\t\t\nSAYM DESN WAISTCOAT\t\t\nWITH WASH N WEAR SUIT\t\t\nCOLLOR OFF WHITE BOSKI\t\t	2025-11-25 14:13:29.410373+00	2025-11-25 14:13:29.410373+00
a0a9f3d3-2ae1-4c1b-be70-c398742890d3	8d0519bf-7dcb-4240-a514-2a05cc8614ab	mehndi	NEW MEHNDI WAISTCOAT DESIGN \t\t\t\nIN OPEN JACKET WITHOUT BAN \t\t\t\nWITH SUIT AND SHOES \t\t\t\nCOLOR THREAD COLOR PINK\t\t\t\nWITHOUT BORDERS \t	2025-11-25 14:13:29.410373+00	2025-11-25 14:13:29.410373+00
45f832f5-1acf-44b8-8106-c8d75df9f1dc	8d0519bf-7dcb-4240-a514-2a05cc8614ab	barat	NEW ZC DESIGN\t\t\nAS ITS SHERWANI \t\t\nINNER SUIT SHOES \t\t\nCOLOR BASIT SHERWANI\t	2025-11-25 14:13:29.410373+00	2025-11-25 14:13:29.410373+00
f931bec0-cfed-41e4-a77a-8358e12856a8	8d0519bf-7dcb-4240-a514-2a05cc8614ab	wallima	NEW BLUE COAT SILK LAPEL\t\t\t\nBLACK ON BLACK \t\t\t\nWITH TUXEDO SHIRT AND SEQ BOW\t\t\n\t\t\t	2025-11-25 14:13:29.410373+00	2025-11-25 14:13:29.410373+00
58e272a7-2125-4061-8131-160ad2cb55ea	7fa37438-b485-4292-b221-9ad2cb439f4f	other	ONE WALIMA ITALIAN \nSIGNATURE COAT WHITE\nEMBELLISHMENT ON UPPER CHEST AND SAME SLEEVES\nWITH BLACK PANT AND PLEATED OFF WHITE SHIRT\nWITH SEQUENCED BOW	2025-12-01 15:46:47.237279+00	2025-12-01 15:46:47.237279+00
4e2bab2d-f466-485d-9c6d-d5624fb041ef	1d7f1c09-a73d-4403-beb4-1d56ce3a8f92	mehndi	MUSTARD ANCHOR COLOR\t\t\t\nDSN GREEN NEW OPEN PRINCE COAT\t\t\t\nWITH PLAIN SUIT AND SHOES\t\t\t	2025-12-03 22:12:19.023414+00	2025-12-03 22:12:19.023414+00
6f8e371a-1fe0-46e5-9bac-dd0704e07f95	1d7f1c09-a73d-4403-beb4-1d56ce3a8f92	barat	BLACK ON BLACK NEW SHERWANI \t\t\nWITH PLAIN SUIT AND SHOES\t\t\nTURBAN PENDING\t\t	2025-12-03 22:12:19.023414+00	2025-12-03 22:12:19.023414+00
e05341f8-fe73-41da-b722-3b29c60b706a	06bb4ed1-d071-4a72-9238-0b3f1a5c0375	other	SHABALA MEHNDI SUIT	2025-12-04 15:17:35.582009+00	2025-12-04 15:17:35.582009+00
29715f1f-0fa5-493e-b09f-55fa7d3fa142	14d33165-0e80-45b0-9234-1f55931bc7e9	wallima	5 PANT COATS \nNOMAN IJAZ GREEN COAT DESIGN SAME LAPEL\nCOLOR BROWN SAMPLE \nWITH SHIRT AND TIE	2025-12-06 09:49:19.80965+00	2025-12-06 09:49:19.80965+00
20d8da9e-5bf3-40ed-9552-b800633b63ba	38852765-172b-47d0-a056-45916a80cebb	mehndi	NEW SUKHA MEHNDI DSN \t\t\t\nON BOTTLE GREEN CLR WITH\t\t\t\nPLAIN SUIT AND SHOES\t\t\t\n\t\t\t	2025-11-18 12:07:40.33449+00	2025-11-18 12:07:40.33449+00
9fa71d8c-5c7e-4e95-9a31-251670bf18d4	38852765-172b-47d0-a056-45916a80cebb	barat	BLUE SHERWANI DSN \t\t\nON BLACK CLR SAME AS IT IS \t\t\nWITH SUIT SHOES AND TURBAN\t\t\nTURBAN PENDING\t	2025-11-18 12:07:40.33449+00	2025-11-18 12:07:40.33449+00
87474558-131d-463b-af10-51e8ff342f19	38852765-172b-47d0-a056-45916a80cebb	wallima	HK DSN EMB ON RIGHT UPPER SLEEVES\t\t\t\nFRONT AND LEFT DOWN FRONT\t\t\t\nLAPEL SAME AS IT IS\t\t\t\nON NAVY BLUE CLR\t\t\t\n3PCS U DSN DOUBLE BREST W.COAT\t\t\t\nWITH PALTED SHIRT AND SQ BOW\t\t\t	2025-11-18 12:07:40.33449+00	2025-11-18 12:07:40.33449+00
32314a3a-f07c-4fd5-920f-286a0e1dd9af	7f3f22a6-a7d5-443c-84cc-14dc1a8563bd	barat	NEW ZC SHERWANI \t\t\nBLACK ON BLACK\t\t\nWITH PLAIN SUIT & SHOES \t\t\nTURBAN PENDING\t\t	2025-11-18 12:33:25.235491+00	2025-11-18 12:33:25.235491+00
ade73bf5-2ef9-454a-a166-0b078234c48a	77790ff1-a2f1-4e2f-a0ec-446d064b3a2b	wallima	2 PCs PENT COAT\t\t\t\nWITH OFFWHITE TUBO SHIRT\t\t\t\nWITH TIE & POCKET SQUARE\t\t\t\nLT # 038 LOT # B\t\t\t\nCOLOR 3\t\t\t	2025-11-17 20:41:53.951696+00	2025-11-17 20:41:53.951696+00
b7fbf994-90c0-484b-b837-5e68f81cd0cc	0e6b0142-6ff4-4a7f-a816-b45030731631	barat	NEW SKIN EMB SHERWANI \t\t\nSAME AS IT IS \t\t\nWITH PLAIN SUIT \t\t\nSHOES &TURBAN \t\t\nSHOES DSN SAME AS ZINC SHOES\t\t	2025-11-18 12:38:03.06245+00	2025-11-18 12:38:03.06245+00
34c74753-091b-4e09-913a-588b44ef416b	be05b835-4149-4376-9eda-b197cbc31e62	nikkah	Nikkah 15TH NOV\t\t\nSEQ LINE OPEN LONG PRINCE COAT \t\t\nPLAIN BACK\t\t\nWITH INNER SUIT \t\t\nSEROSKI FRONT AND SLEEVES\t\t\nSKIN CLR SWATCH\t\t	2025-11-18 12:38:35.787774+00	2025-11-18 12:38:35.787774+00
0279b6e4-08ff-4b8b-82e9-b3cb9b5e562e	be05b835-4149-4376-9eda-b197cbc31e62	mehndi	NEW F DSN GREEN JACKET\t\t\t\nIN DARK MUSTARD CLR \t\t\t\nWITH PLAIN SUIT AND SHOES\t\t\t	2025-11-18 12:38:35.787774+00	2025-11-18 12:38:35.787774+00
eac426ea-ccc1-4a4d-aa9e-fc8976aa6bc6	2c109569-cf67-49ce-b1eb-8f44c635d1c6	mehndi	ANCHOR BORDER DSN ON \t\t\t\nOPEN WAISTCOAT \t\t\t\nWITH SUIT \t\t\t\nNEW OPEN JACKET COLOR\t\t\t	2025-11-17 21:08:41.030094+00	2025-11-17 21:08:41.030094+00
3bf09bd8-0475-4efd-aa7c-8f355b7aa00e	2c109569-cf67-49ce-b1eb-8f44c635d1c6	barat	BLOCK DSN ON PRINCE COAT\t\t\nCHARCOAL GREY CLR\t\t\nWITH SUIT\t\t\nCOLOR NO 5 LT 10303 LOT A \t\t\nWITH SILVER BUTTONS\t\t	2025-11-17 21:08:41.030094+00	2025-11-17 21:08:41.030094+00
2723cd27-02b5-4bc8-8062-36dfaedb9dfa	2c109569-cf67-49ce-b1eb-8f44c635d1c6	other	ASIF ( UNCLE )\t\t\t\nBLOCK DSN ON PRINCE COAT\t\t\t\nCHARCOAL GREY CLR\t\t\t\nWITH SUIT \t\t\t\nCOLOR NO 5 LT 10303 LOT A\t\t\t\nWITH SILVER BUTTONS\t\t\t	2025-11-17 21:08:41.030094+00	2025-11-17 21:08:41.030094+00
2de6e232-000b-4c15-b6f4-c396271b1c2b	be05b835-4149-4376-9eda-b197cbc31e62	barat	ZIGZAG LINES SHERWANI \t\t\nROSE GOLD CLR \t\t\nWITH SUIT, SHOES AND TURBAN\t\t\nPAGRI DSN\t\t	2025-11-18 12:38:35.787774+00	2025-11-18 12:38:35.787774+00
36b1bf11-0fc1-4d18-8345-c0de8937a91d	be05b835-4149-4376-9eda-b197cbc31e62	wallima	3PC IN NAVY BLUE TR\t\t\t\nWITH PLAIN SHIRT AND TIE\t\t\t\nCOAT AMERICAN LAPAL\t\t\t\nDOUBLE BREASTED WAIST COAT\t\t\t	2025-11-18 12:38:35.787774+00	2025-11-18 12:38:35.787774+00
e4c6caad-0caf-4796-a519-82beba1b2918	69cae7bc-b329-4473-96ba-5ed12531b308	mehndi	OFF WHITE NEW MK DSN \t\t\t\nCOAT CLR (MAROON THREAD)\t\t\t\nWITH RAW SILK PLAIN SUIT SKIN CLR\t\t\t\nRASHID SAAB SHALWAR\t\t\t\n2 SHOES\t\t\t	2025-11-18 12:40:02.518915+00	2025-11-18 12:40:02.518915+00
8bb1cc7e-8fc6-4d05-8c79-fa5b86803c52	69cae7bc-b329-4473-96ba-5ed12531b308	barat	BLACK NEW EMB DSN ON\t\t\nCLOSED PRINCE COAT \t\t\nSEROSKI ON COAT \t\t\nEMB ON BAN\t\t\nWITH 2 PENT\t\t\nZAHID SB SHALWAR QAMEEZ\t\n\t\nRASHID SAAB PANT PENDIND\t\t	2025-11-18 12:40:02.518915+00	2025-11-18 12:40:02.518915+00
077daa24-3c06-4d31-96f3-a4c13022955b	69cae7bc-b329-4473-96ba-5ed12531b308	wallima	SAYYAM DSN SELF NAVY BLUE CLR\t\t\t\nAMERICAN SILK LAPAL COAT\t\t\t\nWITH BLACK PANT\t\t\t\nPLEATED SHIRT WITH BOW\t\t\t\n\t\t\t	2025-11-18 12:40:02.518915+00	2025-11-18 12:40:02.518915+00
cc2d5a62-f3db-4d72-86e2-535644103374	812c9c74-460b-4d18-912b-083c3aff3862	other	PANT COAT	2025-11-18 11:59:38.031095+00	2025-11-18 11:59:38.031095+00
0e4c0cb4-a622-4299-bd99-7f77ff91479d	bb761892-1714-4007-a293-14e8b6cb38b2	other	MOHID NIKKAH SUIT AND COAT \nDESIGN NEW MUSTARD GREEN BAN PRINCE COAT IN SKIN COLOR	2025-11-18 12:00:24.54519+00	2025-11-18 12:00:24.54519+00
7cf806c6-1c7c-415a-b66d-b21f10d80fcb	69cae7bc-b329-4473-96ba-5ed12531b308	other	ZAHID SAHAB\t\t\nAHMAD\t\t\nMUHAMMAD HASSAN\t\t\n\t\t\n\t\t	2025-11-18 12:40:02.518915+00	2025-11-18 12:40:02.518915+00
578d5210-8f03-4be7-8ed7-5bfd085a59a3	c397149f-9f92-4478-8b7f-28b394753e39	nikkah	Nikkah 5TH DEC\t\t\nZINC EMB WAISTCOAT SAME \t\t\nWITH PLAIN SUIT\t\t	2025-11-18 12:54:25.975976+00	2025-11-18 12:54:25.975976+00
654047d1-9928-4b87-8988-dabdc22e2309	c397149f-9f92-4478-8b7f-28b394753e39	mehndi	BOTTLE GREEN SEQ LINE \t\t\t\nPRINCE COAT WITH SUIT\t\t\t\n\t\t\t	2025-11-18 12:54:25.975976+00	2025-11-18 12:54:25.975976+00
d635eb46-3b13-4a47-9926-b65ec5996c85	c397149f-9f92-4478-8b7f-28b394753e39	barat	BLACK PRINCE COAT IN MAROON CLR \t\t\nPRINCE COAT AND PENT \t\t\nPOCKET MOTIVE BLUE WAIST COAT \t\t\nBAN EMB	2025-11-18 12:54:25.975976+00	2025-11-18 12:54:25.975976+00
9c5fe26a-36c5-4cf7-9011-10b673eca9a8	894b09f5-ec22-4074-b799-5d51cf0dd544	mehndi	SHERWANI WITH INNER SUIT, SHOES \t\t\t\n&TURBAN\t\t\t\nCLR AND DSN REF \t\t\t\nON WHATSAPP\t\t\t\n\t\t\t	2025-11-04 12:47:00.553583+00	2025-11-04 12:47:00.553583+00
942fce78-6d20-4e1d-a283-660006551242	ac4c0655-e060-4847-b4a4-29205da4707f	mehndi	POWDER PINK OSTRICH DSN\t\t\t\nIN OPEN PRINCE COAT RAWSILK\t\t\t\nON ZINC CLR \t\t\t\nSLEEVES SAME AS IT IS\t\t\t\nWITH OFF WHITE TR SUIT\t\t\t\nWITHOUT SHOES\t\t\t	2025-11-18 12:55:09.508424+00	2025-11-18 12:55:09.508424+00
3c6fdbe8-772f-4b13-8ae9-a918a80c62bd	ae5c369b-6388-43f6-8c34-25bf72bd19b5	mehndi	SHERAWALA VELVET WITH PLAIN SUIT & SHOES	2025-11-22 12:22:18.677352+00	2025-11-22 12:22:18.677352+00
5341a94c-f8ff-47b8-9d5d-e1a6233df8db	d501a52e-d215-4d96-afcb-6e808d4c682b	wallima	LT10303 LOT B CLR6 (CHARCOAL GRAY) IMP TR\n3PC COAT LAPAL AMERICAN\nDOUBLE BREASTED WAISTCOAT LAPAL\nWITH PLAIN SHIRT AND TIE	2025-11-05 12:23:53.719883+00	2025-11-05 12:23:53.719883+00
26813cd9-06d1-4041-8777-f2852bc2f730	84ec2eda-cce0-44a3-91eb-2e9e2eb8f72e	barat	PEHLWANI POSHAK IN ZC COLOR SAME AS IT IS\nWITH PLAIN SUIT, SHOES & TURBAN\nTURBAN PLAIN HSN SAME CLR	2025-11-23 10:00:47.444771+00	2025-11-23 10:00:47.444771+00
6a950c60-bfec-460f-afe5-67568dcef92d	6438f658-8373-4f01-b87a-1282963e12be	other	CHARCOAL GREY 3PC\nCOAT LAPAL AMERICAN\nDOUBLE BREASTED WAISTCOAT LAPAL\nWITH OFF WHITE PLAIN SHIRT	2025-11-25 14:26:59.054866+00	2025-11-25 14:26:59.054866+00
db44455c-657d-435b-ac13-86709c5e0d97	15f5c2b5-fd18-4c1a-adad-2bf1cc627fc3	nikkah	OFF WHITE DUBAI SHOOT SAME AS IT IS\nWITH SUIT NO SHOES PLAIN SUIT 	2025-11-17 20:37:11.602463+00	2025-11-17 20:37:11.602463+00
44bd973c-c4c4-4e16-a229-f5efde9fbdf7	15f5c2b5-fd18-4c1a-adad-2bf1cc627fc3	wallima	BLACK ITALIAN FABRIC \nSPIDER DESIGN EMB ON UPPER CHEST\nAND SHOULDER INDIAN LAPEL \nBLACK 70 % AND MULTI 30 %	2025-11-17 20:37:11.602463+00	2025-11-17 20:37:11.602463+00
24c0c2d1-b917-4456-9568-bf4d11816380	85c7ee8e-0856-4e38-8478-9651a4aefcae	mehndi	NEW BLUE PRINCE COAT DSN\t\t\t\nOPEN PRINCE COAT\t\t\t\nWITH PLAIN SUIT, SHOES\t\t\t	2025-11-17 20:37:51.226764+00	2025-11-17 20:37:51.226764+00
904144e7-dc4f-44bd-a890-650c1a07ccc3	167bd157-7439-4112-b0b8-8075f3fd9de8	mehndi	NEW MK DSN ONLY MOTIVE IN SUKHA MEHNDI CLR WITH EMB SUIT AND SHOES	2025-11-18 12:08:32.295037+00	2025-11-18 12:08:32.295037+00
b37cba08-5e30-41d9-9c7b-007c78d97773	167bd157-7439-4112-b0b8-8075f3fd9de8	barat	FABRIC FROM CLIENT OFF WHITE CLR\nONLY STITCHING WITH PLAIN SUIT AND SHOES\nTURBAN OFF WHITE HSN WITH BROTCH & FEATHER 	2025-11-18 12:08:32.295037+00	2025-11-18 12:08:32.295037+00
64a46b85-0fb1-46ec-abfb-d49b8fa44740	167bd157-7439-4112-b0b8-8075f3fd9de8	wallima	2PC MIDNIGHT BLUE CLR\nHJ DSN EMB ON LAPAL \nWITH OFF WHITE PLEATED SHIRT & SEQ BOW\n	2025-11-18 12:08:32.295037+00	2025-11-18 12:08:32.295037+00
d1306a13-4be2-491b-8da0-63cfcdbb122d	49974bee-454f-46c7-8c87-611e82b0eaab	mehndi	KARANDI LINE WAISTCOAT WITH ITALIAN SUIT IN SKIN CLR	2025-11-18 12:34:31.808481+00	2025-11-18 12:34:31.808481+00
fdf09469-d792-4d67-af61-497fa21233ed	49974bee-454f-46c7-8c87-611e82b0eaab	barat	CREAM CLR PRINCE COAT WITH INNER SUIT	2025-11-18 12:34:31.808481+00	2025-11-18 12:34:31.808481+00
ffe111cf-f956-414b-a0f7-19160e63028b	49974bee-454f-46c7-8c87-611e82b0eaab	wallima	NAVY BLUE 2 BUTTON COAT WITH SHALWAR QAMEEZ	2025-11-18 12:34:31.808481+00	2025-11-18 12:34:31.808481+00
15f2306b-11d5-4292-9b00-2bf0f2e515c6	413e4b6e-5fc2-43a1-9013-e2df545f354e	mehndi	NEW MONGIA DSN SAME AS \t\t\t\nIT WITHOUT LAST BORDER\t\t\t\nWITH SUIT, NO SHOES\t\t	2025-11-17 20:42:22.035705+00	2025-11-17 20:42:22.035705+00
c131af9a-74fc-4ff4-b5cb-05e8cb83d388	805c0bf2-b436-48e9-bac4-cfbbfe60b6aa	mehndi	PLUM OPEN JACKET DSN\t\t\t\nWITH BLACK WASH N WEAR SUIT \t\t\t\nAND SHOES \t\t\t\nSAME AS IT IS\t\t\t	2025-11-18 12:39:37.874453+00	2025-11-18 12:39:37.874453+00
649dba64-a3a4-4b96-811f-a2b2d9cd9100	805c0bf2-b436-48e9-bac4-cfbbfe60b6aa	barat	NEW ZC DSN SAME AS IT IS \t\t\nWITH SUIT SHOES \t\t\nTURBAN PENDING\t\t\n\t\t	2025-11-18 12:39:37.874453+00	2025-11-18 12:39:37.874453+00
5df9b004-e476-47f6-b91b-41a9fb2e4622	805c0bf2-b436-48e9-bac4-cfbbfe60b6aa	wallima	BLACK ITALIAN \t\t\t\nGREY NEW DSN (CIRCLE MOTIFS)\t\t\t\nWITH PLEATED SHIRT AND BOW\t\t\t\n\t\t\t	2025-11-18 12:39:37.874453+00	2025-11-18 12:39:37.874453+00
5f8d389c-b9e0-4a23-9351-f03ff9e5da5d	9cc26631-0953-4ac2-9555-9d63b33fb987	other	MOHID COAT 23000\n4 SUIT STITCHING\n2 SUITS FABRIC 17200\nHAMZA VICKY INAM UNCLE\n4 COATS\n1 SUIT \n3 SUITS FABRIC	2025-11-18 13:08:18.191796+00	2025-11-18 13:08:18.191796+00
166d4b8a-8291-48a1-98d6-fc2a0963d6dd	413e4b6e-5fc2-43a1-9013-e2df545f354e	wallima	NEW BROWN ARE 2 PIECE\t\t\t\nWITH SHIRT, TIE & POCKET SQUARE\t\t\t\nWITH EXTRA BLACK PANT\t\t\t\n\t\t\t	2025-11-17 20:42:22.035705+00	2025-11-17 20:42:22.035705+00
9474efe1-1301-4531-8740-93346e6d612b	00ee4988-2414-4b6a-8801-015896824c95	other	TOTAL ARTCLES 36 MANUAL RECORD	2025-12-03 18:42:34.493163+00	2025-12-03 18:42:34.493163+00
f3bc9a2b-9535-4b40-8cd7-203bd4c557ce	9752100d-0632-42f3-941c-f4d5b45b7ced	mehndi	NEW BLUE DSN OPEN COAT\t\t\t\nIN BOTTLE GREEN COLOR\t\t\t\nWITH ANTIQUE EMBELLISHMENT\t\t\t\nWITH PLAIN SUIT & SHOES\t\t\t	2025-12-03 18:43:08.543743+00	2025-12-03 18:43:08.543743+00
92cda9b6-7b35-4040-8693-8328d7f2aa33	f357a7c4-919d-47d4-a046-abd7411bef1d	other	ENGAGEMENT\t\t\t\nBLACK JET ITALIAN\t\t\t\nAMERICAN LAPAL\t\t\t\nLAPAL SILK\t\t\t\nEMB ON SLEEVES AND BACK\t\t\t\nVIDEO REF\t\t\t\nPLEATED SHIRT REF PIC\t\t\t\n\t\t\t\nEMB DSN \t\t\t\nNEW NAVY BLUE DSN \t\t\t\nALL IN ZERO SIZE\t\t\t	2025-11-17 20:42:42.06537+00	2025-11-17 20:42:42.06537+00
379971fc-a5f8-438e-b68b-5a4e2091c091	f8d8e863-72a1-4e0d-9625-8d2e4e715548	other	BILAL\t\t\nUMER\t\t\nAZAM\t\t\nFAROOQ\t\t\nZIA UR REHMAN\t\t	2025-12-03 22:12:45.679352+00	2025-12-03 22:12:45.679352+00
684def7d-f587-4dd6-b899-73b88b2e6dec	f8d8e863-72a1-4e0d-9625-8d2e4e715548	mehndi	OPEN WAIST COAT\t\t\t\nEMB FRONT AND BAN\t\t\t\nCLR FROM CLIENT\t\t\t\nWITHOUT SUIT\t\t	2025-12-03 22:12:45.679352+00	2025-12-03 22:12:45.679352+00
66bb1231-1a7a-45da-a0fa-1baa45819827	f8d8e863-72a1-4e0d-9625-8d2e4e715548	barat	BLACK SHERWANI\t\t\nON TR FABRIC \t\t\nEMB CHEST, SLEEVES AND BAN\t\t\nWITH PANT\t\t	2025-12-03 22:12:45.679352+00	2025-12-03 22:12:45.679352+00
1df08b4a-b424-4682-b34a-d92797930b98	43ccc8ef-a034-46f5-ba89-7cc35f4fda0f	mehndi	OLIVE GREEN FLOWER DSN \t\t\t\nNO FLOWER ON ARMS\t\t\t\nFRONT FLOWER WITH THE SAME \t\t\t\nFRONT EMBLISHMENT\t\t\t\nWITH PLAIN SUIT AND SHOES\t\t\t	2025-11-17 20:43:18.047669+00	2025-11-17 20:43:18.047669+00
495e5f73-884d-4ad7-aba0-8e66e21e8332	43ccc8ef-a034-46f5-ba89-7cc35f4fda0f	barat	TAJDAR SHERWANI WITHOUT \t\t\nFLORALS REF DSN AHSAN TARIQ\t\t\nWITH SUIT SHOES AND TURBAN \t\t\nTURBAN AND SHOES PENDING\t\t	2025-11-17 20:43:18.047669+00	2025-11-17 20:43:18.047669+00
5cc4c46e-208d-491c-b191-aa097c288e3c	f8d8e863-72a1-4e0d-9625-8d2e4e715548	wallima	WHITE COAT \t\t\t\nAMERICAN LAPAL\t\t\t\nWITH BLACK PANT \t	2025-12-03 22:12:45.679352+00	2025-12-03 22:12:45.679352+00
a8a680df-2ba1-4728-bc27-ea81692864b9	3881c0a5-45b1-488f-ba48-68c277b43163	other	WHITE COAT WITH BLACK PANT	2025-12-04 23:03:25.677582+00	2025-12-04 23:03:25.677582+00
c5030a59-a966-4e76-915d-8efa1a213377	43f8792f-1a4c-4cf4-b507-d08e96ce4171	barat	ANTIQUE DSN SHERWANI\t\t\nWITH SUIT, SHOES\t\t\n& PAGRI TURBAN\t\t\n\t\t	2025-12-08 21:12:25.341539+00	2025-12-08 21:12:25.341539+00
eedf34d5-4bea-4fec-9a91-b463640bb4f9	43f8792f-1a4c-4cf4-b507-d08e96ce4171	wallima	 NEW BLUE DSN COAT\t\t\t\nPLEATS SHIRT WITH BOW\t\t\t\n\t\t\t\n\t\t\t	2025-12-08 21:12:25.341539+00	2025-12-08 21:12:25.341539+00
2ae02878-8cc0-448a-bad8-179f18972c92	c84447b4-d0ea-44e6-a182-934c700e0dbe	other	UNCLE ATIF COAT \nAHMED COAT\n2 SUITS FABRIC \nNAVY BLUE \n\nMOHID SET NIKKAH\n	2025-11-17 20:56:04.122416+00	2025-11-17 20:56:04.122416+00
5daf70fc-1f30-4b52-a687-7051185f76b8	50e84559-282c-4165-a575-c30fd1917962	mehndi	NEW WAISTCOAT DSN ON OPEN \t\t\t\nJACKET WITH EMB SUIT AND SHOES\t\t\t\nEMB DSN SAMPLE\t\t\t\n\t\t\t	2025-11-22 20:58:39.115652+00	2025-11-22 20:58:39.115652+00
687198ba-3973-45a0-a339-950401afeaf7	50e84559-282c-4165-a575-c30fd1917962	barat	OFFWHITE SHERWANI SAME \t\t\nWITHOUT LAST BORDER \t\t\nWITH SHOES SUIT AND TURBAN \t\t\nTURBAN PENDING\t	2025-11-22 20:58:39.115652+00	2025-11-22 20:58:39.115652+00
a428c3ef-b32f-463d-912f-0ff41ba260cc	ac05b210-81a0-4aaa-b947-504fd48c0754	mehndi	SHERAWALA VELVET \t\t\t\nSAME AS IT IS \t\t\t\nWITH EMB SUIT AND SHOES\t\t\t\n\t\t\t\n(SHOULDER PICTURE ON WHATSAPP)\t\t\t\n\t\t\t	2025-11-25 14:11:04.544709+00	2025-11-25 14:11:04.544709+00
11f6c32a-0a10-4bf2-81e5-811088a827f6	08bffa47-9ea5-44ee-8ea1-4cc71500503b	mehndi	SHERAWALA VELVET SAME\t\t\t\nWITH EMB SUIT AND SHOES\t\t\t\nCOAT (USE DABKA)\t\t\t\n\t\t\t\nRS 160,000/-\t\t\t	2025-11-25 20:13:50.501171+00	2025-11-25 20:13:50.501171+00
f2e09e40-68db-47a6-a53f-8737fda8d210	08bffa47-9ea5-44ee-8ea1-4cc71500503b	barat	OFF-WHITE  ANCHOR SHERWANI\t\t\nWITH PLAIN SUIT AND SHOES\t\t\n\t\t\nRS 180000/-\t\t\n\t\t	2025-11-25 20:13:50.501171+00	2025-11-25 20:13:50.501171+00
132792ff-b457-4822-9d58-9cb81eb99069	46e94509-ad3d-4d09-b3a0-85c2cd5b9bc5	wallima	LT038 LOTB CLR4\nVELVET ZINC COAT\nWITH BLACK PANT\nBLACK PLEATED SHIRT & BOW\n(SHIRT AND COAT DSN ON WHATS APP )	2025-11-29 09:24:00.709762+00	2025-11-29 09:24:00.709762+00
3cf46f6a-3b5c-447d-981c-2aad71093705	85c7ee8e-0856-4e38-8478-9651a4aefcae	barat	NEW BLACK ANTIQUE SHERWANI\t\t\nWITH PLAIN SUIT, SHOES & TURBAN\t\t\nTURBAN PENDING\t\t	2025-11-17 20:37:51.226764+00	2025-11-17 20:37:51.226764+00
ee1a3f05-4463-4da0-b038-5d1c7095ad03	85c7ee8e-0856-4e38-8478-9651a4aefcae	wallima	BROWN SAMPLE COAT CLR \t\t\n3PC \t\t\n	2025-11-17 20:37:51.226764+00	2025-11-17 20:37:51.226764+00
761c6e77-768c-4268-a3c1-df3c2119c9bf	85c7ee8e-0856-4e38-8478-9651a4aefcae	other	ALL COMPLETE ORDER OF FAMILY \nRASHID SB \nHARIS \nTABARAK \nTOTAL PIECES 15	2025-11-17 20:37:51.226764+00	2025-11-17 20:37:51.226764+00
de61865e-4d19-4f9a-a1c7-19d4dc1fdfce	54b6e9e7-4e95-463f-992b-f334691b7a2a	other	MOBEEN ALL ORDER MANUAL	2025-11-17 21:17:32.102077+00	2025-11-17 21:17:32.102077+00
d3944c2c-a87d-44f3-af07-a4991cb3237c	54b6e9e7-4e95-463f-992b-f334691b7a2a	mehndi	HAMZA KHALIL MANUAL ONE PANT COAT WITH SHIRT	2025-11-17 21:17:32.102077+00	2025-11-17 21:17:32.102077+00
f582fdb7-ad80-4281-8077-29e941432dfa	54b6e9e7-4e95-463f-992b-f334691b7a2a	wallima	ASIM MEHMOOD	2025-11-17 21:17:32.102077+00	2025-11-17 21:17:32.102077+00
25a6ab17-df96-49df-ad87-f8021f1b043a	9307894a-b229-4bf1-8963-54bd58d547d2	mehndi	SHERAWALA VLEVET\t\t\t\nIN OLIVE GREEN COLOR WITH\t\t\t\nPLAIN SUIT AND SHOES\t\t\t\n\t\t\t	2025-11-18 12:01:58.72129+00	2025-11-18 12:01:58.72129+00
0186c902-5c64-446e-ad57-e0a2dd554876	9307894a-b229-4bf1-8963-54bd58d547d2	barat	BARAT ANTIQUE SHERWANI\t\t\nSAME AS IT IS WITH\t\t\nSUIT SHOES AND TURBAN \t\t\nTURBAN PENDING \t\t	2025-11-18 12:01:58.72129+00	2025-11-18 12:01:58.72129+00
\.


--
-- Data for Name: users; Type: TABLE DATA; Schema: public; Owner: postgres
--

COPY "public"."users" ("id", "email", "name", "role", "created_at", "updated_at") FROM stdin;
755c0f15-990a-4e0d-9a1d-03d5de1be7ed	ahsantariq.ar@gmail.com	AR Staff	staff	2025-09-25 01:41:16.891303+00	2025-12-02 19:16:26.585057+00
f2055315-e56b-4927-bf6d-af94107a5527	ahsantariq1991@gmail.com	Admin	admin	2025-12-02 19:48:33.436936+00	2025-12-02 19:49:01.414321+00
\.


--
-- Data for Name: payments; Type: TABLE DATA; Schema: public; Owner: postgres
--

COPY "public"."payments" ("id", "order_id", "customer_id", "amount", "payment_method", "payment_date", "transaction_reference", "notes", "created_at", "updated_at", "recorded_by") FROM stdin;
7e9b52d9-511d-4b6a-b184-a2ce9b28b17f	08bffa47-9ea5-44ee-8ea1-4cc71500503b	fa078972-be35-4a96-98a1-398f05f13276	100000.00	other	2025-11-25	\N	\N	2025-11-25 14:14:50.160985+00	2025-11-25 14:14:50.160985+00	\N
d6cdfa99-c683-4213-a19a-eb79d6c3e5d0	08bffa47-9ea5-44ee-8ea1-4cc71500503b	fa078972-be35-4a96-98a1-398f05f13276	90000.00	other	2025-11-25	\N	\N	2025-11-25 20:14:09.141438+00	2025-11-25 20:14:09.141438+00	\N
9fd3ae57-d5fc-4ade-8cfa-553e557bab7d	9752100d-0632-42f3-941c-f4d5b45b7ced	0f698fff-72e1-4c09-8456-fbf96a1650a5	45000.00	other	2025-12-03	\N	\N	2025-12-03 18:41:15.465331+00	2025-12-03 18:41:15.465331+00	\N
d03937ff-ebd4-4d05-90da-ffc5237001ff	00ee4988-2414-4b6a-8801-015896824c95	7c51e230-0a0d-4067-a8d7-25517da16653	50000.00	other	2025-12-03	\N	\N	2025-12-03 18:41:48.123754+00	2025-12-03 18:41:48.123754+00	\N
b57d5fe3-cb46-4cbe-a48e-8c3399f1c96d	54b6e9e7-4e95-463f-992b-f334691b7a2a	8d21ce19-0b96-4a14-874f-2216e6970bad	75000.00	other	2025-12-03	\N	\N	2025-12-03 18:43:58.375013+00	2025-12-03 18:43:58.375013+00	\N
c2b03abc-725c-442c-a858-38df7986bdb5	e92e8ea5-92ae-4f9d-9356-7eb6d79766b8	3259c031-5d4c-4b8f-b43c-9f637e8b3837	55000.00	other	2025-12-04	\N	\N	2025-12-04 13:40:43.671268+00	2025-12-04 13:40:43.671268+00	\N
4f1304a3-9ae2-4d56-9bfb-675b6f18e360	ba1b87ab-4c34-4966-9549-80784ed0bf00	2585665c-d342-42e2-8add-bb4d0397ce5e	100000.00	other	2025-12-04	\N	\N	2025-12-04 15:36:21.967416+00	2025-12-04 15:36:21.967416+00	\N
ce620e9c-e7c7-43a9-a461-d4938064c19c	3881c0a5-45b1-488f-ba48-68c277b43163	f924fe26-327c-46ec-8853-da8ef94269ba	20000.00	other	2025-12-04	\N	\N	2025-12-04 23:04:02.73735+00	2025-12-04 23:04:02.73735+00	\N
fdbb5d5d-4757-4bb6-82dd-d32aa0fa6945	43f8792f-1a4c-4cf4-b507-d08e96ce4171	7e2ea9c6-31c8-4986-b5c5-b78db831168a	150000.00	other	2025-12-08	\N	\N	2025-12-08 15:02:42.071122+00	2025-12-08 15:02:42.071122+00	\N
8c7d4073-4dd8-4e9c-942f-e2e96fcedd0c	c84447b4-d0ea-44e6-a182-934c700e0dbe	a49ce56f-9b98-411e-9896-68dbbb20f202	125000.00	other	2025-11-19	\N	\N	2025-11-19 21:13:40.7665+00	2025-11-19 21:13:40.7665+00	\N
90cf1a05-ea94-47b4-a2a4-3dbbf32afc7d	00ee4988-2414-4b6a-8801-015896824c95	7c51e230-0a0d-4067-a8d7-25517da16653	200000.00	other	2025-11-19	\N	\N	2025-11-19 21:14:06.342982+00	2025-11-19 21:14:06.342982+00	\N
3294b518-0c17-4249-8212-edcfa26bb2a7	b573e9bc-d314-4e0a-8e34-216bea63cdfd	3c346072-215d-4db3-8e5f-43edd6f378c9	75000.00	other	2025-11-20	\N	\N	2025-11-20 10:38:15.172139+00	2025-11-20 10:38:15.172139+00	\N
a5a0aa53-bd36-4836-b863-649456bc2fa4	50e84559-282c-4165-a575-c30fd1917962	d4cb76cd-9a34-484b-be96-4dce61fbdd5d	80000.00	other	2025-11-22	\N	\N	2025-11-22 20:58:59.327144+00	2025-11-22 20:58:59.327144+00	\N
24ee8c62-5a5c-48c1-8a85-887339a2c0c6	38e728dd-b176-444a-9180-976b32b3c318	1dddfc2f-d913-4909-bf79-f49ee20e3101	50000.00	other	2025-11-22	\N	\N	2025-11-22 21:02:32.213254+00	2025-11-22 21:02:32.213254+00	\N
5480113a-d8d0-4b1f-80d8-9bbaafa0a7b5	ac05b210-81a0-4aaa-b947-504fd48c0754	53f8721f-2809-4827-9ede-a40cfb97d7a5	32000.00	other	2025-11-25	\N	\N	2025-11-25 14:10:30.660151+00	2025-11-25 14:10:30.660151+00	\N
286aebc4-949e-470a-8efe-92ace6415591	38e728dd-b176-444a-9180-976b32b3c318	1dddfc2f-d913-4909-bf79-f49ee20e3101	32000.00	other	2025-11-25	\N	\N	2025-11-25 14:12:25.428931+00	2025-11-25 14:12:25.428931+00	\N
0a91c45e-6545-41a1-9af9-239f8d95a080	8d0519bf-7dcb-4240-a514-2a05cc8614ab	7588c28b-2933-4223-91ea-91ef6c07da06	100000.00	other	2025-11-25	\N	\N	2025-11-25 14:13:49.352692+00	2025-11-25 14:13:49.352692+00	\N
\.


--
-- Data for Name: vendor_ledger; Type: TABLE DATA; Schema: public; Owner: postgres
--

COPY "public"."vendor_ledger" ("id", "vendor_id", "general_ledger_id", "entry_date", "particulars", "debit", "credit", "balance", "notes", "created_at", "updated_at") FROM stdin;
0bcd9093-ce8f-4cc8-9c03-144ffdf9cbfd	9aa5c4d0-304f-410f-b686-c2f682a3d06e	a158341b-da70-4d38-a13e-279cb4b1341b	2025-12-02	Payment to ASSETS	5000000.00	\N	5000000.00	OLD ENTRIES JUSTIFIED	2025-12-02 22:52:55.092603+00	2025-12-02 22:52:55.092603+00
50464063-88e3-4425-b743-c5f1d75ebeee	ca601504-179b-4634-82e2-8dc07c4bf3ab	f9e6ec29-4cb5-4d4d-9a8b-ead733c45f13	2025-12-02	Payment to NADEEM	500000.00	\N	500000.00	OLD SETTLEMENT	2025-12-02 22:59:54.56926+00	2025-12-02 22:59:54.56926+00
c3163f79-4369-4bbd-82f0-69884d11bc34	34c23231-d445-4bd6-af12-fd622353defb	f0c9fb23-0443-4968-9aee-56b6a4848528	2025-12-03	Payment to JAFFAR	50000.00	\N	50000.00	\N	2025-12-03 17:52:04.825257+00	2025-12-03 17:52:04.825257+00
04ff51b3-1e3a-4240-bebe-8225d318cf38	ca601504-179b-4634-82e2-8dc07c4bf3ab	4754c8ff-c8f3-4f74-8605-e7ffda8e325d	2025-12-03	Payment to NADEEM	725840.00	\N	1225840.00	\N	2025-12-03 18:00:10.854296+00	2025-12-03 18:00:10.854296+00
d0d5cb0d-179c-4e4d-9a13-c1ae1bea47e0	37d55bdf-ee3e-40d4-98fe-8632f396c87d	d21470ca-66b2-4b5d-80b8-92ee4ae9f6bf	2025-12-03	Payment to ALI VENDOR	500000.00	\N	500000.00	\N	2025-12-03 18:49:15.558135+00	2025-12-03 18:49:15.558135+00
d2ef151e-e75b-4cf6-8000-b66220462d48	24c0a9f7-036e-46f0-8722-43ad18688410	b42288d3-6279-4310-8da3-dd04c80ca5ce	2025-12-03	Payment to PURCHASES	4000000.00	\N	0.00	\N	2025-12-03 18:52:38.892158+00	2025-12-03 18:52:38.892158+00
57fe4491-2a69-4679-ac6d-59426ab49e9f	239a1b8d-930a-4a82-88e3-f9a33b6f2389	f1002e5e-00b6-4049-a5a2-be31d906e130	2025-12-03	Payment to IDREES SUPERVISOR	800000.00	\N	0.00	\N	2025-12-03 18:52:55.451835+00	2025-12-03 18:52:55.451835+00
a22f2856-8be8-4270-9c34-81fe8e3cfb75	19610bbb-be04-49fb-a640-d6520d5b3eac	\N	2025-12-03	bill	\N	10.00	-10.00	\N	2025-12-03 21:18:15.106855+00	2025-12-03 21:18:15.106855+00
304f2ef8-d3fd-43d2-997e-8a11b359f632	ca601504-179b-4634-82e2-8dc07c4bf3ab	\N	2025-12-03	COAT	\N	87100.00	1138740.00	\N	2025-12-03 21:53:10.52732+00	2025-12-03 21:53:10.52732+00
36316dc1-b82d-4b27-bff7-21f41638c174	ca601504-179b-4634-82e2-8dc07c4bf3ab	\N	2025-12-03	COAT	\N	189000.00	949740.00	\N	2025-12-03 21:53:31.360906+00	2025-12-03 21:53:31.360906+00
6a17037a-b4a6-43de-9d3f-c2a79ac28810	ca601504-179b-4634-82e2-8dc07c4bf3ab	\N	2025-12-03	COAT	\N	322000.00	627740.00	\N	2025-12-03 21:53:48.441083+00	2025-12-03 21:53:48.441083+00
71435435-4ea8-4ac1-a141-30548b023af2	ca601504-179b-4634-82e2-8dc07c4bf3ab	\N	2025-12-03	COAT	\N	277000.00	350740.00	\N	2025-12-03 21:54:05.489344+00	2025-12-03 21:54:05.489344+00
b5367804-0143-4ebf-a969-2f44b826dd84	ca601504-179b-4634-82e2-8dc07c4bf3ab	\N	2025-12-03	COAT	\N	190000.00	160740.00	BILL NUMBER 5	2025-12-03 21:54:34.703938+00	2025-12-03 21:54:34.703938+00
d520813b-3f7f-4f01-bbaa-17d28be7a685	ca601504-179b-4634-82e2-8dc07c4bf3ab	\N	2025-12-03	COAT	\N	110740.00	50000.00	BILL NUNBER 6	2025-12-03 21:55:13.312724+00	2025-12-03 21:55:13.312724+00
6ba369fa-98e3-4d5e-bfce-c7832631993e	24c0a9f7-036e-46f0-8722-43ad18688410	\N	2025-12-03	TR	\N	950000.00	-950000.00	SAMMAR SUITING	2025-12-03 22:00:15.714408+00	2025-12-03 22:00:15.714408+00
b03aed09-8427-4d98-8d84-9770cfbe3a8d	24c0a9f7-036e-46f0-8722-43ad18688410	\N	2025-12-03	ITALIAN FABRIC	\N	1100000.00	-2050000.00	MUHAJIR SUITING	2025-12-03 22:01:07.956521+00	2025-12-03 22:01:07.956521+00
019d258b-7b31-4b6a-9d32-005c7aa4898e	24c0a9f7-036e-46f0-8722-43ad18688410	\N	2025-12-03	FABRIC TR	\N	1200000.00	-3250000.00	ABDULLAH SUITING	2025-12-03 22:02:54.472817+00	2025-12-03 22:02:54.472817+00
ccca1b6a-974b-45ea-a305-65def5e3db7c	24c0a9f7-036e-46f0-8722-43ad18688410	\N	2025-12-03	COAT COVERS	\N	200000.00	-3450000.00	\N	2025-12-03 22:03:18.929602+00	2025-12-03 22:03:18.929602+00
02f01b5f-1edd-45f1-afd7-fbd904dc20a6	24c0a9f7-036e-46f0-8722-43ad18688410	\N	2025-12-03	BUTTONS AND MATERIALS	\N	350000.00	-3800000.00	BUTTON CORNER	2025-12-03 22:04:07.302814+00	2025-12-03 22:04:07.302814+00
25824cf6-68ad-4fd2-840a-c6897586b680	24c0a9f7-036e-46f0-8722-43ad18688410	\N	2025-12-03	TR	\N	200000.00	-4000000.00	LANDA	2025-12-03 22:05:33.054231+00	2025-12-03 22:05:33.054231+00
fce0ddd5-fd36-4296-8933-a6b2520b4524	239a1b8d-930a-4a82-88e3-f9a33b6f2389	\N	2025-12-03	SEP TO NOV BILLS	\N	725000.00	-725000.00	ADDA WORK	2025-12-03 22:06:36.706392+00	2025-12-03 22:06:36.706392+00
f8201473-eaa8-4fe7-ab0e-7f95b2637565	37d55bdf-ee3e-40d4-98fe-8632f396c87d	\N	2025-12-04	RASILK FUSING	\N	754369.00	-254369.00	ADJUSTED WITHE NEW BALANCE	2025-12-04 13:54:05.15266+00	2025-12-04 13:54:05.15266+00
d03f4d5f-c601-46fc-8255-191eccbf8549	19610bbb-be04-49fb-a640-d6520d5b3eac	\N	2025-12-04	SHALWAQ QAMEEZ	\N	10040.00	-10050.00	\N	2025-12-04 14:19:06.279493+00	2025-12-04 14:19:06.279493+00
fc9a6943-a58c-460f-9e6b-fd2c029e1e4c	239a1b8d-930a-4a82-88e3-f9a33b6f2389	1cdf6980-c74e-41f7-972c-0902dc0b14d7	2025-12-04	Payment to IDREES SUPERVISOR	60000.00	\N	-665000.00	\N	2025-12-04 14:27:53.656747+00	2025-12-04 14:27:53.656747+00
5455e53b-eb20-4c30-afb2-c8bfad3c50a9	239a1b8d-930a-4a82-88e3-f9a33b6f2389	\N	2025-12-04	ADDA WORK	\N	106800.00	-771800.00	\N	2025-12-04 14:30:05.949058+00	2025-12-04 14:30:05.949058+00
a5c1601e-a0e2-4d8d-904c-a6c7b8971b47	2f62665d-f8d3-4168-a12e-cc24688535dd	c43f3fd3-7073-4624-a0c0-7391cb9a6618	2025-12-04	Payment to MOLVI NAZEER	21000.00	\N	21000.00	\N	2025-12-04 14:39:48.079842+00	2025-12-04 14:39:48.079842+00
9656fe20-7823-4078-8118-3056b1bf9828	2f62665d-f8d3-4168-a12e-cc24688535dd	\N	2025-12-04	MACHINE EMB	\N	21000.00	0.00	\N	2025-12-04 14:40:10.742865+00	2025-12-04 14:40:10.742865+00
ab4eb105-695f-4809-b03b-f9a1d8ae229d	24c0a9f7-036e-46f0-8722-43ad18688410	a4b6ef97-161e-4ead-95ba-688bb9ef8e09	2025-12-04	Payment to PURCHASES	3500.00	\N	0.00	MASTER ASAD	2025-12-04 14:40:52.783886+00	2025-12-04 14:40:52.783886+00
31d949e7-f03b-4bca-9c2e-75120d11c8d7	dd7f0405-a31e-4c89-9386-a28dc7084b8d	650dfb6a-5555-4de5-8cd5-ba5bb3505dad	2025-12-04	Payment to PETROL	2000.00	\N	2000.00	GENERATOR PETROL	2025-12-04 14:41:38.048184+00	2025-12-04 14:41:38.048184+00
0542f113-0162-4182-96fc-cf51269fcc29	39e61659-5ccd-4675-90ff-2c9ccc423e56	f6f38f45-7756-4844-9b72-81c07e8f14f4	2025-12-04	Payment to SHOES	17000.00	\N	17000.00	10 SHOES	2025-12-04 14:42:42.67679+00	2025-12-04 14:42:42.67679+00
0673ceac-8692-4e77-813b-79950b6b7116	39e61659-5ccd-4675-90ff-2c9ccc423e56	\N	2025-12-04	17 SHOES	\N	17000.00	0.00	\N	2025-12-04 14:43:05.893639+00	2025-12-04 14:43:05.893639+00
64071cdc-7441-4ed0-a4f8-a954140bedac	19610bbb-be04-49fb-a640-d6520d5b3eac	844d8b78-1dee-429d-9857-efd43ea594ad	2025-12-04	Payment to AJMAL UNCLE	7500.00	\N	-2550.00	\N	2025-12-04 14:43:58.725036+00	2025-12-04 14:43:58.725036+00
baea3e6b-5a08-4d4e-973c-397d361a77ab	dd7f0405-a31e-4c89-9386-a28dc7084b8d	03fbfab4-c1e2-4a6e-abe9-caf380a303ec	2025-12-04	Payment to PETROL	750.00	\N	2750.00	BIKE PETROL	2025-12-04 14:51:16.16186+00	2025-12-04 14:51:16.16186+00
8990af70-7719-4b68-b074-227d81c632df	24c0a9f7-036e-46f0-8722-43ad18688410	7111bcb7-86fe-467d-8805-ffb249d11073	2025-12-04	Payment to PURCHASES	710.00	\N	710.00	THREADS PAPER TAPE AND BROCH	2025-12-04 14:51:59.813807+00	2025-12-04 14:51:59.813807+00
aab428ae-395a-48e6-866d-1f28f4987e69	24c0a9f7-036e-46f0-8722-43ad18688410	36c34d9d-a7b4-4836-9a86-4e4d5baef3eb	2025-12-04	Payment to PURCHASES	19200.00	\N	19910.00	COOVERS TIE VELVET TR	2025-12-04 14:52:56.854803+00	2025-12-04 14:52:56.854803+00
5097f72e-d4da-4b34-af01-5216a7d5f504	ff897faf-04ad-404d-9906-5c12c68ec1af	5314917e-b0ff-48b0-a9ec-a54c9a6c72ce	2025-12-04	Payment to FOOD	680.00	\N	680.00	STAFF FOOD	2025-12-04 14:53:20.681+00	2025-12-04 14:53:20.681+00
2b9a9967-6ce9-428a-a89c-fb2fdd9a6773	19610bbb-be04-49fb-a640-d6520d5b3eac	01c89d11-1aae-422e-a736-6221572f193d	2025-12-04	Payment to AJMAL UNCLE	2550.00	\N	0.00	\N	2025-12-04 14:53:37.84998+00	2025-12-04 14:53:37.84998+00
6d7bd3f3-143d-49bf-86c2-722ec9277a1e	578d875b-28e6-4d89-8700-5512e91e4032	\N	2025-12-04	COAT	\N	30000.00	-30000.00	LAST BILL JUSTIFIEDD	2025-12-04 14:55:12.784586+00	2025-12-04 14:55:12.784586+00
b1b65613-4747-4985-8022-b3c7d9dd9b72	578d875b-28e6-4d89-8700-5512e91e4032	027d3413-108e-413f-9234-6f7314c535e7	2025-12-04	Payment to MASTER AMJAD	2990.00	\N	-27010.00	FUSINGB BILL	2025-12-04 14:55:52.943494+00	2025-12-04 14:55:52.943494+00
b93001bb-c728-46f2-b5fa-a37d6a32da4d	fd678af2-a4c4-4370-8c3a-6864a4bd6da9	\N	2025-12-04	EMBROIDED FABRIC	\N	76900.00	-76900.00	1742	2025-12-04 14:57:58.197461+00	2025-12-04 14:57:58.197461+00
03597719-dad6-46ba-a849-a4dc03a8eb0e	2f76be41-30b3-48d1-8fea-e6f983741e3e	957bfd28-d4e4-4dd2-b460-9b4a7e8aa096	2025-12-04	Payment to SHAHID	17000.00	\N	17000.00	15000 TO BE DIVIDE IN 3 MONTHS	2025-12-04 15:00:10.499231+00	2025-12-04 15:00:10.499231+00
14b95cb4-513c-4d6a-8509-8a104fab7874	34c23231-d445-4bd6-af12-fd622353defb	\N	2025-12-04	ADDA	\N	38000.00	12000.00	LAST BALANCE JUSTIFIED	2025-12-04 15:01:06.690006+00	2025-12-04 15:01:06.690006+00
4283355d-f9f1-4d59-8eed-eea04dc9bb5a	a637d0da-3eb5-4211-9797-c752d133ab53	4d3f3076-5389-40a6-b571-a8eaa8131b40	2025-12-04	Payment to UMAIR	25000.00	\N	25000.00	NOVEMBER ADVANCE	2025-12-04 15:02:38.864231+00	2025-12-04 15:02:38.864231+00
5eed61aa-59d3-4a2f-983f-74a58de8d2d7	c8a5b3e2-a46f-4e37-85f5-287643c7c7a8	4d325af8-ffce-4aae-96b1-6836c0db6c97	2025-12-04	Payment to ZAIN SHAH	5000.00	\N	5000.00	ADVANCE IN NOVEMBER	2025-12-04 15:03:24.556605+00	2025-12-04 15:03:24.556605+00
bcc03855-6be3-4b94-95db-a0dfd447935a	58c8eb5e-f219-417a-be83-56c5057cc0bc	8085fd49-2c6d-4b2a-a18a-80445f714440	2025-12-04	Payment to SHEHZAD	5000.00	\N	5000.00	NOVEMBER ADVANCE	2025-12-04 15:04:53.21861+00	2025-12-04 15:04:53.21861+00
00d9ed0b-5c06-4d73-b499-f204662369b7	4dd138a9-bf97-4443-b728-acaa107ecc23	e5dea2cf-7fc9-42c4-9973-6a616afb72da	2025-12-04	Payment to GHAZANFAR	8000.00	\N	8000.00	NOVEMBER ADVANCE	2025-12-04 15:06:00.401717+00	2025-12-04 15:06:00.401717+00
df01cdcd-22ea-4e47-8fd5-4e2426c36648	b9b80a62-d24a-4149-82c5-519544ffb09e	\N	2025-12-04	SUNNY BHAI LOAN	\N	800000.00	-800000.00	\N	2025-12-04 15:09:49.49727+00	2025-12-04 15:09:49.49727+00
ff8f6c08-bd6e-491d-8e15-f2c2e481526f	b9b80a62-d24a-4149-82c5-519544ffb09e	\N	2025-12-04	PAPA LOAN RETURN	\N	170000.00	-970000.00	\N	2025-12-04 15:12:07.210001+00	2025-12-04 15:12:07.210001+00
1b940973-7eb5-4e36-82c2-388071d4c7e0	65e301bb-2ca9-431f-bc77-c0e81fe1983b	\N	2025-12-04	WAQAR AHMED BUTT	\N	450000.00	-450000.00	NUMAN IJAZ SHOOT REMAING	2025-12-04 15:13:28.695339+00	2025-12-04 15:13:28.695339+00
15f080c1-5e9e-4e93-be28-a6595d9aaaf6	da648d83-8ef9-4546-b401-a627b062a99b	bfeab729-3452-47d9-a39d-ff9660a61383	2025-12-04	Payment to OWNER WITHDRAWL	3000.00	\N	3000.00	AIWE	2025-12-04 15:21:12.767163+00	2025-12-04 15:21:12.767163+00
d825a1a7-26f5-4b1c-a7d5-c5b95da8c1bb	37d55bdf-ee3e-40d4-98fe-8632f396c87d	e0650107-71fa-461e-bcf8-a9c4edd89d27	2025-12-04	Payment to ALI VENDOR	50000.00	\N	-204369.00	\N	2025-12-04 15:38:18.822508+00	2025-12-04 15:38:18.822508+00
bf611758-e431-4330-a7cb-08db72db848a	ca601504-179b-4634-82e2-8dc07c4bf3ab	\N	2025-12-04	COAT	\N	173500.00	-123500.00	\N	2025-12-04 18:21:01.792985+00	2025-12-04 18:21:01.792985+00
6cc78292-bdea-4c1f-bc43-b470e5a4ec61	34c23231-d445-4bd6-af12-fd622353defb	5c21e219-a76f-48b8-8235-94d232fc40ea	2025-12-04	Payment to JAFFAR	9000.00	\N	21000.00	\N	2025-12-04 18:21:36.634477+00	2025-12-04 18:21:36.634477+00
b19dd9b8-9c22-4088-a95d-2e9001051327	578d875b-28e6-4d89-8700-5512e91e4032	d9a74a6d-0d52-41f8-a166-a681c4458f64	2025-12-04	Payment to MASTER AMJAD	5000.00	\N	-22010.00	\N	2025-12-04 18:22:41.043708+00	2025-12-04 18:22:41.043708+00
56220910-a39d-4637-b339-487a55bd7705	ca601504-179b-4634-82e2-8dc07c4bf3ab	8f701d82-45b1-4775-b764-2983465f2690	2025-12-04	Payment to NADEEM	118000.00	\N	-5500.00	\N	2025-12-04 18:27:07.775049+00	2025-12-04 18:27:07.775049+00
60e8b375-e5f3-4e2c-a1b8-6bb256845c09	ca601504-179b-4634-82e2-8dc07c4bf3ab	7f34a4a2-ad7a-410f-a864-723b594b7af7	2025-12-04	Payment to NADEEM	5000.00	\N	-500.00	\N	2025-12-04 23:04:36.228957+00	2025-12-04 23:04:36.228957+00
9e2ae9e9-2ace-4be9-a0e1-6cf7af4e6ab4	4e1b25c1-4567-4f34-b583-c0c796a2501c	2a5d0da2-4126-4dda-9808-f909002cf473	2025-12-04	Payment to MASTER NASIR	15000.00	\N	15000.00	\N	2025-12-04 23:04:57.941391+00	2025-12-04 23:04:57.941391+00
df1ddf25-5479-448a-bfac-9067ad92dbe4	b9b80a62-d24a-4149-82c5-519544ffb09e	456d1e64-f141-4ccb-be88-47fab2255169	2025-12-06	Payment to LOAN REPAYMENT	470000.00	\N	-500000.00	\N	2025-12-06 13:26:29.445326+00	2025-12-06 13:26:29.445326+00
a07b3fc6-02e2-4c6d-ba14-c8e7b0092fc7	24c0a9f7-036e-46f0-8722-43ad18688410	66bb7600-95d7-4e12-be63-f3a32d833680	2025-12-06	Payment to PURCHASES	15000.00	\N	34910.00	BURHAN ZAIN WALA TO NADEEM	2025-12-06 13:27:37.248247+00	2025-12-06 13:27:37.248247+00
024e1023-0e32-4228-aeb4-dfd384574040	da648d83-8ef9-4546-b401-a627b062a99b	0833741c-54b5-41cf-8e0f-3c895ddc2d9e	2025-12-06	Payment to OWNER WITHDRAWL	301000.00	\N	304000.00	\N	2025-12-06 13:27:58.18961+00	2025-12-06 13:27:58.18961+00
6327c447-18e2-4822-b427-c08224c4e417	dd7f0405-a31e-4c89-9386-a28dc7084b8d	5d7cf164-5ca9-4c63-8101-c2167a648b78	2025-12-06	Payment to PETROL	2000.00	\N	4750.00	\N	2025-12-06 14:18:59.920757+00	2025-12-06 14:18:59.920757+00
1166c4d1-d291-4cf8-8afd-cf49b9f38ac3	ff897faf-04ad-404d-9906-5c12c68ec1af	4d7da22c-0cbd-4bf7-9339-8fd7a523114b	2025-12-06	Payment to FOOD	1500.00	\N	2180.00	LABOUR FOOD	2025-12-06 14:19:26.0096+00	2025-12-06 14:19:26.0096+00
9ecb07ce-1978-47f3-9dc2-3277b0ab77e7	dd7f0405-a31e-4c89-9386-a28dc7084b8d	76fdf47d-b048-4c95-893b-14067910e57b	2025-12-06	Payment to PETROL	1300.00	\N	6050.00	BIKE PETROL	2025-12-06 14:20:01.563011+00	2025-12-06 14:20:01.563011+00
cd02ec82-dc09-4169-944a-3dd6b528891f	ff897faf-04ad-404d-9906-5c12c68ec1af	fec7cdc6-3825-404a-92f1-3890ed9a31af	2025-12-06	Payment to FOOD	5000.00	\N	7180.00	BREAKFAST AND ROTI	2025-12-06 14:20:50.761634+00	2025-12-06 14:20:50.761634+00
ccae3721-414f-4f66-875e-ad1d99f73eb9	24c0a9f7-036e-46f0-8722-43ad18688410	f915ea54-a821-4642-9e5d-5c3a5cb7a9ad	2025-12-06	Payment to PURCHASES	500.00	\N	35410.00	RESHAM FOR MOLVI	2025-12-06 14:21:47.443929+00	2025-12-06 14:21:47.443929+00
bd20eddf-a05a-4d33-92dc-3c3d8e0cc5bb	da648d83-8ef9-4546-b401-a627b062a99b	2d546142-9d4f-46e9-9a71-16f2f7e08847	2025-12-06	Payment to OWNER WITHDRAWL	1900.00	\N	305900.00	\N	2025-12-06 14:22:10.128232+00	2025-12-06 14:22:10.128232+00
47fb607a-0d5f-45c5-a4c7-baab2bbeeff6	34c23231-d445-4bd6-af12-fd622353defb	\N	2025-12-07	coat	\N	26000.00	-5000.00	\N	2025-12-07 15:13:58.773047+00	2025-12-07 15:13:58.773047+00
16e887bb-af0a-4a63-8497-db16a52334e8	65e301bb-2ca9-431f-bc77-c0e81fe1983b	17015c94-faf6-4a4b-bdc4-6090a08b04ad	2025-12-08	Payment to MARKETING	2000.00	\N	-448000.00	\N	2025-12-08 15:03:31.699678+00	2025-12-08 15:03:31.699678+00
3b495638-f615-40ef-b22f-c4733188f91e	34c23231-d445-4bd6-af12-fd622353defb	69d7db3c-e209-4396-99bf-e2250ea7274a	2025-12-08	Payment to JAFFAR	10000.00	\N	5000.00	\N	2025-12-08 15:03:51.000949+00	2025-12-08 15:03:51.000949+00
664e5f2d-fea1-4aaf-adae-cec7f1c17ac2	da648d83-8ef9-4546-b401-a627b062a99b	eaf40bcb-ca95-4c2d-9ce7-29e6acc55832	2025-12-08	Payment to OWNER WITHDRAWL	1730.00	\N	307630.00	\N	2025-12-08 15:05:15.495363+00	2025-12-08 15:05:15.495363+00
4ab6ecdb-a64b-474e-a80a-d6d2b52c34a2	dd7f0405-a31e-4c89-9386-a28dc7084b8d	766b9897-554f-40af-8bbc-6ef4e79cfea0	2025-12-08	Payment to PETROL	2300.00	\N	8350.00	2000 GENRATIR 300 ALI BIKE	2025-12-08 15:05:52.92182+00	2025-12-08 15:05:52.92182+00
0a39d5a6-5772-4631-b9f4-8ddfbab6bcac	578d875b-28e6-4d89-8700-5512e91e4032	7f382d08-550f-4eb0-a18b-3160d37b610c	2025-12-08	Payment to MASTER AMJAD	3000.00	\N	-19010.00	\N	2025-12-08 15:06:25.205349+00	2025-12-08 15:06:25.205349+00
fc83a94b-7e84-48c7-8743-96823eca99ca	239a1b8d-930a-4a82-88e3-f9a33b6f2389	a4755a1d-aa49-4c35-844e-3db365cc6f6a	2025-12-08	Payment to IDREES SUPERVISOR	800.00	\N	-771000.00	\N	2025-12-08 15:06:53.875601+00	2025-12-08 15:06:53.875601+00
516778c5-5bb2-4647-90d4-d03d5227f2c9	24c0a9f7-036e-46f0-8722-43ad18688410	c781cf1b-7788-4b41-905e-a52ac1fafd66	2025-12-08	Payment to PURCHASES	2900.00	\N	38310.00	\N	2025-12-08 15:07:22.227207+00	2025-12-08 15:07:22.227207+00
12710ef0-94aa-4548-a09e-cf5a9029aa48	da648d83-8ef9-4546-b401-a627b062a99b	620d153c-6322-40ef-9217-700732efe9c7	2025-12-08	Payment to OWNER WITHDRAWL	5000.00	\N	312630.00	\N	2025-12-08 15:21:58.195772+00	2025-12-08 15:21:58.195772+00
557daa46-8e72-446e-8496-94911482d43f	95f06160-1d36-419b-a272-6f302c7210fa	e0d8c0fb-e57a-4710-846f-3124dbb885f2	2025-12-08	Payment to IKRA STUDIO	35000.00	\N	35000.00	\N	2025-12-08 15:51:36.613508+00	2025-12-08 15:51:36.613508+00
8ac6452e-0911-4f93-b1f4-c53620673e31	aa489f4f-b5fd-4a76-8e59-e01936420c8b	dd2fb6bc-a7ff-4509-be87-c2e6e5ecca9e	2025-12-08	Payment to SALMA	28000.00	\N	28000.00	\N	2025-12-08 15:51:56.420605+00	2025-12-08 15:51:56.420605+00
61114893-3b28-4602-8543-d64340b44f3b	a637d0da-3eb5-4211-9797-c752d133ab53	ac56f0ee-7eff-4abc-9276-8e77b28aaa7e	2025-12-08	Payment to UMAIR	25000.00	\N	50000.00	\N	2025-12-08 15:52:14.640442+00	2025-12-08 15:52:14.640442+00
508d0c33-f4ae-428d-8ce7-0d52695c2c62	da648d83-8ef9-4546-b401-a627b062a99b	1949f46c-a69e-43d7-8695-601330d240c9	2025-12-08	Payment to OWNER WITHDRAWL	3000.00	\N	315630.00	\N	2025-12-08 15:52:46.510381+00	2025-12-08 15:52:46.510381+00
b045b362-23aa-4ebb-a9c8-2beb3eb0c6a4	09681829-52ca-4ba8-ba58-f3f33c02134e	12a057a1-3361-406e-8245-77ed45589cf1	2025-12-08	Payment to ANS	30000.00	\N	30000.00	\N	2025-12-08 15:53:06.014287+00	2025-12-08 15:53:06.014287+00
3dd0b00a-e280-4857-a033-27a347dbb619	239a1b8d-930a-4a82-88e3-f9a33b6f2389	71e9b721-2952-46f3-af93-09cab4e889b2	2025-12-08	Payment to IDREES SUPERVISOR	10000.00	\N	-761000.00	\N	2025-12-08 15:53:57.23228+00	2025-12-08 15:53:57.23228+00
51f05ffc-6cb5-4b31-8a46-31450949eb67	95f06160-1d36-419b-a272-6f302c7210fa	\N	2025-12-08	NOVEMBER PAY	\N	35000.00	0.00	\N	2025-12-08 21:07:53.498151+00	2025-12-08 21:07:53.498151+00
744e5d61-ce73-43e4-9f4b-978ad88576e4	aa489f4f-b5fd-4a76-8e59-e01936420c8b	\N	2025-12-08	NOVEMBER PAY	\N	28000.00	0.00	\N	2025-12-08 21:08:20.693804+00	2025-12-08 21:08:20.693804+00
0ecc92cb-554d-40f0-adb3-6369e0ea6512	a637d0da-3eb5-4211-9797-c752d133ab53	\N	2025-12-08	NOVEMBER PAY	\N	50000.00	0.00	\N	2025-12-08 21:08:50.249483+00	2025-12-08 21:08:50.249483+00
09189a36-d495-4f1e-97b0-95dc6f22115c	09681829-52ca-4ba8-ba58-f3f33c02134e	\N	2025-12-08	NOVEMBER PAY	\N	30000.00	0.00	\N	2025-12-08 21:09:13.574323+00	2025-12-08 21:09:13.574323+00
ad082cf2-77c6-4027-9df4-e143cfe43079	4dd138a9-bf97-4443-b728-acaa107ecc23	\N	2025-12-08	NOVEMBER PAY	\N	32000.00	-24000.00	\N	2025-12-08 21:10:30.943321+00	2025-12-08 21:10:30.943321+00
85b66fba-10d1-4bfe-9edb-cd277e6dca77	2f76be41-30b3-48d1-8fea-e6f983741e3e	\N	2025-12-08	NOVEMBER PAY	\N	35000.00	-18000.00	\N	2025-12-08 21:11:17.165499+00	2025-12-08 21:11:17.165499+00
\.


--
-- Data for Name: buckets; Type: TABLE DATA; Schema: storage; Owner: supabase_storage_admin
--

COPY "storage"."buckets" ("id", "name", "owner", "created_at", "updated_at", "public", "avif_autodetection", "file_size_limit", "allowed_mime_types", "owner_id", "type") FROM stdin;
\.


--
-- Data for Name: buckets_analytics; Type: TABLE DATA; Schema: storage; Owner: supabase_storage_admin
--

COPY "storage"."buckets_analytics" ("name", "type", "format", "created_at", "updated_at", "id", "deleted_at") FROM stdin;
\.


--
-- Data for Name: buckets_vectors; Type: TABLE DATA; Schema: storage; Owner: supabase_storage_admin
--

COPY "storage"."buckets_vectors" ("id", "type", "created_at", "updated_at") FROM stdin;
\.


--
-- Data for Name: objects; Type: TABLE DATA; Schema: storage; Owner: supabase_storage_admin
--

COPY "storage"."objects" ("id", "bucket_id", "name", "owner", "created_at", "updated_at", "last_accessed_at", "metadata", "version", "owner_id", "user_metadata", "level") FROM stdin;
\.


--
-- Data for Name: prefixes; Type: TABLE DATA; Schema: storage; Owner: supabase_storage_admin
--

COPY "storage"."prefixes" ("bucket_id", "name", "created_at", "updated_at") FROM stdin;
\.


--
-- Data for Name: s3_multipart_uploads; Type: TABLE DATA; Schema: storage; Owner: supabase_storage_admin
--

COPY "storage"."s3_multipart_uploads" ("id", "in_progress_size", "upload_signature", "bucket_id", "key", "version", "owner_id", "created_at", "user_metadata") FROM stdin;
\.


--
-- Data for Name: s3_multipart_uploads_parts; Type: TABLE DATA; Schema: storage; Owner: supabase_storage_admin
--

COPY "storage"."s3_multipart_uploads_parts" ("id", "upload_id", "size", "part_number", "bucket_id", "key", "etag", "owner_id", "version", "created_at") FROM stdin;
\.


--
-- Data for Name: vector_indexes; Type: TABLE DATA; Schema: storage; Owner: supabase_storage_admin
--

COPY "storage"."vector_indexes" ("id", "name", "bucket_id", "data_type", "dimension", "distance_metric", "metadata_configuration", "created_at", "updated_at") FROM stdin;
\.


--
-- Name: refresh_tokens_id_seq; Type: SEQUENCE SET; Schema: auth; Owner: supabase_auth_admin
--

SELECT pg_catalog.setval('"auth"."refresh_tokens_id_seq"', 381, true);


--
-- PostgreSQL database dump complete
--

-- \unrestrict 0M7blJWcrRPuBpQaXHJWJSnrsqMtOGRfbIRx93BLiDerieKw3cfbqjPl05I8LdE

RESET ALL;
